#,Name,Team,G,PA,HR,R,RBI,SB,BB%,K%,ISO,BABIP,AVG,OBP,SLG,wOBA,wRC+,BsR,Off,Def,WAR,Position
1,Aaron Judge,NYY,141,635,43,110,104,9,17.70%,24.50%,0.303,0.325,0.285,0.417,0.588,0.415,172,-1.7,51.8,-7.1,6.8,
2,Bobby Witt Jr.,KCR,140,634,26,97,86,31,7.40%,16.70%,0.219,0.316,0.291,0.349,0.51,0.364,132,3.3,27.5,13,6.4,
3,Gunnar Henderson,BAL,141,626,26,88,87,21,10.60%,20.20%,0.213,0.31,0.274,0.356,0.487,0.361,135,2.3,28,5.4,5.6,
4,Julio Rodríguez,SEA,139,618,30,84,91,23,7.20%,21.70%,0.215,0.31,0.275,0.334,0.49,0.351,133,1.6,25.6,7.6,5.6,
5,Cal Raleigh,SEA,138,615,38,88,91,8,12.40%,26.70%,0.256,0.254,0.23,0.331,0.486,0.345,129,-1.9,19,4.9,5.6,
6,Juan Soto,NYM,140,626,35,101,94,20,18.90%,17.80%,0.26,0.285,0.274,0.413,0.533,0.403,165,-0.6,47.5,-14,5.6,
7,Shohei Ohtani,LAD,142,658,43,119,98,22,13.90%,24.40%,0.3,0.308,0.275,0.38,0.575,0.397,158,1,46,-16.6,5.2,
8,Fernando Tatis Jr.,SDP,134,618,30,97,78,24,10.90%,19.30%,0.227,0.3,0.275,0.36,0.502,0.368,142,2.2,32.7,-3.7,5.1,
9,Francisco Lindor,NYM,139,644,26,94,73,23,9.00%,18.30%,0.193,0.283,0.259,0.336,0.452,0.341,123,0.8,18.2,8.1,4.9,
10,Ronald Acuña Jr.,ATL,143,635,29,94,91,21,13.40%,20.10%,0.217,0.323,0.285,0.387,0.502,0.382,147,2,37.3,-11,4.8,
11,Vladimir Guerrero Jr.,TOR,143,637,32,94,99,5,11.60%,13.60%,0.233,0.304,0.299,0.385,0.532,0.389,153,-1.4,38.4,-13.4,4.8,
12,Yordan Alvarez,HOU,124,558,30,91,85,4,12.70%,17.00%,0.258,0.316,0.299,0.396,0.557,0.401,161,-1.7,38.6,-11.9,4.7,
13,Elly De La Cruz,CIN,140,617,23,83,82,38,10.20%,25.00%,0.202,0.323,0.263,0.342,0.465,0.345,117,4.2,16.6,8,4.6,
14,Corbin Carroll,ARI,137,611,27,91,86,33,10.80%,20.60%,0.238,0.292,0.261,0.349,0.499,0.362,132,5,28.4,-4.1,4.6,
15,Ketel Marte,ARI,133,601,26,90,79,6,10.90%,16.30%,0.215,0.299,0.28,0.365,0.494,0.367,136,-0.7,25.1,-1.3,4.5,
16,Mookie Betts,LAD,125,566,21,84,71,8,10.80%,11.80%,0.193,0.278,0.273,0.355,0.466,0.354,129,-0.6,18.7,4.5,4.3,
17,José Ramírez,CLE,136,604,27,82,87,30,9.70%,12.00%,0.214,0.274,0.275,0.348,0.489,0.35,127,1.9,21.3,-0.1,4.3,
18,William Contreras,MIL,132,586,20,75,75,6,11.80%,18.80%,0.175,0.306,0.269,0.359,0.444,0.348,125,-1.3,16.1,5.4,4.2,
19,Junior Caminero,TBR,120,519,34,73,92,5,6.80%,18.80%,0.261,0.283,0.278,0.33,0.539,0.368,137,-0.5,22.2,1,4.2,
20,Alejandro Kirk,TOR,107,446,14,54,56,1,10.30%,12.30%,0.158,0.288,0.276,0.354,0.434,0.343,122,-2.3,9,6.4,4.2,
21,Jackson Merrill,SDP,133,579,22,75,76,7,6.70%,19.20%,0.197,0.301,0.269,0.321,0.466,0.337,120,0.9,14.8,5.8,4.1,
22,Geraldo Perdomo,ARI,126,562,12,77,55,19,12.10%,13.10%,0.142,0.295,0.27,0.365,0.412,0.343,119,0.9,13.7,5.8,3.9,
23,Corey Seager,TEX,114,508,25,71,74,2,10.80%,18.20%,0.222,0.294,0.275,0.358,0.497,0.362,135,-1.7,19.3,1.3,3.9,
24,Alex Bregman,,143,636,23,82,79,3,10.50%,13.80%,0.179,0.273,0.261,0.346,0.441,0.342,120,-1.7,13.1,1.8,3.7,
25,Zach Neto,LAA,133,599,26,83,69,27,6.90%,23.90%,0.204,0.294,0.252,0.32,0.456,0.333,113,1.8,10.7,4.9,3.7,
26,Masyn Winn,STL,145,621,15,71,68,12,7.20%,17.10%,0.143,0.294,0.261,0.319,0.404,0.315,104,1.1,3.8,11.6,3.7,
27,Kyle Tucker,,125,560,24,83,74,18,13.60%,15.20%,0.215,0.278,0.268,0.371,0.483,0.366,136,1,25,-8.1,3.7,
28,Trea Turner,PHI,124,565,17,76,63,24,6.50%,18.10%,0.161,0.319,0.28,0.332,0.441,0.334,113,3.4,12,4.6,3.6,
29,Bo Bichette,,131,587,17,75,70,6,6.40%,16.00%,0.162,0.325,0.293,0.341,0.455,0.344,121,-0.2,14.2,1,3.6,
30,Maikel Garcia,KCR,138,620,13,80,61,26,8.50%,14.60%,0.139,0.307,0.275,0.338,0.413,0.328,108,2.1,7.7,5.5,3.5,
31,Nico Hoerner,CHC,142,619,9,74,59,25,6.50%,9.60%,0.106,0.303,0.284,0.339,0.391,0.321,107,2.3,7.4,6.4,3.5,
32,Jeremy Peña,HOU,133,600,18,79,64,16,5.90%,17.60%,0.156,0.306,0.272,0.326,0.429,0.327,110,1.2,8.4,5,3.5,
33,Bryce Harper,PHI,135,598,27,81,86,9,12.50%,21.50%,0.222,0.312,0.273,0.368,0.494,0.368,136,-0.2,25.2,-11.3,3.5,
34,Adley Rutschman,BAL,127,537,17,64,61,1,11.40%,15.60%,0.165,0.276,0.255,0.342,0.42,0.333,115,-1.3,8.4,4.8,3.4,
35,Pete Crow-Armstrong,CHC,119,480,20,59,64,26,5.50%,23.50%,0.2,0.292,0.251,0.301,0.451,0.322,108,2.4,6.9,10.5,3.4,
36,Gabriel Moreno,ARI,96,405,10,48,50,4,9.70%,17.00%,0.147,0.318,0.279,0.353,0.426,0.339,117,-0.2,7.9,9.1,3.4,
37,Willy Adames,SFG,140,623,24,77,73,11,10.90%,24.60%,0.184,0.277,0.233,0.321,0.418,0.321,108,-0.2,5.8,6.3,3.4,
38,Patrick Bailey,SFG,111,433,9,41,41,2,7.80%,26.00%,0.121,0.292,0.226,0.29,0.347,0.281,81,-0.9,-10.8,9.7,3.4,
39,Manny Machado,SDP,135,595,26,75,85,9,8.10%,19.50%,0.197,0.295,0.268,0.329,0.465,0.34,122,-0.8,14.8,-2.2,3.3,
40,Wyatt Langford,TEX,126,559,22,78,68,19,12.00%,22.60%,0.196,0.297,0.254,0.349,0.45,0.346,124,1.2,17.1,-4.1,3.3,
41,Matt Chapman,SFG,138,593,22,71,76,9,11.20%,24.70%,0.189,0.286,0.238,0.33,0.427,0.329,114,-0.6,9,3.1,3.3,
42,Jacob Wilson,ATH,112,473,11,57,56,4,5.90%,8.10%,0.144,0.307,0.3,0.348,0.444,0.343,118,-0.5,9.7,5.3,3.2,
43,Matt Olson,ATL,147,654,31,93,90,1,11.90%,24.10%,0.221,0.298,0.256,0.349,0.477,0.355,128,-2.1,20,-10.5,3.2,
44,Jordan Westburg,BAL,123,550,23,74,72,5,6.60%,21.50%,0.201,0.301,0.264,0.321,0.465,0.338,119,-0.3,11.8,0.5,3.2,
45,Freddie Freeman,LAD,150,661,24,88,92,7,10.50%,18.80%,0.19,0.316,0.279,0.362,0.469,0.356,130,-1.4,22.2,-13.3,3.2,
46,Carlos Correa,HOU,112,486,15,59,62,1,9.10%,19.60%,0.164,0.308,0.267,0.337,0.431,0.334,115,-0.8,7.8,6.3,3.2,
47,Michael Harris II,ATL,125,500,19,63,68,16,4.40%,19.00%,0.189,0.305,0.275,0.31,0.464,0.331,112,1.2,8.1,5.9,3.1,
48,Jazz Chisholm Jr.,NYY,131,552,27,72,76,27,9.50%,25.60%,0.206,0.281,0.241,0.318,0.448,0.33,113,2.2,10.7,0.7,3.1,
49,Austin Wells,NYY,102,396,17,48,50,5,8.50%,24.30%,0.193,0.265,0.229,0.302,0.423,0.314,102,-0.3,0.7,7.5,3.1,
50,Marcus Semien,NYM,151,676,22,84,74,10,9.00%,16.70%,0.158,0.261,0.241,0.314,0.399,0.312,102,0.2,2.2,5.5,3.1,
51,Nick Kurtz,ATH,109,493,31,78,71,4,12.20%,28.40%,0.275,0.306,0.258,0.353,0.533,0.375,140,-0.3,23,-10,3.1,
52,Jackson Chourio,MIL,132,598,24,84,74,22,6.30%,20.00%,0.2,0.302,0.269,0.319,0.469,0.337,117,2.2,14.4,-4.7,3,
53,Will Smith,LAD,111,476,18,61,64,3,11.40%,19.50%,0.185,0.285,0.254,0.348,0.439,0.342,120,-1.6,9.8,9.9,3,
54,Brendan Donovan,STL,125,569,12,72,55,6,8.90%,13.20%,0.132,0.307,0.28,0.353,0.412,0.335,118,-0.9,10.9,-0.9,3,
55,Austin Riley,ATL,140,601,26,77,84,3,7.80%,26.10%,0.202,0.315,0.26,0.323,0.462,0.337,116,-0.8,10.6,-1.7,3,
56,Xander Bogaerts,SDP,125,517,13,58,57,14,8.20%,17.30%,0.137,0.307,0.27,0.334,0.407,0.323,111,0.9,7.5,3.8,2.9,
57,Brice Turang,MIL,139,613,14,77,62,26,9.40%,20.70%,0.134,0.313,0.261,0.332,0.395,0.319,105,2.2,5.8,2.1,2.9,
58,Byron Buxton,MIN,107,489,26,71,63,14,7.70%,27.20%,0.241,0.293,0.248,0.315,0.489,0.341,119,1.9,12.8,-1.4,2.9,
59,CJ Abrams,WSN,130,591,19,78,64,28,6.40%,18.80%,0.174,0.286,0.254,0.315,0.429,0.321,106,2.7,6.7,1.7,2.9,
60,Gleyber Torres,DET,142,637,18,80,66,5,11.20%,17.00%,0.146,0.292,0.259,0.346,0.406,0.331,112,-1.8,7.3,-1.5,2.8,
61,Riley Greene,DET,134,582,25,73,82,3,9.00%,27.00%,0.207,0.322,0.261,0.331,0.468,0.343,121,-0.7,13.5,-5.9,2.8,
62,Yandy Díaz,TBR,135,612,21,85,73,3,9.60%,15.10%,0.173,0.319,0.294,0.367,0.467,0.361,132,-1.8,21.4,-15.1,2.8,
63,Steven Kwan,CLE,128,594,11,77,51,17,9.50%,9.50%,0.121,0.292,0.278,0.35,0.399,0.329,113,1.3,10.2,-3.3,2.8,
64,Cody Bellinger,,137,598,22,74,80,10,8.20%,15.00%,0.184,0.282,0.267,0.331,0.451,0.336,116,0.1,11.1,-4.6,2.7,
65,Xavier Edwards,MIA,123,561,5,68,46,26,8.80%,13.90%,0.089,0.327,0.285,0.351,0.374,0.32,104,2.2,4.7,3.4,2.7,
66,Rafael Devers,SFG,140,622,29,82,83,2,12.30%,24.90%,0.215,0.293,0.248,0.347,0.464,0.346,125,-1.6,16.9,-11.2,2.7,
67,Kyle Schwarber,,143,646,38,96,88,7,15.00%,28.00%,0.254,0.262,0.228,0.351,0.482,0.358,130,-2.2,21,-16.7,2.7,
68,Oneil Cruz,PIT,115,517,21,70,59,27,10.70%,30.10%,0.2,0.308,0.237,0.324,0.438,0.328,108,2.6,7.7,1.3,2.7,
69,Ezequiel Tovar,COL,137,625,21,80,68,11,5.10%,23.60%,0.178,0.316,0.262,0.304,0.44,0.32,91,0.4,-6.3,11.5,2.7,
70,Dansby Swanson,CHC,131,522,17,58,60,12,8.40%,25.00%,0.157,0.295,0.24,0.307,0.398,0.307,98,1.1,-0.4,8.7,2.6,
71,Chase Meidroth,CHW,110,500,9,62,40,12,11.60%,14.70%,0.108,0.295,0.261,0.356,0.369,0.325,108,-0.2,4.5,3.8,2.6,
72,Brandon Nimmo,TEX,142,644,23,85,71,10,9.70%,22.10%,0.172,0.301,0.255,0.336,0.428,0.333,115,-0.4,11.3,-7.9,2.6,
73,Luke Keaschall,MIN,109,481,10,56,53,20,9.90%,16.70%,0.133,0.307,0.267,0.35,0.4,0.331,112,0.6,7.2,1.8,2.6,
74,Jose Altuve,HOU,132,589,20,75,72,12,8.30%,17.00%,0.166,0.292,0.266,0.332,0.433,0.331,113,-0.5,8.5,-3.5,2.6,
75,George Springer,TOR,134,609,26,86,73,13,10.10%,19.30%,0.195,0.287,0.261,0.342,0.455,0.345,123,0.7,17,-13,2.6,
76,Bryson Stott,PHI,131,572,14,71,55,24,8.90%,16.20%,0.137,0.288,0.257,0.327,0.394,0.316,100,2.1,2.3,3.5,2.5,
77,Jarren Duran,BOS,133,605,16,82,64,21,8.10%,23.50%,0.178,0.319,0.257,0.325,0.435,0.329,107,3.4,8.3,-4.2,2.5,
78,Shea Langeliers,ATH,111,492,27,68,71,5,7.50%,22.70%,0.233,0.273,0.25,0.311,0.483,0.339,115,-0.4,8.4,4.7,2.5,
79,Francisco Alvarez,NYM,102,414,21,51,57,1,9.40%,24.30%,0.217,0.274,0.241,0.32,0.458,0.336,119,-0.8,8.5,-0.4,2.4,
80,Josh Naylor,SEA,133,570,22,71,80,15,8.30%,15.70%,0.184,0.28,0.265,0.33,0.449,0.334,121,-0.3,14,-10,2.4,
81,James Wood,WSN,112,513,23,73,61,14,12.10%,28.50%,0.215,0.332,0.259,0.352,0.474,0.355,129,0.5,17.8,-11.3,2.4,
82,Ceddanne Rafaela,BOS,135,514,16,61,61,19,4.70%,20.70%,0.167,0.298,0.257,0.299,0.424,0.311,95,1.5,-1.7,7.5,2.4,
83,Anthony Volpe,NYY,120,496,16,58,56,18,7.90%,23.40%,0.169,0.278,0.234,0.298,0.402,0.304,95,1.7,-1,7.1,2.4,
84,Eugenio Suárez,,141,587,30,71,82,3,8.40%,29.00%,0.22,0.275,0.23,0.306,0.45,0.325,108,-2.2,3.5,-0.2,2.4,
85,Jackson Holliday,BAL,109,494,14,65,47,14,10.40%,21.10%,0.152,0.298,0.25,0.334,0.402,0.323,109,0.2,5.2,0.6,2.3,
86,Pete Alonso,,147,640,34,85,97,3,9.60%,23.30%,0.236,0.278,0.25,0.335,0.486,0.35,125,-2.4,16.9,-15.8,2.3,
87,Jung Hoo Lee,SFG,109,489,9,59,46,9,7.60%,11.50%,0.137,0.295,0.273,0.334,0.41,0.324,110,0.7,6.6,-0.1,2.3,
88,Iván Herrera,STL,107,477,16,64,56,7,10.60%,19.50%,0.167,0.315,0.273,0.361,0.44,0.35,128,0,15.6,-9,2.3,
89,Ben Rice,NYY,108,472,24,64,68,4,10.30%,21.30%,0.229,0.266,0.246,0.332,0.475,0.348,125,-0.8,13.2,-6.9,2.3,
90,Ryan Jeffers,MIN,112,476,16,56,57,2,9.40%,21.00%,0.173,0.282,0.245,0.329,0.418,0.326,109,-1.1,3.6,3.1,2.3,
91,Trent Grisham,NYY,107,484,21,66,53,5,12.80%,24.80%,0.195,0.255,0.22,0.327,0.415,0.325,110,-0.5,5.1,0.4,2.3,
92,Andy Pages,LAD,126,499,21,62,68,9,5.90%,21.20%,0.194,0.286,0.255,0.307,0.449,0.326,109,0.1,5.5,0,2.3,
93,Yainer Diaz,HOU,108,432,17,51,59,1,4.40%,17.00%,0.18,0.295,0.273,0.308,0.452,0.325,109,-0.5,4.2,6.5,2.3,
94,Roman Anthony,BOS,110,509,15,72,51,8,13.10%,25.10%,0.174,0.336,0.263,0.364,0.437,0.351,122,0.1,13.2,-8.7,2.3,
95,Matt Shaw,CHC,121,457,15,57,53,18,9.60%,19.70%,0.17,0.274,0.243,0.321,0.412,0.32,107,1.1,4.9,1.8,2.2,
96,Colson Montgomery,CHW,120,525,24,60,68,3,8.70%,29.10%,0.196,0.27,0.221,0.299,0.417,0.31,98,-0.6,-1.7,5.5,2.2,
97,Seiya Suzuki,CHC,137,598,24,76,82,7,10.50%,25.40%,0.2,0.308,0.254,0.335,0.454,0.341,121,-1.2,13.5,-11.6,2.2,
98,Drake Baldwin,ATL,113,482,18,60,66,1,9.40%,17.20%,0.179,0.292,0.267,0.34,0.446,0.341,119,-1,9.8,-3.3,2.2,
99,Royce Lewis,MIN,116,469,20,55,62,9,7.70%,21.50%,0.196,0.281,0.251,0.311,0.447,0.326,108,-0.2,4.5,0.6,2.2,
100,Andrés Giménez,TOR,132,520,12,60,55,18,5.80%,17.10%,0.131,0.287,0.253,0.311,0.384,0.304,95,1.2,-2.1,5.3,2.2,
101,Taylor Ward,BAL,139,605,25,75,81,5,10.30%,24.10%,0.193,0.287,0.243,0.328,0.436,0.332,115,-1.5,8.8,-8.6,2.2,
102,Dillon Dingler,DET,84,329,10,35,37,1,6.80%,24.20%,0.158,0.299,0.245,0.305,0.403,0.308,96,-0.4,-1.9,8.2,2.2,
103,Otto Lopez,MIA,118,483,10,50,51,14,7.20%,15.10%,0.125,0.302,0.27,0.326,0.395,0.315,100,0.6,0.7,4.2,2.1,
104,Brent Rooker,ATH,139,608,30,82,90,5,9.60%,25.50%,0.228,0.303,0.258,0.335,0.485,0.35,123,-1,15.6,-15.6,2.1,
105,Caleb Durbin,MIL,118,468,10,52,50,19,7.50%,11.80%,0.137,0.274,0.257,0.331,0.395,0.32,105,1,3.9,1.4,2.1,
106,Michael Busch,CHC,118,526,24,72,65,3,10.30%,24.70%,0.215,0.291,0.248,0.333,0.463,0.343,122,-1.3,12.5,-9.2,2.1,
107,Jakob Marsee,MIA,118,541,12,70,46,33,11.70%,22.50%,0.14,0.285,0.232,0.33,0.371,0.312,98,2.7,1.6,1.3,2.1,
108,Bo Naylor,CLE,105,410,16,47,48,4,10.70%,24.40%,0.184,0.257,0.22,0.307,0.404,0.31,99,-0.4,-0.7,7,2.1,
109,Mark Vientos,NYM,138,587,28,72,85,1,7.60%,25.80%,0.208,0.293,0.249,0.311,0.457,0.331,115,-1.6,9.1,-8,2.1,
110,Tyler Soderstrom,ATH,106,463,22,60,67,5,8.70%,22.30%,0.216,0.291,0.259,0.329,0.474,0.344,119,-0.6,9.8,-5.3,2.1,
111,Ian Happ,CHC,142,630,21,78,72,8,12.40%,23.90%,0.175,0.291,0.24,0.338,0.415,0.33,114,-0.8,9.3,-10,2.1,
112,Chase DeLauter,CLE,118,497,14,55,57,3,9.50%,18.80%,0.155,0.287,0.251,0.326,0.406,0.32,106,-0.7,3.1,0,2.1,
113,Ozzie Albies,ATL,132,549,17,64,65,10,7.60%,15.00%,0.162,0.278,0.258,0.319,0.42,0.321,105,0.2,3.2,-1.3,2.1,
114,J.P. Crawford,SEA,123,506,10,55,47,5,11.90%,19.60%,0.118,0.288,0.241,0.336,0.359,0.311,105,-0.7,2.5,0.1,2,
115,Alec Burleson,STL,114,498,19,61,67,5,7.10%,14.10%,0.177,0.291,0.278,0.333,0.454,0.34,121,-1.2,10.9,-7.7,2,
116,Freddy Fermin,SDP,101,395,10,41,42,2,7.00%,19.60%,0.128,0.29,0.249,0.306,0.378,0.299,94,-0.4,-3.1,9.3,2,
117,Brandon Lowe,TBR,110,487,24,61,67,4,8.30%,26.20%,0.208,0.283,0.241,0.309,0.449,0.326,109,-0.7,4.1,-1.4,2,
118,Ha-Seong Kim,,120,488,11,55,50,17,11.00%,18.00%,0.133,0.28,0.244,0.332,0.377,0.313,100,0.6,0.6,2.4,2,
119,Joey Ortiz,MIL,126,480,10,53,50,12,7.80%,17.00%,0.133,0.284,0.249,0.313,0.382,0.305,95,0.8,-2.1,5.5,2,
120,Nolan Schanuel,LAA,121,546,16,70,57,6,11.80%,13.70%,0.15,0.29,0.269,0.364,0.419,0.343,120,-1.6,11.2,-10.7,2,
121,Colt Keith,DET,108,484,15,62,52,4,9.40%,19.90%,0.167,0.303,0.262,0.335,0.429,0.332,113,0.4,7.8,-5.1,2,
122,Addison Barger,TOR,107,434,17,51,56,3,8.70%,23.70%,0.191,0.294,0.249,0.319,0.44,0.327,110,-0.4,4.9,-0.7,2,
123,TJ Friedl,CIN,111,510,14,66,48,10,10.20%,17.10%,0.146,0.28,0.25,0.34,0.395,0.325,104,0.3,2.5,-0.3,2,
124,Alec Bohm,PHI,125,535,14,60,67,3,6.90%,15.60%,0.15,0.304,0.275,0.33,0.424,0.327,108,-1,4.1,-3,1.9,
125,Vinnie Pasquantino,KCR,128,563,24,72,80,1,8.80%,15.00%,0.207,0.274,0.265,0.335,0.472,0.345,120,-2,11,-11.6,1.9,
126,Jurickson Profar,ATL,135,619,18,85,63,10,11.30%,16.50%,0.158,0.281,0.254,0.349,0.412,0.335,114,-0.6,9.9,-11.7,1.9,
127,Jorge Polanco,,111,469,19,58,61,5,9.60%,20.20%,0.19,0.281,0.252,0.329,0.443,0.334,114,-0.8,7.1,-4.3,1.9,
128,Munetaka Murakami,,122,493,23,63,62,8,14.30%,33.60%,0.21,0.301,0.223,0.34,0.433,0.335,115,-0.6,8.1,-6.2,1.9,
129,Jake Cronenworth,SDP,133,538,13,57,56,4,10.50%,19.90%,0.14,0.277,0.236,0.328,0.376,0.312,103,-0.6,1.5,-1.1,1.9,
130,Randy Arozarena,SEA,140,632,21,82,67,22,10.10%,26.50%,0.17,0.293,0.233,0.33,0.403,0.323,113,-0.3,9.7,-13.4,1.9,
131,Isaac Paredes,HOU,94,406,18,53,54,1,11.60%,17.10%,0.206,0.257,0.246,0.348,0.452,0.348,125,-0.9,10.9,-7.1,1.8,
132,Carlos Narváez,BOS,92,372,11,40,40,3,10.00%,26.00%,0.155,0.291,0.231,0.314,0.386,0.308,93,-0.7,-3.9,7.4,1.8,
133,Max Muncy,LAD,86,360,16,47,47,2,14.80%,24.90%,0.211,0.256,0.222,0.346,0.433,0.34,119,-1.3,6.7,-1.1,1.8,
134,Evan Carter,TEX,90,368,10,42,40,14,10.50%,21.80%,0.162,0.291,0.243,0.333,0.405,0.323,109,0.7,4.4,0.4,1.8,
135,Nolan Arenado,STL,116,475,15,51,58,3,6.90%,14.60%,0.158,0.266,0.252,0.308,0.41,0.31,100,-0.7,-0.8,2.2,1.8,
136,Lawrence Butler,ATH,114,483,19,60,57,16,8.80%,25.30%,0.189,0.295,0.245,0.313,0.434,0.323,104,1.4,3.9,-3.4,1.8,
137,Ernie Clement,TOR,118,467,9,51,52,7,4.60%,9.90%,0.13,0.289,0.276,0.313,0.405,0.311,99,0.2,0,1,1.7,
138,Luis García Jr.,WSN,112,473,15,54,59,13,5.50%,15.40%,0.165,0.295,0.273,0.315,0.438,0.324,107,-0.1,4,-2.8,1.7,
139,Kyle Teel,CHW,92,412,11,49,41,5,11.10%,24.90%,0.141,0.314,0.248,0.337,0.389,0.321,105,-0.6,2.1,0.3,1.7,
140,Wilyer Abreu,BOS,99,423,18,54,57,7,11.10%,24.50%,0.203,0.296,0.249,0.335,0.452,0.339,114,-0.3,6.5,-4.2,1.7,
141,Sal Frelick,MIL,111,464,8,51,46,13,8.30%,14.40%,0.118,0.304,0.271,0.337,0.389,0.32,105,0.8,3.8,-2.5,1.7,
142,Lars Nootbaar,STL,105,444,13,52,48,6,12.30%,20.10%,0.161,0.289,0.248,0.345,0.409,0.331,114,0,7.6,-5.9,1.7,
143,Brett Baty,NYM,94,373,14,42,46,4,8.50%,24.40%,0.173,0.297,0.248,0.315,0.421,0.32,108,-0.4,3.1,1,1.7,
144,Carson Kelly,CHC,84,344,12,37,39,2,9.20%,20.50%,0.159,0.268,0.236,0.313,0.394,0.31,100,-1.2,-1.2,8,1.7,
145,Jo Adell,LAA,116,484,27,60,72,7,7.00%,26.90%,0.234,0.27,0.237,0.3,0.472,0.33,110,-0.4,5.5,-6,1.7,
146,Colton Cowser,BAL,109,442,17,51,53,11,9.70%,30.90%,0.181,0.303,0.23,0.313,0.411,0.315,103,0.5,2.2,-1.2,1.7,
147,Miguel Vargas,CHW,115,493,15,56,57,6,11.10%,19.40%,0.167,0.27,0.238,0.329,0.405,0.323,107,-0.5,3.3,-4.2,1.6,
148,Luis Robert Jr.,CHW,118,495,19,56,59,27,7.20%,28.00%,0.175,0.297,0.238,0.299,0.413,0.307,95,0.8,-1.8,0.9,1.6,
149,Daulton Varsho,TOR,116,498,22,60,68,6,8.00%,25.60%,0.205,0.263,0.227,0.294,0.432,0.312,100,-0.1,0,-1.2,1.6,
150,J.T. Realmuto,,102,428,12,46,49,5,6.50%,24.10%,0.15,0.303,0.247,0.305,0.397,0.305,94,-0.5,-3.4,10.4,1.6,
151,Hunter Goodman,COL,111,485,25,61,73,3,5.90%,25.40%,0.232,0.294,0.254,0.304,0.487,0.337,102,-0.6,0.8,-1.3,1.6,
152,Brayan Rocchio,CLE,103,391,8,43,39,10,8.50%,18.50%,0.134,0.281,0.242,0.315,0.376,0.304,95,-0.1,-2.2,4.6,1.6,
153,Sean Murphy,ATL,108,431,17,49,52,1,10.00%,26.90%,0.182,0.267,0.219,0.31,0.402,0.312,99,-0.7,-1.4,1.1,1.6,
154,Brooks Lee,MIN,110,434,13,47,50,3,6.70%,16.60%,0.153,0.276,0.252,0.305,0.405,0.308,96,-1,-2.9,3.3,1.6,
155,Nick Gonzales,PIT,111,470,9,49,51,3,6.50%,20.00%,0.137,0.315,0.263,0.318,0.4,0.313,98,-0.4,-1.5,1.2,1.6,
156,Matt McLain,CIN,112,439,13,52,47,13,9.70%,27.40%,0.156,0.303,0.235,0.317,0.391,0.312,94,0.7,-2.4,2.8,1.5,
157,Matt Wallner,MIN,96,410,19,52,56,4,10.70%,30.70%,0.22,0.296,0.23,0.329,0.449,0.338,117,-0.7,7.3,-6.4,1.5,
158,Kyle Stowers,MIA,114,494,21,59,65,4,9.60%,28.50%,0.201,0.302,0.24,0.32,0.441,0.328,109,-0.3,5.1,-6.6,1.5,
159,Josh Jung,TEX,106,429,15,46,53,4,5.50%,25.20%,0.17,0.306,0.252,0.297,0.422,0.311,100,-1.2,-1.2,1.4,1.5,
160,Jonathan Aranda,TBR,104,442,16,54,56,2,10.60%,25.60%,0.178,0.328,0.263,0.35,0.441,0.344,120,-1.9,8.7,-9,1.5,
161,Daylen Lile,WSN,106,458,10,51,53,12,6.70%,17.40%,0.158,0.309,0.27,0.325,0.428,0.326,109,0.7,5.7,-6.1,1.5,
162,Salvador Perez,KCR,135,580,25,68,83,0,5.00%,20.10%,0.191,0.279,0.254,0.302,0.445,0.318,101,-3.4,-2.9,3.4,1.5,
163,Jasson Domínguez,NYY,107,437,14,51,50,19,9.90%,24.60%,0.16,0.313,0.253,0.33,0.413,0.324,109,1,5.7,-6,1.5,
164,Spencer Horwitz,PIT,100,433,11,50,49,2,12.00%,18.30%,0.151,0.307,0.264,0.359,0.415,0.34,116,-1.1,7.3,-7.4,1.5,
165,Josh Smith,TEX,102,422,9,48,41,7,9.60%,18.80%,0.128,0.287,0.245,0.33,0.373,0.311,100,-0.2,0,-0.2,1.5,
166,Teoscar Hernández,LAD,134,560,26,69,79,6,6.60%,26.40%,0.205,0.305,0.255,0.309,0.46,0.33,112,-1.2,6.7,-11,1.5,
167,Ryan McMahon,NYY,114,468,16,51,52,3,11.30%,32.00%,0.162,0.287,0.212,0.304,0.374,0.299,91,-0.4,-5.2,3,1.4,
168,Jared Triolo,PIT,110,479,9,54,43,12,10.80%,23.00%,0.119,0.305,0.241,0.328,0.36,0.306,94,0,-3.6,1.6,1.4,
169,Kyle Manzardo,CLE,104,448,21,55,63,2,10.30%,23.60%,0.214,0.267,0.236,0.322,0.451,0.333,115,-0.6,7.4,-8.9,1.4,
170,Luis Arraez,,128,579,7,70,54,9,5.20%,4.60%,0.099,0.31,0.305,0.345,0.404,0.327,109,-0.1,6.1,-11.8,1.4,
171,Marcelo Mayer,BOS,105,411,12,46,48,5,7.30%,22.60%,0.163,0.301,0.251,0.309,0.414,0.313,96,-0.1,-2.1,1.7,1.4,
172,Tommy Edman,LAD,111,445,13,49,52,8,6.60%,17.60%,0.15,0.279,0.25,0.306,0.4,0.308,97,0.5,-1.1,-0.1,1.4,
173,Willson Contreras,STL,101,437,17,53,57,3,9.50%,25.50%,0.187,0.297,0.243,0.333,0.431,0.333,116,-1.2,7.1,-8.2,1.4,
174,Brandon Marsh,PHI,108,442,12,50,49,9,9.90%,28.30%,0.153,0.336,0.252,0.328,0.404,0.32,103,0.4,2.2,-3.6,1.4,
175,Jordan Lawlar,ARI,92,358,8,40,38,11,8.80%,25.50%,0.144,0.312,0.242,0.316,0.387,0.308,96,0.5,-1.4,2.7,1.4,
176,Heliot Ramos,SFG,124,538,19,64,64,6,7.80%,24.00%,0.172,0.308,0.256,0.323,0.428,0.325,111,-0.8,6.1,-10.8,1.4,
177,Dylan Crews,WSN,121,515,17,58,62,21,7.20%,21.40%,0.167,0.281,0.243,0.306,0.41,0.312,99,0.9,0.4,-4.5,1.3,
178,Christian Yelich,MIL,108,471,16,57,60,12,11.10%,23.90%,0.165,0.315,0.258,0.344,0.423,0.333,115,1.2,9.3,-12,1.3,
179,Bryan Reynolds,PIT,136,607,20,71,72,5,8.60%,24.40%,0.168,0.311,0.254,0.325,0.422,0.324,106,-0.6,3.7,-11,1.3,
180,Carter Jensen,KCR,68,274,9,32,31,3,10.10%,24.60%,0.169,0.304,0.246,0.326,0.416,0.323,104,-0.2,1.1,2,1.3,
181,Jeff McNeil,NYM,124,511,11,57,57,4,8.30%,12.90%,0.138,0.283,0.262,0.334,0.4,0.32,108,-1.8,3.3,-7.8,1.3,
182,Trevor Story,BOS,100,433,15,50,54,15,6.00%,26.70%,0.166,0.308,0.247,0.298,0.413,0.307,92,1,-3.2,0.8,1.3,
183,Jake Burger,TEX,116,489,24,59,69,2,5.70%,24.80%,0.208,0.282,0.246,0.298,0.454,0.322,108,-0.7,3.9,-8.3,1.3,
184,Mike Trout,LAA,95,422,20,54,56,3,13.20%,30.70%,0.216,0.298,0.233,0.341,0.449,0.339,117,-1,7.6,-9.7,1.3,
185,Chandler Simpson,TBR,90,410,2,51,30,39,5.90%,11.00%,0.069,0.318,0.286,0.329,0.355,0.302,92,3.8,0,-1.7,1.3,
186,Parker Meadows,DET,111,431,11,49,43,12,9.50%,25.10%,0.15,0.287,0.228,0.304,0.378,0.299,90,1,-3.9,1.3,1.3,
187,Jake Meyers,HOU,79,318,7,35,34,9,7.90%,21.00%,0.132,0.304,0.253,0.319,0.385,0.309,98,0.3,-0.3,1.6,1.2,
188,Davis Schneider,TOR,85,353,12,42,39,4,12.80%,28.30%,0.176,0.28,0.219,0.326,0.395,0.319,105,-0.4,1.6,-1.5,1.2,
189,Brenton Doyle,COL,117,496,16,56,58,17,6.40%,26.60%,0.162,0.306,0.245,0.296,0.407,0.305,81,1.2,-10.2,5.8,1.2,
190,Cole Young,SEA,82,308,6,34,30,5,10.30%,17.30%,0.123,0.28,0.242,0.328,0.364,0.308,103,-0.1,1,0.5,1.2,
191,Pedro Pagés,STL,69,268,8,27,29,1,7.00%,25.40%,0.142,0.284,0.23,0.289,0.372,0.289,86,-0.7,-5.3,5.4,1.2,
192,Luis Torrens,NYM,53,210,6,22,23,1,6.70%,22.40%,0.147,0.284,0.239,0.296,0.386,0.298,93,-0.3,-2.1,6.1,1.2,
193,Ke'Bryan Hayes,CIN,115,459,9,47,46,9,6.90%,20.10%,0.119,0.298,0.25,0.306,0.369,0.296,83,0.2,-8.8,5.7,1.2,
194,Dylan Beavers,BAL,84,354,10,42,40,9,12.20%,23.10%,0.155,0.296,0.243,0.339,0.398,0.325,110,-0.1,4,-4.1,1.2,
195,Kerry Carpenter,DET,95,419,20,53,60,2,6.60%,23.80%,0.219,0.289,0.253,0.31,0.472,0.334,114,-0.7,6.5,-8.9,1.2,
196,Jac Caglianone,KCR,101,419,17,50,56,2,7.60%,21.00%,0.195,0.286,0.255,0.319,0.449,0.33,109,-0.4,4.1,-6.6,1.2,
197,Jonathan India,KCR,111,474,10,54,45,5,10.30%,19.00%,0.135,0.291,0.247,0.339,0.382,0.32,102,-0.1,1.1,-5.5,1.2,
198,Christian Walker,HOU,134,561,26,66,74,3,8.50%,26.20%,0.2,0.269,0.23,0.304,0.43,0.317,104,-1.3,1.1,-8.5,1.2,
199,Nathan Lukes,TOR,82,359,7,44,37,3,8.40%,15.60%,0.134,0.308,0.273,0.337,0.407,0.325,109,-0.4,3.3,-3.8,1.2,
200,Connor Norby,MIA,116,452,13,50,50,9,7.40%,27.10%,0.155,0.308,0.241,0.303,0.396,0.305,93,-0.3,-4,0.8,1.2,
201,Harrison Bader,,108,432,12,48,47,12,6.40%,24.10%,0.145,0.301,0.245,0.303,0.39,0.303,93,0.2,-3.5,0.7,1.2,
202,Triston Casas,BOS,103,413,18,50,53,2,12.80%,25.20%,0.207,0.288,0.242,0.343,0.448,0.341,115,-1.1,6.3,-8.9,1.2,
203,Spencer Torkelson,DET,137,577,24,68,73,2,11.00%,26.20%,0.197,0.274,0.228,0.32,0.425,0.323,106,-0.6,3.7,-12.1,1.2,
204,Romy Gonzalez,BOS,79,334,10,39,40,9,5.60%,24.40%,0.167,0.336,0.271,0.317,0.438,0.325,104,-0.2,1.4,-1.7,1.2,
205,Kevin McGonigle,DET,50,202,5,24,22,4,10.80%,15.00%,0.155,0.281,0.255,0.34,0.41,0.329,111,-0.1,2.5,1.7,1.1,
206,Jacob Young,WSN,84,325,3,33,28,17,7.00%,18.60%,0.09,0.304,0.252,0.313,0.343,0.291,85,1.6,-4.2,4.6,1.1,
207,Ramón Laureano,SDP,104,442,17,51,57,7,7.10%,27.00%,0.182,0.302,0.243,0.307,0.425,0.317,107,-0.8,2.7,-6.2,1.1,
208,Kyle Isbel,KCR,113,427,8,47,43,9,6.40%,19.70%,0.132,0.295,0.248,0.302,0.38,0.298,87,0.8,-5.9,2.2,1.1,
209,Kyle Higashioka,TEX,68,258,10,29,31,3,5.90%,24.30%,0.179,0.261,0.227,0.275,0.405,0.294,88,-0.8,-4.4,2.7,1.1,
210,Cedric Mullins,,98,395,12,45,43,16,8.90%,22.80%,0.156,0.274,0.23,0.304,0.387,0.302,92,0.6,-2.9,0.5,1.1,
211,Konnor Griffin,PIT,63,255,6,28,27,11,6.60%,24.00%,0.133,0.324,0.258,0.318,0.391,0.31,96,0.4,-0.7,3.1,1.1,
212,Nasim Nuñez,WSN,95,363,6,40,31,29,10.10%,22.90%,0.095,0.293,0.232,0.313,0.328,0.288,83,2.3,-5.1,3.9,1.1,
213,Amed Rosario,,70,297,5,32,32,5,4.40%,18.20%,0.122,0.321,0.275,0.311,0.396,0.308,96,0.9,-0.5,1.2,1.1,
214,Sal Stewart,CIN,89,375,14,46,49,6,8.50%,19.10%,0.181,0.306,0.272,0.338,0.453,0.342,115,-0.2,6.5,-8.3,1.1,
215,Spencer Steer,CIN,133,569,20,67,71,9,10.10%,21.50%,0.18,0.275,0.239,0.324,0.419,0.324,103,-0.6,1.4,-9.7,1.1,
216,Willi Castro,,121,508,11,55,50,13,8.00%,24.00%,0.134,0.293,0.234,0.311,0.368,0.3,91,0.5,-5,-1.5,1.1,
217,Samuel Basallo,BAL,94,365,16,44,48,2,8.30%,24.20%,0.196,0.278,0.24,0.308,0.436,0.321,107,-0.4,2.6,-3.7,1.1,
218,Victor Scott II,STL,110,416,6,45,37,26,8.00%,21.90%,0.101,0.28,0.227,0.298,0.327,0.279,79,2.6,-7.7,4.5,1.1,
219,Marcell Ozuna,,113,483,22,60,64,1,12.10%,25.00%,0.198,0.284,0.241,0.336,0.439,0.337,116,-1.7,7.4,-13.2,1.1,
220,Rafael Marchán,PHI,75,299,6,29,30,2,8.70%,17.30%,0.126,0.268,0.236,0.31,0.361,0.297,88,-0.6,-5,6.7,1.1,
221,Ryan O'Hearn,,102,432,13,50,53,3,9.00%,19.00%,0.157,0.305,0.266,0.337,0.423,0.33,112,-1.1,4.8,-8.9,1.1,
222,Jose Trevino,CIN,51,199,6,21,22,1,6.00%,15.40%,0.141,0.271,0.25,0.299,0.391,0.3,86,-0.4,-3.6,3.6,1.1,
223,Christian Moore,LAA,102,406,12,41,42,6,9.10%,29.70%,0.148,0.308,0.23,0.304,0.378,0.299,89,-0.2,-5.2,1.6,1.1,
224,Jesús Sánchez,HOU,77,320,12,39,41,7,8.60%,24.10%,0.187,0.299,0.25,0.318,0.437,0.326,110,0,3.7,-4.5,1.1,
225,Joc Pederson,TEX,85,368,16,46,50,3,11.20%,23.10%,0.201,0.273,0.239,0.338,0.441,0.339,119,-0.8,7.5,-9.9,1,
226,Agustín Ramírez,MIA,104,452,18,54,61,11,7.40%,19.10%,0.191,0.274,0.25,0.312,0.441,0.324,106,-0.3,3.1,-8.5,1,
227,Gabriel Arias,CLE,108,441,12,43,45,9,6.40%,30.80%,0.144,0.311,0.228,0.284,0.373,0.286,83,0.3,-8.7,3.6,1,
228,Luis Rengifo,,88,363,9,40,38,10,6.50%,17.80%,0.132,0.292,0.255,0.31,0.387,0.305,94,0.5,-2.1,-0.1,1,
229,Nick Fortes,TBR,67,256,7,27,27,2,5.80%,17.50%,0.136,0.266,0.239,0.294,0.376,0.293,86,-0.1,-4.4,2.8,1,
230,Jake Rogers,DET,49,190,6,20,20,1,8.10%,28.70%,0.159,0.269,0.211,0.281,0.371,0.285,81,-0.2,-4.6,4.3,1,
231,Victor Caratini,,65,265,8,29,30,1,7.50%,18.10%,0.146,0.286,0.255,0.322,0.4,0.317,102,-0.9,-0.3,1.3,1,
232,Noelvi Marte,CIN,105,459,16,57,54,13,6.60%,21.90%,0.171,0.298,0.256,0.311,0.427,0.319,99,0.4,0,-5.3,1,
233,Mike Yastrzemski,,98,421,15,51,46,5,10.90%,23.30%,0.18,0.269,0.229,0.319,0.409,0.317,102,-0.3,0.8,-5.3,1,
234,Joey Bart,PIT,70,283,7,28,29,1,9.60%,27.70%,0.135,0.316,0.239,0.323,0.373,0.309,95,-0.8,-2.4,3.6,1,
235,José Caballero,NYY,89,350,6,40,32,33,10.00%,25.50%,0.114,0.295,0.225,0.315,0.34,0.293,88,2.2,-2.8,0.1,1,
236,Anthony Santander,TOR,136,567,26,68,75,2,9.50%,22.70%,0.204,0.255,0.23,0.309,0.434,0.321,106,-1.5,2.6,-12.8,1,
237,Danny Jansen,,75,302,11,35,35,1,10.60%,22.80%,0.178,0.253,0.221,0.313,0.399,0.313,100,-0.9,-1,4.3,0.9,
238,Kyle Karros,COL,89,355,7,37,36,3,8.80%,22.50%,0.133,0.329,0.263,0.335,0.396,0.32,91,-0.5,-4.1,1.6,0.9,
239,Josh Lowe,TBR,103,421,14,49,50,18,8.10%,26.20%,0.169,0.312,0.248,0.312,0.417,0.315,101,1.1,1.6,-6.9,0.9,
240,Brooks Baldwin,CHW,82,312,10,36,36,7,6.80%,22.30%,0.162,0.299,0.254,0.308,0.416,0.314,101,0.4,0.7,-2.3,0.9,
241,Josh Bell,,110,473,18,56,60,2,10.20%,19.00%,0.179,0.277,0.251,0.332,0.429,0.331,112,-1.8,5.1,-12.2,0.9,
242,Adolis García,,114,481,20,56,65,9,7.00%,26.00%,0.19,0.282,0.237,0.297,0.427,0.312,99,0,-0.4,-7.1,0.9,
243,Reese McGuire,,53,206,5,21,21,2,6.20%,23.00%,0.129,0.283,0.234,0.286,0.363,0.284,80,-0.4,-5.4,4.7,0.9,
244,Yoán Moncada,,74,313,9,35,34,1,8.80%,27.30%,0.154,0.312,0.24,0.315,0.395,0.31,98,-0.7,-1.5,-0.5,0.9,
245,Max Muncy,ATH,88,350,10,36,39,4,6.20%,26.60%,0.152,0.303,0.239,0.296,0.391,0.299,88,-0.2,-5.2,1.8,0.9,
246,Wenceel Pérez,DET,103,428,11,46,46,9,8.20%,22.10%,0.155,0.287,0.24,0.307,0.395,0.307,95,0.6,-1.6,-4.4,0.9,
247,Miguel Andujar,,74,314,8,35,37,2,5.80%,15.00%,0.142,0.307,0.279,0.324,0.421,0.323,106,-0.6,1.7,-3.8,0.9,
248,Tyler O'Neill,BAL,82,348,15,43,46,3,10.30%,28.70%,0.197,0.289,0.233,0.318,0.43,0.323,109,-0.2,3.4,-7,0.9,
249,JJ Bleday,,65,277,10,33,33,2,11.30%,22.20%,0.181,0.267,0.231,0.32,0.412,0.319,104,-0.5,0.8,-1.7,0.9,
250,Casey Schmitt,SFG,80,322,10,33,36,2,6.90%,22.80%,0.153,0.286,0.24,0.3,0.393,0.301,94,-0.5,-2.6,0.2,0.9,
251,Tyler Stephenson,CIN,94,382,12,41,43,1,9.60%,27.70%,0.157,0.303,0.235,0.315,0.392,0.309,93,-0.7,-4.1,2.7,0.9,
252,Luis Campusano,SDP,84,330,11,37,38,1,9.40%,19.80%,0.16,0.28,0.247,0.322,0.407,0.319,108,-0.3,2.8,-3.3,0.9,
253,Ben Williamson,SEA,69,269,4,27,25,5,7.10%,21.50%,0.104,0.315,0.253,0.311,0.356,0.294,94,-0.2,-2.1,1.2,0.9,
254,Zach McKinstry,DET,87,351,7,36,35,11,8.80%,21.60%,0.138,0.285,0.234,0.308,0.372,0.299,90,0.9,-3.2,-0.6,0.8,
255,Zack Gelof,ATH,88,347,12,39,39,11,8.50%,31.90%,0.165,0.3,0.222,0.292,0.388,0.297,86,0.7,-4.9,1.1,0.8,
256,Will Wagner,SDP,72,289,5,31,28,2,10.10%,17.30%,0.115,0.302,0.258,0.337,0.373,0.315,105,-0.5,1.3,-2.8,0.8,
257,Justin Crawford,PHI,69,259,4,29,25,13,7.60%,20.80%,0.109,0.328,0.266,0.325,0.376,0.308,95,0.8,-0.6,0.2,0.8,
258,Brady House,WSN,107,426,13,41,47,5,4.60%,26.60%,0.145,0.307,0.244,0.282,0.389,0.291,85,-0.2,-8,1.9,0.8,
259,Miguel Amaya,CHC,64,246,7,27,27,2,7.20%,20.50%,0.15,0.277,0.24,0.305,0.389,0.304,95,-0.5,-1.9,3.2,0.8,
260,Henry Davis,PIT,59,230,7,24,24,3,8.40%,26.20%,0.146,0.279,0.222,0.299,0.367,0.293,85,-0.3,-4.5,5.3,0.8,
261,Giancarlo Stanton,NYY,88,377,23,49,60,1,9.30%,30.40%,0.243,0.273,0.232,0.306,0.476,0.333,115,-1.4,5.2,-10.2,0.8,
262,Logan O'Hoppe,LAA,94,387,17,41,47,3,6.90%,28.20%,0.18,0.281,0.23,0.289,0.409,0.303,92,-1.3,-5,5.1,0.8,
263,Leo Jiménez,TOR,57,227,5,25,23,2,8.30%,21.60%,0.126,0.288,0.237,0.32,0.364,0.304,95,-0.4,-1.8,2,0.8,
264,Jorge Soler,LAA,110,466,21,55,59,1,10.30%,27.10%,0.2,0.273,0.228,0.314,0.428,0.322,105,-1.7,1.2,-9.3,0.8,
265,Austin Martin,MIN,76,295,3,33,25,11,11.20%,17.50%,0.099,0.31,0.258,0.348,0.357,0.316,101,0.6,1.1,-3.3,0.8,
266,Alek Thomas,ARI,79,303,8,33,34,6,5.60%,23.50%,0.145,0.301,0.246,0.293,0.391,0.297,88,1.1,-3.1,0.9,0.8,
267,Colt Emerson,SEA,63,254,5,26,24,4,9.20%,22.10%,0.117,0.288,0.233,0.313,0.351,0.294,94,-0.2,-2.1,1.2,0.8,
268,Trevor Larnach,MIN,92,409,14,51,46,4,10.30%,23.70%,0.168,0.3,0.248,0.33,0.416,0.325,108,-0.7,3,-9.4,0.8,
269,Tyler Freeman,COL,83,361,6,45,33,15,7.80%,13.20%,0.122,0.307,0.277,0.351,0.398,0.331,98,0.5,-0.2,-4.2,0.8,
270,Hunter Feduccia,TBR,55,218,4,22,20,1,11.40%,26.20%,0.117,0.285,0.217,0.31,0.335,0.289,83,-0.4,-4.9,4.3,0.8,
271,Darell Hernaiz,ATH,54,217,3,23,21,4,8.00%,14.20%,0.109,0.297,0.264,0.327,0.373,0.309,94,-0.2,-1.6,1.6,0.8,
272,Dalton Rushing,LAD,48,190,7,22,22,1,10.20%,27.90%,0.167,0.286,0.225,0.314,0.392,0.31,99,-0.3,-0.6,2.7,0.8,
273,Carson Williams,TBR,82,320,11,35,36,9,8.20%,34.00%,0.167,0.281,0.206,0.277,0.373,0.284,79,0.1,-7.7,4.1,0.8,
274,Blaze Alexander,ARI,100,408,9,42,40,8,8.70%,30.20%,0.131,0.318,0.229,0.31,0.361,0.297,88,-0.1,-5.7,-0.5,0.8,
275,Cam Smith,HOU,87,351,9,39,38,5,8.60%,25.80%,0.15,0.308,0.242,0.315,0.392,0.31,98,0.1,-0.6,-4.2,0.7,
276,Alex Freeland,LAD,67,262,7,30,27,5,11.40%,26.00%,0.139,0.284,0.222,0.317,0.361,0.302,93,0,-2.2,0.7,0.7,
277,Harry Ford,SEA,51,209,5,23,19,4,11.80%,24.30%,0.126,0.279,0.22,0.323,0.346,0.301,98,-0.1,-0.5,0.6,0.7,
278,Carson Benge,NYM,55,223,5,25,23,4,9.30%,22.30%,0.136,0.288,0.236,0.314,0.372,0.302,96,0,-1.2,0.9,0.7,
279,Jesse Winker,,78,331,9,39,36,5,13.50%,22.00%,0.156,0.297,0.244,0.356,0.4,0.334,114,-1.4,4.1,-8.1,0.7,
280,Nathaniel Lowe,,96,409,12,46,47,1,11.20%,24.10%,0.152,0.302,0.245,0.333,0.396,0.32,105,-1.3,0.9,-7.6,0.7,
281,Mauricio Dubón,ATL,103,394,7,42,40,4,5.10%,12.60%,0.112,0.287,0.263,0.303,0.375,0.296,88,-0.3,-6,-0.1,0.7,
282,Keibert Ruiz,WSN,89,367,10,37,41,3,5.00%,11.60%,0.145,0.263,0.254,0.298,0.399,0.303,93,-1,-4.1,5.8,0.7,
283,Luis Matos,SFG,66,254,8,29,30,5,6.10%,13.80%,0.168,0.262,0.251,0.303,0.419,0.312,102,0.1,0.7,-2.2,0.7,
284,Adael Amador,COL,76,286,6,33,29,10,9.90%,16.90%,0.134,0.285,0.251,0.331,0.385,0.316,88,0,-3.9,1.2,0.7,
285,Alex Jackson,MIN,41,160,6,17,18,1,7.10%,31.00%,0.17,0.269,0.208,0.273,0.378,0.283,79,-0.1,-4.1,3.3,0.7,
286,Lourdes Gurriel Jr.,ARI,77,330,11,38,43,5,5.80%,16.40%,0.166,0.293,0.268,0.316,0.434,0.324,106,-0.3,2.1,-6.3,0.7,
287,Jack Suwinski,PIT,104,425,16,46,48,9,11.20%,30.50%,0.181,0.274,0.212,0.307,0.393,0.306,94,-0.1,-3.4,-4,0.7,
288,Andrew Vaughn,MIL,120,508,18,58,65,1,7.30%,20.40%,0.175,0.28,0.248,0.309,0.423,0.317,104,-1.7,0.6,-10.8,0.7,
289,Thomas Saggese,STL,57,231,5,23,24,3,6.10%,24.60%,0.128,0.314,0.249,0.301,0.377,0.297,91,-0.1,-2.5,1.5,0.7,
290,Joe Mack,MIA,66,266,8,27,28,3,7.40%,27.60%,0.149,0.275,0.217,0.282,0.366,0.284,79,-0.2,-6.9,4.7,0.7,
291,Lenyn Sosa,CHW,108,433,16,46,53,2,4.30%,22.10%,0.162,0.293,0.253,0.289,0.416,0.303,93,-0.5,-3.9,-4.3,0.7,
292,Dominic Canzone,SEA,85,351,14,40,45,3,7.70%,23.20%,0.179,0.286,0.246,0.307,0.425,0.316,109,-0.7,2.9,-8.3,0.7,
293,Ryan Ritter,COL,70,271,6,30,28,4,7.50%,25.40%,0.146,0.315,0.247,0.314,0.393,0.309,84,0,-5.2,2.8,0.7,
294,Victor Robles,SEA,76,314,5,32,29,15,6.80%,21.80%,0.112,0.303,0.244,0.31,0.356,0.295,94,0.8,-1.3,-2.9,0.7,
295,Jonny DeLuca,TBR,77,316,9,34,34,10,7.30%,20.80%,0.157,0.272,0.235,0.299,0.392,0.301,91,0.4,-2.9,-1.4,0.7,
296,Paul Goldschmidt,,107,463,13,54,52,5,8.40%,22.30%,0.152,0.312,0.259,0.325,0.411,0.319,104,-1.1,0.8,-9.9,0.7,
297,Hyeseong Kim,LAD,71,268,4,30,26,12,5.70%,21.10%,0.097,0.322,0.262,0.308,0.359,0.293,87,0.8,-3.3,1,0.7,
298,J.C. Escarra,NYY,51,206,5,22,21,2,9.20%,18.90%,0.136,0.273,0.236,0.313,0.372,0.303,94,-0.3,-1.7,-1.3,0.7,
299,Liam Hicks,MIA,52,212,3,21,19,1,11.20%,16.40%,0.108,0.284,0.246,0.343,0.353,0.313,99,-0.4,-0.8,0,0.7,
300,Mike Tauchman,,75,328,8,39,30,2,11.90%,23.00%,0.132,0.297,0.239,0.336,0.371,0.315,101,-1,-0.6,-4.1,0.7,
301,Jonah Heim,,63,253,7,26,27,1,7.40%,19.30%,0.142,0.258,0.229,0.29,0.371,0.289,83,-0.7,-5.7,4.1,0.7,
302,Lane Thomas,,106,461,14,54,50,16,8.10%,26.40%,0.159,0.289,0.231,0.301,0.389,0.302,92,0.4,-4,-5.3,0.6,
303,Coby Mayo,BAL,86,328,13,40,40,3,9.20%,26.90%,0.188,0.286,0.232,0.31,0.42,0.317,105,-0.1,1.7,-6.7,0.6,
304,Nick Yorke,PIT,74,279,5,29,27,7,7.10%,21.60%,0.116,0.313,0.255,0.312,0.371,0.3,89,0.2,-3.4,0.3,0.6,
305,Isaac Collins,MIL,64,267,6,30,26,8,12.30%,23.30%,0.137,0.293,0.233,0.335,0.37,0.314,101,0.2,0.7,-3.5,0.6,
306,C.J. Kayfus,CLE,76,303,9,32,34,3,9.10%,26.90%,0.168,0.304,0.238,0.315,0.406,0.315,103,-0.1,0.9,-5.3,0.6,
307,Moisés Ballesteros,CHC,82,343,9,38,40,2,8.20%,17.30%,0.142,0.302,0.266,0.33,0.408,0.321,107,-0.6,2.4,-7.8,0.6,
308,Austin Hedges,CLE,30,117,3,11,11,2,7.70%,27.00%,0.117,0.247,0.195,0.264,0.312,0.256,62,-0.1,-5.3,2.7,0.6,
309,Michael Massey,KCR,80,323,9,33,37,2,4.90%,17.70%,0.147,0.285,0.253,0.295,0.4,0.301,89,-0.2,-4.5,-0.7,0.6,
310,Ronny Mauricio,NYM,83,323,11,37,39,7,6.90%,23.70%,0.166,0.294,0.247,0.303,0.413,0.308,100,0,-0.1,-4.7,0.6,
311,Mitch Garver,,50,207,7,23,23,1,10.90%,27.20%,0.17,0.267,0.216,0.309,0.386,0.305,94,-0.8,-2.2,3,0.6,
312,Ramón Urías,,57,231,6,25,25,2,7.10%,22.10%,0.143,0.3,0.25,0.31,0.394,0.308,96,-0.4,-1.5,-0.5,0.6,
313,Gavin Sheets,SDP,103,435,14,48,52,2,8.30%,20.50%,0.161,0.28,0.244,0.311,0.405,0.311,103,-1.2,0.1,-8.8,0.6,
314,Jesus Rodriguez,SFG,28,113,2,12,10,2,8.80%,16.90%,0.105,0.302,0.259,0.329,0.364,0.306,98,0,-0.3,2.3,0.6,
315,Miguel Rojas,,49,195,3,20,19,3,6.40%,13.60%,0.111,0.286,0.259,0.311,0.369,0.299,90,-0.2,-2.5,1.6,0.6,
316,Curtis Mead,CHW,54,223,5,23,23,3,6.80%,20.80%,0.135,0.299,0.25,0.313,0.384,0.306,95,-0.1,-1.4,-0.5,0.6,
317,Thairo Estrada,,73,306,8,32,33,5,4.50%,20.10%,0.134,0.285,0.245,0.288,0.379,0.29,84,-0.1,-5.9,1.1,0.6,
318,Edmundo Sosa,PHI,58,233,7,24,26,3,4.20%,22.70%,0.152,0.298,0.249,0.291,0.401,0.3,89,0.2,-2.8,0.7,0.6,
319,Max Kepler,,88,360,12,40,42,2,9.00%,20.50%,0.162,0.272,0.238,0.313,0.4,0.311,98,-0.9,-1.7,-4.9,0.6,
320,Christian Vázquez,,45,172,4,17,16,2,6.20%,20.30%,0.111,0.268,0.227,0.281,0.338,0.273,72,-0.6,-6.2,3.7,0.6,
321,Denzer Guzman,LAA,66,255,6,24,24,3,7.60%,29.60%,0.125,0.288,0.214,0.279,0.34,0.273,72,-0.2,-8.7,5.3,0.6,
322,Edouard Julien,MIN,57,237,6,27,22,3,13.40%,30.60%,0.14,0.316,0.225,0.334,0.365,0.312,99,-0.4,-0.8,-2,0.6,
323,Pavin Smith,ARI,85,357,10,41,40,3,12.50%,25.50%,0.154,0.301,0.237,0.334,0.391,0.319,103,-1,0.4,-7,0.5,
324,Johan Rojas,PHI,60,233,3,25,22,12,5.80%,21.00%,0.109,0.302,0.247,0.296,0.356,0.286,80,1.2,-4.3,1.9,0.5,
325,Kody Clemens,MIN,86,352,14,40,44,4,7.20%,23.90%,0.194,0.268,0.232,0.294,0.426,0.31,98,-0.1,-1.1,-5.7,0.5,
326,Graham Pauley,MIA,81,314,9,34,35,4,8.80%,19.80%,0.157,0.272,0.238,0.311,0.394,0.308,96,-0.4,-2,-3.1,0.5,
327,Jordan Walker,STL,84,338,10,36,38,6,7.60%,26.10%,0.154,0.308,0.244,0.307,0.397,0.307,98,0,-0.7,-5.2,0.5,
328,Yohel Pozo,STL,28,110,3,12,13,1,3.50%,13.10%,0.155,0.279,0.266,0.294,0.421,0.308,98,-0.2,-0.4,1.6,0.5,
329,Jake McCarthy,ARI,58,235,4,26,24,8,7.00%,17.70%,0.128,0.304,0.26,0.322,0.389,0.311,98,0.8,0.2,-2.7,0.5,
330,Cody Freeman,TEX,48,195,5,21,21,3,6.00%,14.90%,0.142,0.271,0.25,0.299,0.392,0.3,92,-0.1,-1.9,0.4,0.5,
331,Oswaldo Cabrera,NYY,64,250,7,28,28,3,8.10%,19.80%,0.147,0.281,0.245,0.311,0.392,0.308,98,-0.2,-0.9,-2.5,0.5,
332,Leo Rivas,SEA,39,156,2,16,13,6,14.40%,25.80%,0.091,0.289,0.214,0.334,0.305,0.294,93,0.2,-1,0.8,0.5,
333,Ezequiel Duran,TEX,69,278,6,29,29,8,5.00%,23.60%,0.134,0.303,0.246,0.29,0.38,0.292,87,-0.1,-4.4,0,0.5,
334,Ryan Mountcastle,BAL,71,302,11,34,38,2,6.30%,24.90%,0.168,0.308,0.253,0.305,0.421,0.314,102,-0.2,0.7,-5.9,0.5,
335,Luis Urías,,45,178,5,19,18,2,9.90%,18.80%,0.139,0.265,0.233,0.323,0.371,0.308,97,-0.2,-0.9,0.1,0.5,
336,Masataka Yoshida,BOS,71,296,8,34,36,2,6.90%,13.80%,0.151,0.301,0.279,0.338,0.43,0.335,111,-0.7,3.1,-8.2,0.5,
337,Alex Call,LAD,52,218,5,26,22,3,11.80%,19.70%,0.14,0.277,0.237,0.335,0.376,0.316,103,-0.3,0.4,-2.6,0.5,
338,Mickey Moniak,COL,98,428,18,55,55,8,4.90%,24.80%,0.204,0.305,0.257,0.299,0.462,0.325,94,-0.3,-3.1,-6,0.5,
339,Andrew Benintendi,CHW,104,442,14,49,51,3,8.70%,17.50%,0.155,0.281,0.253,0.321,0.408,0.317,103,-0.9,0.5,-10.7,0.5,
340,Javier Sanoja,MIA,47,182,3,19,19,5,6.20%,11.10%,0.129,0.28,0.262,0.312,0.392,0.307,94,0.1,-1.1,0,0.5,
341,Orlando Arcia,,59,230,6,24,25,1,7.00%,20.80%,0.14,0.268,0.232,0.289,0.372,0.289,83,-0.3,-4.9,2,0.5,
342,Jeremiah Jackson,BAL,51,216,7,25,25,4,5.00%,22.60%,0.159,0.29,0.246,0.287,0.405,0.299,92,-0.1,-2.2,-0.3,0.5,
343,Garrett Mitchell,MIL,39,158,5,18,18,5,9.50%,29.40%,0.156,0.317,0.237,0.314,0.393,0.31,99,0.2,0,-0.3,0.5,
344,Matt Vierling,DET,57,248,5,27,24,3,8.00%,23.40%,0.13,0.301,0.242,0.309,0.372,0.299,90,0,-2.8,-0.9,0.5,
345,Edgar Quero,CHW,93,374,9,38,39,1,9.10%,18.10%,0.129,0.299,0.259,0.333,0.389,0.318,104,-1,0.6,-4.5,0.5,
346,Jeferson Quero,MIL,31,126,3,13,13,1,7.70%,19.50%,0.14,0.263,0.23,0.297,0.371,0.294,87,-0.1,-2,2.6,0.5,
347,Gary Sánchez,,54,221,10,25,28,1,8.10%,26.10%,0.189,0.262,0.223,0.299,0.412,0.31,97,-0.6,-1.3,0,0.5,
348,Denzel Clarke,ATH,74,278,6,31,27,9,7.50%,32.50%,0.135,0.325,0.226,0.294,0.361,0.289,81,0.6,-5.7,0.8,0.5,
349,JJ Wetherholt,STL,25,102,2,12,10,2,10.10%,18.10%,0.132,0.293,0.253,0.337,0.385,0.319,106,0,0.7,0.5,0.5,
350,Tyrone Taylor,NYM,84,326,8,36,35,9,5.40%,22.50%,0.145,0.281,0.233,0.286,0.378,0.289,87,1,-4.1,-2,0.5,
351,Owen Caissie,CHC,66,269,9,31,30,3,9.70%,31.00%,0.168,0.322,0.237,0.315,0.405,0.314,103,-0.2,0.6,-5,0.5,
352,Oswald Peraza,LAA,82,325,9,34,33,10,7.60%,26.00%,0.139,0.279,0.224,0.292,0.362,0.288,82,0.5,-6.5,-0.1,0.5,
353,Rhys Hoskins,,92,382,16,44,47,3,10.80%,27.00%,0.189,0.273,0.225,0.317,0.414,0.319,104,-1.3,0.3,-8.8,0.5,
354,Isiah Kiner-Falefa,,73,291,3,29,26,8,4.90%,17.00%,0.089,0.297,0.254,0.298,0.343,0.282,79,0.8,-6.5,1.1,0.5,
355,Luke Raley,SEA,69,284,11,32,33,4,7.40%,30.40%,0.172,0.292,0.223,0.304,0.395,0.307,102,-0.4,0.4,-5.8,0.5,
356,Taylor Walls,TBR,70,272,5,28,25,12,10.30%,23.30%,0.114,0.272,0.217,0.3,0.33,0.282,78,0.7,-6.4,1.4,0.4,
357,Nick Loftin,KCR,55,223,5,24,22,3,10.10%,15.90%,0.13,0.278,0.247,0.33,0.377,0.313,97,-0.2,-0.9,-2.4,0.4,
358,Christopher Morel,,60,255,11,31,33,5,9.50%,29.30%,0.197,0.285,0.228,0.307,0.424,0.317,102,0.2,1,-5.2,0.4,
359,Tyler Heineman,TOR,25,99,2,10,9,1,8.70%,21.90%,0.105,0.279,0.226,0.305,0.331,0.285,82,-0.2,-2.4,2.1,0.4,
360,Gavin Lux,CIN,95,390,7,40,38,2,10.40%,21.60%,0.12,0.315,0.254,0.334,0.374,0.314,96,-0.4,-2.4,-6.3,0.4,
361,Dylan Moore,,59,238,7,27,24,12,10.10%,28.80%,0.151,0.273,0.209,0.3,0.36,0.293,86,0.6,-3.4,-0.4,0.4,
362,Colby Thomas,ATH,53,220,8,25,27,3,5.70%,29.90%,0.183,0.309,0.238,0.291,0.421,0.307,93,-0.1,-1.8,-1.6,0.4,
363,Angel Martínez,CLE,44,187,4,20,19,3,6.30%,20.70%,0.137,0.282,0.239,0.293,0.376,0.293,87,0.2,-2.6,0.4,0.4,
364,José Tena,WSN,51,204,4,20,20,6,7.10%,24.90%,0.122,0.316,0.246,0.303,0.368,0.295,88,0,-3,0.3,0.4,
365,Ty France,,85,353,8,37,38,1,6.20%,18.70%,0.133,0.298,0.257,0.324,0.39,0.314,100,-0.8,-0.7,-7.2,0.4,
366,Leody Taveras,BAL,36,141,4,16,15,6,7.30%,20.80%,0.141,0.288,0.245,0.301,0.386,0.299,92,0.3,-1,0.2,0.4,
367,Willie MacIver,TEX,53,209,5,21,21,3,7.50%,26.60%,0.132,0.289,0.224,0.292,0.356,0.286,83,-0.1,-4.3,3.7,0.4,
368,Jake Fraley,TBR,54,218,6,25,24,7,9.10%,20.00%,0.144,0.294,0.252,0.326,0.395,0.316,101,0,0.4,-3.8,0.4,
369,Nolan Gorman,STL,73,298,13,34,37,2,10.10%,31.90%,0.19,0.283,0.219,0.3,0.409,0.308,98,-1,-1.5,-4.4,0.4,
370,Rob Refsnyder,,43,185,6,22,21,2,10.40%,26.10%,0.161,0.315,0.248,0.334,0.41,0.325,108,-0.3,1.4,-3.6,0.4,
371,Blake Perkins,MIL,51,206,4,21,19,7,10.50%,27.00%,0.121,0.297,0.224,0.309,0.344,0.291,86,0.3,-3.2,0.3,0.4,
372,Alan Roden,MIN,43,172,4,19,18,3,9.00%,18.80%,0.136,0.299,0.255,0.334,0.391,0.32,104,-0.1,0.7,-2.6,0.4,
373,Javier Báez,DET,63,244,6,25,26,3,3.90%,23.20%,0.138,0.286,0.238,0.275,0.376,0.282,79,0.2,-5.9,1.4,0.4,
374,Andrew Knizner,SFG,39,149,3,15,14,1,7.40%,21.50%,0.116,0.274,0.227,0.297,0.343,0.284,80,-0.2,-3.8,2.5,0.4,
375,Kristian Campbell,BOS,36,146,3,16,15,2,9.90%,25.60%,0.138,0.322,0.249,0.333,0.387,0.319,100,-0.1,-0.1,-1.1,0.4,
376,Luisangel Acuña,NYM,34,135,2,14,13,7,6.10%,17.90%,0.102,0.299,0.254,0.303,0.356,0.29,88,0.5,-1.5,0.8,0.4,
377,Drew Gilbert,SFG,63,250,7,27,26,3,8.40%,20.30%,0.149,0.268,0.231,0.305,0.379,0.301,94,-0.1,-1.9,-2.7,0.4,
378,Travis Bazzana,CLE,44,179,3,18,16,3,11.00%,28.00%,0.122,0.29,0.215,0.309,0.337,0.29,85,-0.1,-3.2,0.7,0.4,
379,James Outman,MIN,49,196,7,22,21,4,10.10%,33.80%,0.168,0.3,0.213,0.302,0.381,0.3,90,0.1,-2.2,-0.9,0.4,
380,George Valera,CLE,69,311,12,38,35,2,10.30%,27.60%,0.176,0.283,0.227,0.31,0.403,0.312,100,-0.4,-0.2,-6.8,0.4,
381,Johnathan Rodríguez,CLE,42,172,6,19,20,1,8.80%,28.60%,0.166,0.32,0.246,0.317,0.412,0.317,104,-0.3,0.6,-2.8,0.4,
382,Zach Cole,HOU,69,259,9,30,28,7,8.30%,37.60%,0.169,0.32,0.213,0.286,0.382,0.291,85,0.3,-4.1,-1.2,0.4,
383,Will Benson,CIN,76,305,11,36,35,8,10.80%,31.00%,0.183,0.294,0.222,0.31,0.404,0.311,94,-0.4,-2.5,-4.1,0.4,
384,Connor Wong,BOS,58,232,5,24,24,4,6.90%,24.90%,0.131,0.304,0.24,0.3,0.372,0.295,83,-0.3,-4.9,3.4,0.4,
385,Jonathon Long,CHC,29,119,3,13,13,0,10.00%,23.00%,0.14,0.299,0.245,0.327,0.385,0.314,103,-0.2,0.2,-0.7,0.4,
386,Josh Rojas,,59,238,4,25,22,5,9.10%,22.00%,0.112,0.293,0.236,0.309,0.348,0.291,85,-0.2,-4.5,-0.1,0.4,
387,Robert Hassell III,WSN,64,250,5,25,24,5,7.30%,23.40%,0.113,0.303,0.243,0.302,0.356,0.289,84,0,-4.8,-0.1,0.4,
388,César Salazar,HOU,35,143,3,14,13,1,9.10%,21.80%,0.113,0.249,0.205,0.295,0.318,0.276,75,-0.2,-4.3,2.1,0.4,
389,Ryan Bliss,SEA,34,133,3,14,13,8,8.50%,26.30%,0.134,0.284,0.221,0.294,0.356,0.287,89,0.3,-1.5,0.3,0.3,
390,Brett Harris,ATH,45,176,4,19,18,2,9.20%,21.60%,0.132,0.28,0.234,0.314,0.366,0.302,89,-0.2,-2.4,-0.3,0.3,
391,Tommy Pham,,84,364,9,41,37,6,9.10%,22.90%,0.138,0.301,0.245,0.317,0.383,0.307,95,-0.9,-3,-6,0.3,
392,Jake Mangum,TBR,51,208,2,21,20,8,4.90%,17.70%,0.098,0.326,0.276,0.316,0.373,0.302,92,0.3,-1.8,-2,0.3,
393,Gio Urshela,,47,190,4,19,19,1,6.00%,18.90%,0.118,0.303,0.258,0.305,0.375,0.297,89,-0.4,-2.9,-0.2,0.3,
394,Nick Allen,HOU,40,151,2,15,13,4,8.00%,19.80%,0.086,0.287,0.235,0.3,0.321,0.278,76,0.1,-4.2,2.2,0.3,
395,Travis d'Arnaud,LAA,42,168,5,17,18,1,6.30%,28.50%,0.156,0.273,0.216,0.274,0.372,0.282,77,-0.5,-5,2.8,0.3,
396,Everson Pereira,CHW,61,248,9,26,28,4,8.10%,31.90%,0.168,0.292,0.219,0.291,0.387,0.296,88,-0.2,-3.5,-1.8,0.3,
397,Esteury Ruiz,LAD,23,96,2,12,10,7,8.10%,23.00%,0.147,0.298,0.244,0.317,0.391,0.311,99,0.5,0.4,-0.5,0.3,
398,Randal Grichuk,,45,190,7,22,24,1,6.20%,20.80%,0.181,0.283,0.251,0.303,0.432,0.316,102,-0.2,0.3,-3.6,0.3,
399,James McCann,ARI,42,164,5,17,18,1,5.50%,25.30%,0.146,0.3,0.242,0.291,0.387,0.295,87,-0.5,-3.1,2.1,0.3,
400,Daniel Schneemann,CLE,49,202,5,21,19,4,9.90%,27.30%,0.133,0.282,0.217,0.298,0.35,0.287,84,-0.2,-4.1,0.3,0.3,
401,Santiago Espinal,CIN,46,186,2,19,17,2,6.70%,13.50%,0.093,0.291,0.259,0.313,0.352,0.294,87,-0.1,-3,-0.2,0.3,
402,Jon Berti,,40,158,2,17,15,8,7.10%,20.20%,0.1,0.308,0.253,0.312,0.354,0.294,87,0.7,-1.8,-0.5,0.3,
403,Jimmy Crooks,STL,25,99,2,10,10,0,6.90%,26.20%,0.13,0.302,0.235,0.294,0.366,0.289,86,-0.1,-1.8,2,0.3,
404,Andrés Chaparro,WSN,66,280,10,31,34,1,8.50%,24.00%,0.176,0.279,0.236,0.307,0.412,0.312,99,-0.5,-0.7,-5.6,0.3,
405,Jose Iglesias,,42,171,2,16,16,2,5.40%,16.70%,0.097,0.3,0.258,0.306,0.354,0.291,85,-0.3,-3.4,0.6,0.3,
406,Jorge Mateo,,51,201,4,22,20,14,5.70%,24.80%,0.132,0.283,0.226,0.274,0.358,0.276,74,1.5,-4.5,0.7,0.3,
407,Sam Haggerty,TEX,43,184,3,22,17,9,8.30%,21.90%,0.121,0.31,0.25,0.318,0.371,0.303,95,0.6,-0.6,-2.8,0.3,
408,Luke Maile,,33,128,2,13,12,1,9.20%,28.90%,0.114,0.294,0.216,0.297,0.33,0.28,77,-0.2,-3.6,2.9,0.3,
409,Austin Wynns,ATH,23,92,3,10,10,1,6.80%,28.20%,0.139,0.299,0.23,0.289,0.369,0.288,80,-0.1,-2.3,2.4,0.3,
410,Drew Millas,WSN,18,71,1,7,7,1,8.10%,17.00%,0.119,0.28,0.244,0.309,0.363,0.295,88,0,-1,1.3,0.3,
411,José Fermín,STL,18,72,1,8,7,2,11.40%,13.20%,0.122,0.27,0.246,0.343,0.368,0.318,105,0,0.5,0,0.3,
412,Braxton Fulford,COL,46,181,5,20,20,2,7.40%,26.90%,0.16,0.307,0.24,0.308,0.4,0.309,83,-0.1,-3.6,3.2,0.3,
413,Dylan Carlson,,43,173,4,19,18,3,10.20%,23.60%,0.142,0.286,0.232,0.319,0.374,0.307,95,0,-1,-2.1,0.3,
414,Jordan Beck,COL,102,440,13,51,51,13,7.90%,27.70%,0.161,0.323,0.248,0.311,0.409,0.313,87,0.3,-6.7,-5.2,0.3,
415,Richie Palacios,TBR,42,174,3,19,16,5,10.90%,19.40%,0.119,0.284,0.238,0.328,0.358,0.306,94,0.2,-1,-2.2,0.3,
416,Michael Conforto,,72,295,10,32,33,1,10.20%,24.70%,0.161,0.275,0.227,0.314,0.388,0.309,97,-0.6,-1.6,-5.7,0.3,
417,Andruw Monasterio,MIL,38,151,2,16,14,4,9.40%,24.30%,0.108,0.301,0.234,0.312,0.341,0.292,86,0.1,-2.4,0.1,0.3,
418,Walker Jenkins,MIN,32,132,3,14,13,3,9.80%,23.20%,0.129,0.302,0.241,0.323,0.37,0.307,95,0,-0.7,-1.1,0.3,
419,Nathan Church,STL,25,100,2,11,10,2,6.60%,14.80%,0.115,0.289,0.259,0.314,0.374,0.302,95,0,-0.6,0,0.3,
420,Tyler Fitzgerald,SFG,35,140,4,15,14,4,6.40%,29.00%,0.142,0.298,0.226,0.283,0.368,0.285,83,0.3,-2.5,0.5,0.3,
421,Vaughn Grissom,BOS,21,83,2,9,8,1,7.90%,19.20%,0.122,0.302,0.255,0.321,0.377,0.307,92,0,-0.8,0.5,0.3,
422,Sebastian Walcott,TEX,23,92,2,10,9,3,8.90%,23.80%,0.121,0.29,0.23,0.303,0.35,0.29,85,0,-1.6,0.9,0.3,
423,Tyler Locklear,ARI,66,268,8,30,30,5,8.70%,27.20%,0.156,0.31,0.24,0.318,0.396,0.313,99,-0.1,-0.4,-6,0.3,
424,Ryan Waldschmidt,ARI,21,87,2,10,9,2,11.30%,22.20%,0.131,0.307,0.247,0.342,0.378,0.32,104,0,0.4,-0.7,0.3,
425,Alejandro Osuna,TEX,23,95,2,11,10,3,9.40%,21.30%,0.137,0.3,0.249,0.329,0.386,0.315,103,0,0.4,-1.2,0.3,
426,LaMonte Wade Jr.,,53,225,6,26,23,1,13.00%,22.60%,0.144,0.28,0.231,0.338,0.375,0.316,102,-0.9,-0.5,-4.6,0.3,
427,Starling Marte,,60,254,6,28,27,6,6.30%,21.80%,0.13,0.32,0.264,0.32,0.394,0.312,99,0,-0.2,-5.9,0.3,
428,Jake Bauers,MIL,61,243,9,28,28,6,12.10%,30.30%,0.175,0.279,0.214,0.315,0.389,0.309,98,-0.4,-0.9,-4.7,0.3,
429,Andy Ibáñez,,34,145,3,15,14,2,6.90%,19.90%,0.127,0.29,0.245,0.304,0.372,0.297,88,-0.3,-2.3,-0.1,0.3,
