Rank	Player ID	Player	Team	Position(s)	ADP	Min Pick	Max Pick	Difference	# Picks	Team	Team Pick
1	9810	Ohtani, Shohei	LAD	UT, P	1.18	1	4		749		
2	8956	Judge, Aaron	NYY	OF	1.97	1	4		749		
3	10932	Witt Jr., Bobby	KC	SS	3.19	1	6		749		
4	10030	Soto, Juan	NYM	OF	4.15	1	8		749		
5	8594	Ramirez, Jose	CLE	3B	5.35	2	10		749		
6	10711	Skubal, Tarik	DET	P	7.18	2	20		749		
7	9775	Acuna Jr., Ronald	ATL	OF	7.77	1	17		749		
8	11583	De La Cruz, Elly	CIN	SS	9.01	3	16		749		
9	11025	Carroll, Corbin	ARZ	OF	9.43	4	23		749		
10	10260	Rodriguez, Julio	SEA	OF	9.92	4	16		749		
11	11885	Skenes, Paul	PIT	P	11.18	5	29		749		
12	10900	Crochet, Garrett	BOS	P	12.13	4	28		749		
13	9948	Tatis Jr., Fernando	SD	OF	14.40	5	23		749		
14	11108	Henderson, Gunnar	BAL	SS	14.88	7	25		749		
15	11875	Caminero, Junior	TB	3B	15.17	6	24		749		
16	9787	Tucker, Kyle	LAD	OF	16.25	5	28		749		
17	10866	Raleigh, Cal	SEA	C	17.63	4	28		749		
18	8226	Lindor, Francisco	NYM	SS	18.48	9	49		749		
19	12222	Kurtz, Nick	ATH	1B	18.48	3	31		749		
20	9785	Guerrero Jr., Vladimir	TOR	1B	18.77	8	31		749		
21	11738	Chourio, Jackson	MLW	OF	20.32	11	30		749		
22	10231	Chisholm Jr., Jazz	NYY	2B, 3B	21.21	11	32		749		
23	8940	Schwarber, Kyle	PHI	UT	24.44	11	39		749		
24	10312	Alonso, Pete	BAL	1B	26.31	13	43		749		
25	11883	Yamamoto, Yoshinobu	LAD	P	26.42	11	74		749		
26	9132	Turner, Trea	PHI	SS	26.78	16	44		749		
27	11741	Neto, Zach	LAA	SS	31.00	17	52		749		
28	11864	Crow-Armstrong, Pete	CHC	OF	31.04	14	51		749		
29	11750	Wood, James	WAS	OF	31.68	16	56		749		
30	10770	Sanchez, Cristopher	PHI	P	31.69	14	66		749		
31	9112	Marte, Ketel	ARZ	2B	34.34	19	60		749		
32	7891	Machado, Manny	SD	3B	36.93	19	60		749		
33	9376	Diaz, Edwin	LAD	P	37.93	14	116		749		
34	10712	Gilbert, Logan	SEA	P	38.26	23	87		749		
35	10367	Alvarez, Yordan	HOU	UT	38.81	16	83		749		
36	11435	Brown, Hunter	HOU	P	38.82	17	83		749		
37	11787	Miller, Mason	SD	P	39.00	13	124		749		
38	7887	Sale, Chris	ATL	P	41.13	14	97		749		
39	11800	Woo, Bryan	SEA	P	43.06	16	83		749		
40	10134	Munoz, Andres	SEA	P	43.36	17	128		749		
41	10239	Duran, Jhoan	PHI	P	46.60	19	144		749		
42	11881	Langford, Wyatt	TEX	OF	47.71	25	77		749		
43	7885	Harper, Bryce	PHI	1B	47.93	22	71		749		
44	11982	Smith, Cade	CLE	P	48.46	23	137		749		
45	8690	Olson, Matt	ATL	1B	49.05	24	77		749		
46	10216	Greene, Hunter	CIN	P	50.74	21	112		749		
47	10149	Rooker, Brent	ATH	OF	51.15	26	82		749		
48	8784	deGrom, Jacob	TEX	P	51.37	23	124		749		
49	10364	Contreras, William	MLW	C	52.53	25	78		749		
50	11911	Rice, Ben	NYY	C, 1B	53.48	13	95		749		
51	8638	Betts, Mookie	LAD	SS	53.71	18	82		749		
52	9708	Devers, Rafael	SF	1B	54.31	27	87		749		
53	10845	Langeliers, Shea	ATH	C	54.72	23	80		749		
54	10166	Ragans, Cole	KC	P	55.86	25	120		749		
55	11948	Anthony, Roman	BOS	OF	56.51	25	87		749		
56	11045	Abrams, CJ	WAS	SS	56.65	31	84		749		
57	10151	Turang, Brice	MLW	2B	57.58	30	102		749		
58	8704	Fried, Max	NYY	P	57.82	33	105		749		
59	10480	Webb, Logan	SF	P	60.52	32	102		749		
60	10255	Naylor, Josh	SEA	1B	64.68	21	97		749		
61	10681	Bednar, David	NYY	P	64.72	28	186		749		
62	9915	Peralta, Freddy	NYM	P	64.74	31	139		749		
63	7793	Freeman, Freddie	LAD	1B	65.01	33	93		749		
64	7709	Chapman, Aroldis	BOS	P	66.08	27	187		749		
65	11848	Goodman, Hunter	COL	C	66.96	32	96		749		
66	11891	Merrill, Jackson	SD	OF	69.29	22	100		749		
67	9821	Riley, Austin	ATL	3B	70.72	35	98		749		
68	10824	Duran, Jarren	BOS	OF	72.17	20	103		749		
69	10874	Kirby, George	SEA	P	72.25	45	139		749		
70	10786	Ryan, Joe	MIN	P	73.26	28	157		749		
71	10822	Greene, Riley	DET	OF	73.34	31	105		749		
72	8674	Buxton, Byron	MIN	OF	74.94	37	113		749		
73	10665	Williams, Devin	NYM	P	75.17	31	233		749		
74	9492	Hader, Josh	HOU	P	75.56	33	290		749		
75	11387	Garcia, Maikel	KC	3B	77.21	41	132		749		
76	11985	Ramirez, Agustin	MIA	C	78.03	42	115		749		
77	10397	Perdomo, Geraldo	ARZ	SS	78.17	30	123		749		
78	9649	Bellinger, Cody	NYY	OF	78.98	32	120		749		
79	10191	Cease, Dylan	TOR	P	80.66	44	141		749		
80	11415	Pasquantino, Vinnie	KC	1B	82.58	37	118		749		
81	10235	Luzardo, Jesus	PHI	P	82.85	51	146		749		
82	11099	Bradish, Kyle	BAL	P	82.93	53	149		749		
83	12203	Baldwin, Drake	ATL	C	86.48	43	139		749		
84	11071	Soderstrom, Tyler	ATH	OF, 1B	88.98	46	125		749		
85	10671	Arozarena, Randy	SEA	OF	90.28	40	123		749		
86	9328	Snell, Blake	LAD	P	91.45	38	243		749		
87	11305	Suzuki, Seiya	CHC	OF	92.80	39	128		749		
88	11309	Pena, Jeremy	HOU	SS	93.24	33	143		749		
89	8134	Perez, Salvador	KC	C, 1B	94.23	31	134		749		
90	11591	Perez, Eury	MIA	P	95.17	41	189		749		
91	10083	Valdez, Framber	DET	P	95.39	62	148		749		
92	9570	Pivetta, Nick	SD	P	96.03	43	150		749		
93	9294	Estevez, Carlos	KC	P	96.12	43	273		749		
94	10305	Cruz, Oneil	PIT	OF	96.76	25	143		749		
95	8433	Springer, George	TOR	OF	97.69	31	153		749		
96	8981	Iglesias, Raisel	ATL	P	98.02	42	259		749		
97	11065	Harris II, Michael	ATL	OF	98.50	56	129		749		
98	8668	Seager, Corey	TEX	SS	98.55	32	132		749		
99	10363	Smith, Will	LAD	C	100.24	49	153		749		
100	9820	Bichette, Bo	NYM	SS	100.40	48	162		749		
101	10302	Hoerner, Nico	CHC	2B	102.57	49	155		749		
102	12443	McLean, Nolan	NYM	P	103.44	63	190		749		
103	8658	Story, Trevor	BOS	SS	104.41	36	150		749		
104	10321	Helsley, Ryan	BAL	P	106.99	34	312		749		
105	11048	Busch, Michael	CHC	1B	107.00	54	152		749		
106	11300	Strider, Spencer	ATL	P	107.29	54	201		749		
107	8805	Suarez, Eugenio	CIN	3B	108.76	40	177		749		
108	11559	Diaz, Yainer	HOU	C	110.91	61	156		749		
109	8116	Altuve, Jose	HOU	OF, 2B	112.25	46	153		749		
110	9415	Bregman, Alex	CHC	3B	114.98	39	176		749		
111	7903	Yelich, Christian	MLW	UT	122.17	44	196		749		
112	9958	Robert Jr., Luis	NYM	OF	122.18	61	171		749		
113	8427	Gausman, Kevin	TOR	P	122.31	81	176		749		
114	12193	Burns, Chase	CIN	P	123.07	75	246		749		
115	8971	Adames, Willy	SF	SS	124.51	77	192		749		
116	9678	Woodruff, Brandon	MLW	P	124.67	42	219		749		
117	8975	Hoffman, Jeff	TOR	P	125.16	47	305		749		
118	8700	Glasnow, Tyler	LAD	P	125.22	65	248		749		
119	10241	Adell, Jo	LAA	OF	126.13	73	201		749		
120	11414	Stowers, Kyle	MIA	OF	126.61	71	180		749		
121	9428	Hernandez, Teoscar	LAD	OF	128.35	53	175		749		
122	11682	Pages, Andy	LAD	OF	130.56	74	186		749		
123	10634	Fairbanks, Pete	MIA	P	130.92	66	320		749		
124	9639	Diaz, Yandy	TB	1B	131.36	60	195		749		
125	8546	Gray, Sonny	BOS	P	131.99	79	207		749		
126	9652	Pagan, Emilio	CIN	P	133.58	46	344		749		
127	11628	Rafaela, Ceddanne	BOS	2B, OF	133.93	61	237		749		
128	10804	Megill, Trevor	MLW	P	134.10	49	354		749		
129	10419	Marte, Noelvi	CIN	OF, 3B	134.39	69	195		749		
130	11894	Misiorowski, Jacob	MLW	P	134.45	75	249		749		
131	12228	Keaschall, Luke	MIN	2B	136.48	75	197		749		
132	10964	Lodolo, Nick	CIN	P	137.03	91	234		749		
133	12361	Schlittler, Cam	NYY	P	138.78	50	257		749		
134	7931	Jansen, Kenley	DET	P	139.65	61	352		749		
135	10289	King, Michael	SD	P	140.55	77	245		749		
136	11811	Sheehan, Emmet	LAD	P	141.17	91	263		749		
137	8955	Nimmo, Brandon	TEX	OF	141.45	77	195		749		
138	11821	Palencia, Daniel	CHC	P	141.61	73	334		749		
139	9432	Swanson, Dansby	CHC	SS	143.34	92	195		749		
140	11059	Pepiot, Ryan	TB	P	144.20	85	232		749		
141	11939	Marsee, Jakob	MIA	OF	145.24	50	211		749		
142	8235	Wheeler, Zack	PHI	P	145.60	34	344		749		
143	11649	Butler, Lawrence	ATH	OF	145.95	83	204		749		
144	11751	Holliday, Jackson	BAL	2B	146.80	75	273		749		
145	11610	Westburg, Jordan	BAL	3B	148.03	71	507		740		
146	10704	Rutschman, Adley	BAL	C	150.18	66	217		749		
147	10076	Ward, Taylor	BAL	OF	153.57	85	201		749		
148	10851	Kirk, Alejandro	TOR	C	154.44	81	229		749		
149	11590	Williams, Gavin	CLE	P	154.54	84	259		749		
150	9754	Alcantara, Sandy	MIA	P	157.30	97	219		749		
151	8775	Ray, Robbie	SF	P	159.52	78	248		749		
152	12463	Yesavage, Trey	TOR	P	159.65	103	262		749		
153	8130	Eovaldi, Nathan	TEX	P	159.89	56	259		749		
154	10807	Rasmussen, Drew	TB	P	160.95	104	261		749		
155	9721	Albies, Ozzie	ATL	2B	161.49	82	224		749		
156	11653	Doyle, Brenton	COL	OF	161.61	89	227		749		
157	12212	Simpson, Chandler	TB	OF	162.39	79	276		749		
158	11315	Kwan, Steven	CLE	OF	162.64	87	210		749		
159	9683	Chapman, Matt	SF	3B	163.78	93	239		749		
160	12035	Chandler, Bubba	PIT	P	163.79	91	268		749		
161	9917	Santana, Dennis	PIT	P	164.69	57	373		749		
162	11922	Crews, Dylan	WAS	OF	164.70	85	227		749		
163	10220	Herrera, Ivan	STL	UT	164.85	74	290		749		
164	9506	Castillo, Luis	SEA	P	167.51	103	256		749		
165	12039	Basallo, Samuel	BAL	C	170.46	98	234		749		
166	10351	Rogers, Trevor	BAL	P	170.48	26	264		749		
167	11664	Uribe, Abner	MLW	P	170.61	76	398		749		
168	12127	Wilson, Jacob	ATH	SS	170.91	93	250		749		
169	10068	Lowe, Brandon	PIT	2B	172.04	76	238		749		
170	11117	Moreno, Gabriel	ARZ	C	173.37	101	242		749		
171	11884	Imanaga, Shota	CHC	P	174.74	75	261		749		
172	11118	Alvarez, Francisco	NYM	C	174.97	94	233		749		
173	12471	Imai, Tatsuya	HOU	P	175.23	77	389		749		
174	10365	Edwards, Xavier	MIA	2B, SS	175.34	104	257		749		
175	9655	Happ, Ian	CHC	OF	176.06	109	248		749		
176	11421	Burleson, Alec	STL	1B, OF	178.61	99	289		749		
177	11407	Suarez, Robert	ATL	P	178.99	37	419		746		
178	11901	Teel, Kyle	CWS	C	180.33	106	241		749		
179	8228	Profar, Jurickson	ATL	OF	181.13	87	240		749		
180	11394	Aranda, Jonathan	TB	1B	182.66	90	254		749		
181	9840	Suarez, Ranger	BOS	P	183.93	92	257		749		
182	11086	Stott, Bryson	PHI	2B	184.04	122	254		749		
183	9263	Contreras, Willson	BOS	1B	184.48	98	280		749		
184	10831	Torkelson, Spencer	DET	1B	184.82	112	245		749		
185	12096	Schwellenbach, Spencer	ATL	P	184.96	55	680		682		
186	7689	Trout, Mike	LAA	OF	186.13	37	266		749		
187	11595	Bibee, Tanner	CLE	P	187.95	104	260		749		
188	10319	Lewis, Royce	MIN	3B	188.14	110	260		749		
189	8924	Walker, Christian	HOU	1B	189.74	110	259		749		
190	11596	Barger, Addison	TOR	3B, OF	191.39	113	296		749		
191	10038	Bieber, Shane	TOR	P	194.29	91	425		747		
192	10153	Reynolds, Bryan	PIT	OF	195.52	125	258		749		
193	12456	Jensen, Carter	KC	C	195.98	103	306		749		
194	11794	Walker, Ryan	SF	P	196.00	92	413		749		
195	11886	Horton, Cade	CHC	P	197.43	109	297		749		
196	10721	Cabrera, Edward	CHC	P	197.93	137	297		749		
197	9973	Gore, MacKenzie	TEX	P	198.26	119	280		749		
198	11581	Frelick, Sal	MLW	OF	199.34	106	306		749		
199	8942	Rodon, Carlos	NYY	P	199.89	49	379		749		
200	10180	Varsho, Daulton	TOR	OF	200.31	114	266		749		
201	10218	Paredes, Isaac	HOU	3B	200.75	83	299		749		
202	11346	Tovar, Ezequiel	COL	SS	201.19	108	301		749		
203	10331	Baz, Shane	BAL	P	204.81	152	289		749		
204	12364	Lile, Daylen	WAS	OF	205.80	124	316		749		
205	8800	Realmuto, J.T.	PHI	C	205.88	135	272		749		
206	12453	Stewart, Sal	CIN	1B	206.40	129	300		749		
207	11613	McLain, Matt	CIN	2B	208.45	55	292		749		
208	12351	Murakami, Munetaka	CWS	3B	213.31	86	343		748		
209	8961	Nola, Aaron	PHI	P	213.43	124	277		749		
210	10213	Ramos, Heliot	SF	OF	213.90	139	285		749		
211	12211	Caglianone, Jac	KC	OF	215.69	99	300		749		
212	10422	Lopez, Otto	MIA	SS, 2B	215.86	130	305		749		
213	11786	Caballero, Jose	NYY	OF, 2B, 3B, SS	216.34	126	332		749		
214	12469	Griffin, Konnor	PIT	SS	216.77	84	376		736		
215	11892	Montgomery, Colson	CWS	SS	217.78	37	309		749		
216	9919	Laureano, Ramon	SD	OF	218.67	99	329		749		
217	10933	Bubic, Kris	KC	P	218.72	124	305		748		
218	10920	Dingler, Dillon	DET	C	219.34	127	351		749		
219	8832	Polanco, Jorge	NYM	2B	220.91	114	319		749		
220	11530	Carpenter, Kerry	DET	OF	222.14	145	286		749		
221	11802	Abbott, Andrew	CIN	P	222.30	128	295		749		
222	11218	Jax, Griffin	TB	P	224.77	115	441		747		
223	9750	Flaherty, Jack	DET	P	225.92	126	295		749		
224	9944	Gallen, Zac	ARZ	P	226.35	114	286		749		
225	9876	Lopez, Pablo	MIN	P	226.63	85	462		645		
226	11599	Wells, Austin	NYY	C	227.07	118	351		748		
227	12084	Beck, Jordan	COL	OF	227.93	171	314		749		
228	8417	Bogaerts, Xander	SD	SS	228.21	152	307		749		
229	11709	Abreu, Wilyer	BOS	OF	228.46	164	307		749		
230	10279	Garcia Jr., Luis	WAS	2B	229.90	141	299		749		
231	11749	Dominguez, Jasson	NYY	OF	232.65	121	436		745		
232	9087	Boyd, Matthew	CHC	P	233.23	75	297		749		
233	11940	Sasaki, Roki	LAD	P	234.47	71	376		748		
234	9964	Garcia, Adolis	PHI	OF	235.51	117	328		749		
235	11600	Manzardo, Kyle	CLE	1B	236.44	151	319		748		
236	10506	Kelly, Merrill	ARZ	P	238.93	155	356		749		
237	9778	Torres, Gleyber	DET	2B	239.19	129	312		748		
238	12204	Durbin, Caleb	BOS	3B	240.74	150	325		749		
239	11075	O'Hoppe, Logan	LAA	C	241.68	157	320		748		
240	11921	Shaw, Matt	CHC	3B	241.70	131	390		748		
241	10332	McClanahan, Shane	TB	P	243.53	156	376		747		
242	9784	Moniak, Mickey	COL	OF	244.14	132	304		749		
243	8602	Semien, Marcus	NYM	2B	244.68	149	361		749		
244	10358	Stephenson, Tyler	CIN	C	246.83	158	360		748		
245	11636	Miller, Bryce	SEA	P	247.04	133	366		749		
246	12459	Early, Connelly	BOS	P	247.19	143	413		749		
247	10658	Grisham, Trent	NYY	OF	248.15	150	354		749		
248	9248	Musgrove, Joe	SD	P	249.38	173	358		749		
249	8691	Muncy, Max	LAD	3B	250.28	134	337		748		
250	7789	Stanton, Giancarlo	NYY	OF	251.68	133	330		749		
251	11609	Cowser, Colton	BAL	OF	251.99	181	333		749		
252	11327	Leiter, Jack	TEX	P	253.71	184	338		747		
253	10125	Bohm, Alec	PHI	3B	256.52	103	359		749		
254	11556	Steer, Spencer	CIN	1B	259.34	143	356		745		
255	10946	Jeffers, Ryan	MIN	C	259.80	142	405		744		
256	10344	Friedl, TJ	CIN	OF	262.88	184	316		749		
257	8656	Correa, Carlos	HOU	3B, SS	264.46	160	346		748		
258	11326	Nelson, Ryne	ARZ	P	266.45	162	356		749		
259	10254	Lowe, Josh	LAA	OF	267.25	206	398		747		
260	12201	Cameron, Noah	KC	P	267.41	167	350		748		
261	10481	Arraez, Luis	SF	1B	268.03	85	409		747		
262	11123	Baty, Brett	NYM	2B, 3B	268.48	166	382		746		
263	10381	Abreu, Bryan	HOU	P	268.67	111	470		738		
264	12490	Okamoto, Kazuma	TOR	3B	270.91	74	590		722		
265	10899	Winn, Masyn	STL	SS	272.31	169	346		747		
266	10159	Mize, Casey	DET	P	273.70	178	380		748		
267	10224	Burger, Jake	TEX	1B	274.15	183	366		743		
268	12305	Smith, Shane	CWS	P	277.47	158	397		743		
269	12302	Wetherholt, JJ	STL	SS	281.01	164	391		716		
270	9824	O'Hearn, Ryan	PIT	1B, OF	281.68	140	412		742		
271	11131	Priester, Quinn	MLW	P	284.47	195	356		744		
272	11357	Donovan, Brendan	SEA	2B	285.85	155	361		736		
273	8231	Cole, Gerrit	NYY	P	287.21	126	499		728		
274	10417	Vargas, Miguel	CWS	1B, 3B	290.77	191	392		738		
275	11903	Lee, Jung Hoo	SF	OF	291.37	204	367		740		
276	11162	O'Brien, Riley	STL	P	292.97	172	514		732		
277	10925	Clement, Ernie	TOR	2B, 3B, SS	296.83	174	395		731		
278	11060	Uceta, Edwin	TB	P	297.03	155	573		724		
279	10401	Cantillo, Joey	CLE	P	299.26	220	400		732		
280	11501	Sosa, Lenyn	CWS	1B, 2B	299.54	111	439		720		
281	9599	Santander, Anthony	TOR	OF	300.29	99	746		678		
282	10282	Vientos, Mark	NYM	3B	301.99	118	410		726		
283	10788	Vaughn, Andrew	MLW	1B	302.14	207	381		729		
284	12238	Henderson, Logan	MLW	P	310.71	151	489		719		
285	12470	McGonigle, Kevin	DET	SS	311.13	168	474		715		
286	12012	Narvaez, Carlos	BOS	C	314.31	200	393		715		
287	11753	Carter, Evan	TEX	OF	317.64	153	390		713		
288	11182	Senga, Kodai	NYM	P	317.88	186	378		707		
289	10207	Rodriguez, Grayson	LAA	P	320.56	199	412		710		
290	10072	Mullins, Cedric	TB	OF	325.46	220	399		718		
291	11887	Waldrep, Hurston	ATL	P	328.34	153	738		674		
292	11825	Keith, Colt	DET	2B, 3B	328.35	186	370		701		
293	12303	Crawford, Justin	PHI	OF	328.52	215	550		703		
294	11159	Ober, Bailey	MIN	P	329.15	195	408		699		
295	11919	DeLauter, Chase	CLE	OF	330.14	226	491		717		
296	8666	Manaea, Sean	NYM	P	331.41	225	448		696		
297	12226	Beavers, Dylan	BAL	OF	332.73	226	413		711		
298	10133	Gimenez, Andres	TOR	2B	334.57	212	428		701		
299	11186	Vest, Will	DET	P	335.36	94	582		677		
300	12430	Melton, Troy	DET	P	336.68	195	626		690		
301	11823	Garcia, Robert	TEX	P	338.90	29	639		693		
302	12148	Matthews, Zebby	MIN	P	338.99	172	421		699		
303	11576	Wallner, Matt	MIN	OF	340.75	204	446		702		
304	12215	Messick, Parker	CLE	P	341.31	203	449		697		
305	11999	Ashcraft, Braxton	PIT	P	341.47	173	430		674		
306	11844	Schanuel, Nolan	LAA	1B	343.67	190	445		692		
307	7886	Taillon, Jameson	CHC	P	343.89	188	397		702		
308	10325	Weathers, Ryan	NYY	P	345.49	198	415		660		
309	8478	Ozuna, Marcell	PIT	UT	349.64	154	470		699		
310	10145	Singer, Brady	CIN	P	349.66	230	401		691		
311	10569	Edman, Tommy	LAD	2B, OF	351.16	210	484		679		
312	11362	Bello, Brayan	BOS	P	352.59	212	406		694		
313	9452	Kelly, Carson	CHC	C	355.17	195	408		678		
314	9710	Bader, Harrison	SF	OF	356.92	223	531		686		
315	10774	Ponce, Cody	TOR	P	358.57	193	646		671		
316	11947	Scott II, Victor	STL	OF	359.15	221	527		695		
317	12191	Quero, Edgar	CWS	C	360.15	99	462		680		
318	10980	Jung, Josh	TEX	3B	360.81	195	472		673		
319	11420	Seymour, Ian	TB	P	362.42	199	546		679		
320	11898	Warren, Will	NYY	P	363.13	242	448		689		
321	10143	Naylor, Bo	CLE	C	370.01	225	469		669		
322	10792	Finnegan, Kyle	DET	P	372.13	106	583		666		
323	11619	Burrows, Mike	HOU	P	372.90	172	599		651		
324	11740	Lee, Brooks	MIN	2B, 3B, SS	376.96	216	393		637		
325	12331	Smith, Cam	HOU	OF	377.16	230	479		668		
326	9993	McKinstry, Zach	DET	3B, SS, OF	383.45	198	393		638		
327	12028	Leasure, Jordan	CWS	P	387.57	134	613		649		
328	11147	Kim, Ha-Seong	ATL	SS	389.31	180	583		636		
329	11439	Lawlar, Jordan	ARZ	3B	392.57	205	505		648		
330	12359	Taylor, Grant	CWS	P	395.13	212	584		641		
331	10236	Sanchez, Jesus	TOR	OF	396.99	243	491		639		
332	9856	Castro, Willi	COL	2B, 3B, OF	397.52	135	499		603		
333	9765	Robles, Victor	SEA	OF	398.08	179	469		641		
334	10885	Walker, Jordan	STL	OF	399.15	243	558		654		
335	11187	Soriano, Jose	LAA	P	400.43	233	465		632		
336	8221	Castellanos, Nick	SD	OF	402.31	196	537		645		
337	9555	Holmes, Clay	NYM	P	402.47	236	408		630		
338	11585	Painter, Andrew	PHI	P	404.98	211	472		628		
339	11778	Canzone, Dominic	SEA	OF	405.50	258	516		626		
340	10915	Detmers, Reid	LAA	P	408.78	246	504		636		
341	11907	Snelling, Robby	MIA	P	409.26	70	550		615		
342	12259	Patrick, Chad	MLW	P	411.29	267	519		624		
343	12227	Meidroth, Chase	CWS	2B, SS	413.21	233	481		604		
344	9312	Lugo, Seth	KC	P	413.40	248	443		629		
345	11594	Olson, Reese	DET	P	415.28	206	749		588		
346	10438	Kikuchi, Yusei	LAA	P	416.69	227	486		619		
347	11441	Smith, Josh	TEX	1B, 3B, SS	423.10	222	417		582		
348	11325	Volpe, Anthony	NYY	SS	423.12	217	483		594		
349	9742	Mahle, Tyler	SF	P	424.75	201	551		607		
350	9799	Keller, Mitch	PIT	P	426.63	244	453		600		
351	12179	Collins, Isaac	KC	OF	430.19	258	496		606		
352	10335	Woods Richardson, Simeon	MIN	P	431.04	282	532		611		
353	12344	Tong, Jonah	NYM	P	431.66	178	544		590		
354	10760	Gil, Luis	NYY	P	433.29	237	477		607		
355	12480	Benge, Carson	NYM	OF	433.93	242	604		607		
356	11553	Estrada, Jeremiah	SD	P	441.61	217	592		613		
357	9410	Lopez, Reynaldo	ATL	P	441.92	231	624		603		
358	10181	Peterson, David	NYM	P	442.23	247	495		592		
359	10971	Cavalli, Cade	WAS	P	442.54	235	521		592		
360	8426	Wacha, Michael	KC	P	443.85	220	454		580		
361	9838	Dominguez, Seranthony	CWS	P	445.01	88	748		544		
362	9772	Scott, Tanner	LAD	P	448.04	143	615		577		
363	11861	Vodnik, Victor	COL	P	448.32	155	573		597		
364	11603	Norby, Connor	MIA	3B	448.87	261	521		580		
365	8879	Bassitt, Chris	BAL	P	450.34	225	510		582		
366	10146	Marsh, Brandon	PHI	OF	450.67	212	490		567		
367	10327	Murphy, Sean	ATL	C	450.74	222	533		602		
368	12067	Mangum, Jake	PIT	OF	451.81	208	575		578		
369	10061	McNeil, Jeff	ATH	2B, OF	452.52	230	594		564		
370	8962	Bell, Josh	MIN	1B	454.01	246	552		558		
371	11434	Horwitz, Spencer	PIT	1B	456.93	252	456		561		
372	11841	Lopez, Jacob	ATH	P	457.68	243	503		573		
373	10204	Sheets, Gavin	SD	OF	460.92	270	467		559		
374	12202	Eldridge, Bryce	SF	UT	461.71	200	511		558		
375	10248	India, Jonathan	KC	OF, 3B, 2B	462.76	202	534		547		
376	11934	Mayer, Marcelo	BOS	3B	463.80	172	481		544		
377	10717	Javier, Cristian	HOU	P	466.01	263	517		578		
378	11106	Beeter, Clayton	WAS	P	469.68	187	726		572		
379	10477	Steele, Justin	CHC	P	470.49	185	504		553		
380	9763	Hays, Austin	CWS	OF	470.71	161	521		552		
381	8724	Giolito, Lucas	BOS	P	472.53	220	523		553		
382	8650	Stephenson, Robert	LAA	P	475.15	191	700		561		
383	8808	Yates, Kirby	LAA	P	475.27	129	708		560		
384	12217	Ballesteros, Moises	CHC	UT	476.92	222	522		536		
385	11514	Fermin, Freddy	SD	C	477.79	265	587		567		
386	12050	Caissie, Owen	MIA	OF	486.29	237	560		545		
387	8694	Crawford, J.P.	SEA	SS	486.57	152	480		525		
388	11586	Pfaadt, Brandon	ARZ	P	486.76	247	527		531		
389	11225	Nootbaar, Lars	STL	OF	487.13	263	533		537		
390	8223	Arenado, Nolan	ARZ	3B	487.40	237	529		540		
391	9789	O'Neill, Tyler	BAL	OF	489.94	282	507		538		
392	10263	Ruiz, Keibert	WAS	C	491.68	235	508		531		
393	10832	Meyer, Max	MIA	P	491.88	263	571		549		
394	11342	Clemens, Kody	MIN	OF, 2B, 1B	492.34	275	544		526		
395	11937	Ford, Harry	WAS	C	494.28	260	600		551		
396	12452	Tolle, Payton	BOS	P	494.99	202	565		515		
397	9262	Caratini, Victor	MIN	C	495.36	223	601		533		
398	8331	Soler, Jorge	LAA	OF	498.62	290	543		528		
399	10350	Larnach, Trevor	MIN	OF	500.49	279	512		525		
400	10528	Romero, JoJo	STL	P	504.68	230	624		538		
401	10347	Santillan, Tony	CIN	P	505.34	181	637		535		
402	10766	Cronenworth, Jake	SD	2B	505.49	223	539		515		
403	9609	Rengifo, Luis	MLW	2B, 3B	506.41	265	557		525		
404	9726	McMahon, Ryan	NYY	3B	506.80	268	504		517		
405	9417	Benintendi, Andrew	CWS	OF	508.53	257	519		518		
406	11588	Bradley, Taj	MIN	P	509.04	264	568		533		
407	10355	Casas, Triston	BOS	1B	509.60	213	623		518		
408	11102	Bailey, Patrick	SF	C	511.16	277	551		529		
409	12434	Morales, Luis	ATH	P	512.67	228	556		516		
410	11668	Triolo, Jared	PIT	1B, 3B, SS	514.21	297	558		506		
411	12020	Arrighetti, Spencer	HOU	P	514.48	254	664		538		
412	11276	Gonzalez, Romy	BOS	1B, 2B	517.53	256	602		506		
413	9379	Eflin, Zach	BAL	P	518.13	277	575		526		
414	10067	Springs, Jeffrey	ATH	P	518.18	245	572		512		
415	10303	Gorman, Nolan	STL	3B, 2B	519.25	270	601		518		
416	11625	Ortiz, Joey	MLW	SS	521.32	272	556		504		
417	10307	Meadows, Parker	DET	OF	521.73	269	514		497		
418	11190	Whitlock, Garrett	BOS	P	522.08	278	591		534		
419	11836	Cecconi, Slade	CLE	P	524.24	297	565		512		
420	12195	Campbell, Kristian	BOS	2B	524.26	196	584		502		
421	10290	Amaya, Miguel	CHC	C	524.57	280	615		520		
422	9860	Littell, Zack	CIN	P	524.85	255	597		509		
423	10626	Yastrzemski, Mike	ATL	OF	525.35	260	566		511		
424	10769	Cleavinger, Garrett	TB	P	525.74	244	718		529		
425	11893	Jones, Jared	PIT	P	525.85	274	584		490		
426	11889	Mayo, Coby	BAL	1B	525.97	210	604		518		
427	10434	Perez, Wenceel	DET	OF	527.45	253	539		503		
428	12190	Rushing, Dalton	LAD	C	527.58	221	574		502		
429	9791	Soroka, Michael	ARZ	P	527.64	302	586		501		
430	10892	Oviedo, Johan	BOS	P	529.14	243	618		526		
431	12472	Miller, Aidan	PHI	SS	529.77	264	644		471		
432	9795	Jansen, Danny	TEX	C	530.64	231	620		515		
433	11634	Roupp, Landen	SF	P	532.73	288	538		509		
434	10183	Kremer, Dean	BAL	P	533.09	259	581		511		
435	12478	White, Thomas	MIA	P	534.30	238	597		489		
436	10189	May, Dustin	STL	P	534.64	285	623		527		
437	10446	Thomas, Lane	KC	OF	535.58	265	572		507		
438	12479	Emerson, Colt	SEA	SS	537.48	288	604		483		
439	10123	Morejon, Adrian	SD	P	538.13	210	609		515		
440	12194	Moore, Christian	LAA	2B	539.40	293	570		485		
441	8951	Berrios, Jose	TOR	P	540.78	298	576		515		
442	12241	Clarke, Denzel	ATH	OF	541.18	269	599		482		
443	10287	Liberatore, Matthew	STL	P	541.41	292	576		505		
444	8643	Baez, Javier	DET	3B, SS, OF	541.42	265	563		499		
445	8958	Severino, Luis	ATH	P	541.99	275	553		507		
446	12010	Nunez, Nasim	WAS	SS	544.90	305	639		474		
447	11193	Wells, Tyler	BAL	P	547.16	309	597		496		
448	11662	Ferrer, Jose A.	SEA	P	548.65	158	740		485		
449	9430	Weaver, Luke	NYM	P	550.14	257	630		491		
450	10147	Garrett, Braxton	MIA	P	550.86	321	732		509		
451	11395	Faucher, Calvin	MIA	P	551.07	135	684		494		
452	11868	Boyle, Joe	TB	P	552.36	252	591		490		
453	12097	Sterner, Justin	ATH	P	553.07	237	748		488		
454	10999	Meyers, Jake	HOU	OF	553.64	279	596		480		
455	11614	Acuna, Luisangel	CWS	2B	553.87	223	750		462		
456	10379	Rocchio, Brayan	CLE	2B, SS	555.22	325	594		475		
457	9470	Higashioka, Kyle	TEX	C	557.30	286	595		494		
458	9677	Maton, Phil	CHC	P	557.36	275	647		480		
459	12482	Mack, Joe	MIA	C	557.77	123	559		470		
460	11371	Henriquez, Ronny	MIA	P	558.98	198	750		387		
461	12024	Williams, Carson	TB	SS	560.53	274	588		472		
462	11105	Doval, Camilo	NYY	P	561.86	236	602		481		
463	11266	Latz, Jacob	TEX	P	566.39	273	600		484		
464	9802	Dubon, Mauricio	ATL	2B, 3B, SS, OF	567.53	290	688		483		
465	11632	Abel, Mick	MIN	P	567.70	268	599		492		
466	5420	Verlander, Justin	DET	P	567.91	274	669		498		
467	12214	Kim, Hyeseong	LAD	2B	569.02	291	603		471		
468	9523	Andujar, Miguel	SD	3B, OF	570.30	281	628		477		
469	10356	Freeman, Tyler	COL	OF	570.46	278	621		471		
470	11297	Brash, Matt	SEA	P	570.63	266	604		472		
471	12128	Baldwin, Brooks	CWS	OF	571.26	269	667		469		
472	9706	Kittredge, Andrew	BAL	P	571.89	217	738		456		
473	10245	Bart, Joey	PIT	C	572.36	118	599		476		
474	10468	Holmes, Grant	ATL	P	573.01	257	683		488		
475	12198	Sproat, Brandon	MLW	P	573.34	286	670		463		
476	12266	Svanson, Matt	STL	P	573.43	260	733		459		
477	10226	McCarthy, Jake	COL	OF	574.23	261	748		453		
478	9800	Burnes, Corbin	ARZ	P	575.01	70	727		467		
479	9175	Houser, Adrian	SF	P	575.02	291	688		477		
480	8126	Goldschmidt, Paul	NYY	1B	575.11	294	668		482		
481	12137	McGreevy, Michael	STL	P	575.19	273	622		487		
482	10262	Hayes, Ke'Bryan	CIN	3B	576.94	324	599		472		
483	9725	Hoskins, Rhys	MLW	1B	579.43	325	597		463		
484	10200	Arias, Gabriel	CLE	2B, SS	580.08	349	603		470		
485	11755	Burke, Sean	CWS	P	580.67	325	593		475		
486	11926	House, Brady	WAS	3B	581.60	275	595		466		
487	12216	Bazzana, Travis	CLE	2B	584.43	288	640		449		
488	9475	Gurriel Jr., Lourdes	ARZ	OF	585.17	254	744		471		
489	12502	Baez, Joshua	STL	OF	585.59	333	710		426		
490	12040	Jenkins, Walker	MIN	OF	589.63	303	669		443		
491	12301	Muncy, Max	ATH	2B, 3B	589.78	265	596		461		
492	12435	Kayfus, CJ	CLE	OF	591.12	331	629		447		
493	12477	Waldschmidt, Ryan	ARZ	OF	591.41	307	713		442		
494	10309	Smith, Pavin	ARZ	1B	591.50	360	597		460		
495	11943	Hicks, Liam	MIA	1B, C	591.57	305	617		463		
496	11905	Johnston, Troy	COL	OF	592.19	326	614		440		
497	10203	Lux, Gavin	TB	OF	593.49	314	694		459		
498	12046	Melton, Jacob	TB	OF	593.64	261	707		442		
499	9225	Rogers, Taylor	MIN	P	595.28	200	745		334		
500	12461	Cole, Zach	HOU	OF	595.49	223	629		438		
501	8748	Martinez, Nick	TB	P	595.88	291	728		468		
502	12183	Rocker, Kumar	TEX	P	598.02	305	615		463		
503	9977	Mountcastle, Ryan	BAL	1B	598.91	326	639		447		
504	11933	Lowder, Rhett	CIN	P	601.02	321	676		450		
505	10880	Pages, Pedro	STL	C	606.36	304	727		447		
506	9936	Keller, Brad	PHI	P	607.14	258	716		431		
507	11754	Joyce, Ben	LAA	P	607.73	280	682		434		
508	9921	Erceg, Lucas	KC	P	608.40	214	636		419		
509	8632	Rodriguez, Eduardo	ARZ	P	608.96	382	694		454		
510	12329	Rodriguez, Elmer	NYY	P	610.74	334	672		435		
511	9124	Rea, Colin	CHC	P	610.80	337	708		448		
512	12047	Jones, Spencer	NYY	OF	612.34	275	746		429		
513	12592	Song, Sung-Mun	SD	3B	612.78	239	738		403		
514	11204	Mitchell, Garrett	MLW	OF	612.92	328	670		420		
515	10833	Martin, Austin	MIN	OF	613.54	350	607		414		
516	11637	Lukes, Nathan	TOR	OF	613.98	323	701		443		
517	12189	Condon, Charlie	COL	1B	614.68	333	710		439		
518	11743	Schmitt, Casey	SF	2B, 3B	615.02	336	676		418		
519	11923	Williams, Jett	MLW	SS	615.89	244	722		421		
520	11924	Povich, Cade	BAL	P	616.84	329	699		425		
521	8689	Matz, Steven	TB	P	617.30	301	749		410		
522	10296	Lowe, Nathaniel	BOS	1B	617.81	251	731		428		
523	11912	Scott, Christian	NYM	P	619.84	346	690		422		
524	10748	Griffin, Foster	WAS	P	619.94	155	733		418		
525	11154	Morel, Christopher	MIA	OF	620.61	331	735		431		
526	10142	Alexander, Blaze	BAL	3B	621.39	364	702		421		
527	12177	Sanoja, Javier	MIA	2B, 3B, OF	621.54	333	706		428		
528	11935	Brown, Ben	CHC	P	622.78	310	676		413		
529	11624	Gelof, Zack	ATH	2B	624.64	341	744		412		
530	11895	Saggese, Thomas	STL	2B, SS	625.00	337	706		422		
531	10662	Ginkel, Kevin	ARZ	P	625.01	255	750		377		
532	11038	Gonzales, Nick	PIT	2B	626.46	306	627		398		
533	8979	Moncada, Yoan	LAA	3B	627.38	303	740		411		
534	10372	Ashby, Aaron	MLW	P	630.11	295	714		426		
535	11350	Diaz, Alexis	TEX	P	630.36	234	748		388		
536	11364	Sands, Cole	MIN	P	630.69	316	719		407		
537	10126	Thomas, Alek	ARZ	OF	632.90	375	636		411		
538	12249	Young, Cole	SEA	2B	633.45	349	748		394		
539	10210	Conine, Griffin	MIA	OF	633.53	315	730		389		
540	6837	Scherzer, Max	TOR	P	634.41	341	706		409		
541	11424	Varland, Louis	TOR	P	636.60	244	747		398		
542	12250	Tawa, Tim	ARZ	1B, OF, 2B	636.68	343	668		400		
543	11597	Harrison, Kyle	MLW	P	637.19	350	724		397		
544	9788	Bauers, Jake	MLW	OF, 1B	638.98	375	722		381		
545	12161	Ginn, J.T.	ATH	P	639.43	358	675		374		
546	10705	Heim, Jonah	ATL	C	640.02	302	713		384		
547	12279	Garcia, Jhostynxon	PIT	OF	640.52	287	733		392		
548	10318	Mauricio, Ronny	NYM	3B	641.10	315	646		357		
549	9863	Kiner-Falefa, Isiah	BOS	3B, SS	641.87	310	713		405		
550	11331	Veen, Zac	COL	OF	642.81	318	730		363		
551	11822	Leahy, Kyle	STL	P	643.16	294	695		383		
552	11742	Davis, Henry	PIT	C	643.85	299	718		389		
553	8633	Harvey, Hunter	CHC	P	644.79	316	750		365		
554	12403	Hernandez, Heriberto	MIA	OF	644.96	351	668		358		
555	10838	Bleday, JJ	CIN	OF	646.40	381	741		376		
556	11283	Crawford, Kutter	BOS	P	647.39	244	712		373		
557	12169	Halvorsen, Seth	COL	P	648.37	289	738		344		
558	11528	Gaddis, Hunter	CLE	P	648.63	345	706		385		
559	11745	Gasser, Robert	MLW	P	650.17	358	699		365		
560	12367	Clark, Max	DET	OF	650.18	344	707		364		
561	9205	Strahm, Matt	KC	P	650.56	303	746		400		
562	9648	Leiter Jr., Mark	ATH	P	653.40	272	715		341		
563	12192	Mathews, Quinn	STL	P	653.66	376	744		380		
564	11910	Ryan, River	LAD	P	653.83	327	745		379		
565	12345	Perkins, Jack	ATH	P	654.69	313	738		351		
566	9123	Armstrong, Shawn	CLE	P	654.73	173	736		370		
567	11592	Julien, Edouard	COL	1B, 2B	655.92	302	750		311		
568	10764	Raley, Luke	SEA	1B, OF	656.20	411	731		352		
569	12014	Fitts, Richard	STL	P	657.20	359	747		360		
570	9557	Sosa, Edmundo	PHI	2B, 3B	657.65	356	733		369		
571	12199	Thomas, Colby	ATH	OF	657.83	341	638		320		
572	11401	Sears, JP	SD	P	658.09	419	715		354		
573	12355	Matthews, Brice	HOU	2B	658.16	243	694		315		
574	10694	Kay, Anthony	CWS	P	659.72	316	732		337		
575	12209	Dollander, Chase	COL	P	664.13	348	744		374		
576	11965	Amador, Adael	COL	2B	664.84	336	750		304		
577	12346	Walcott, Sebastian	TEX	SS	665.68	353	740		328		
578	12450	Crooks, Jimmy	STL	C	665.89	271	724		322		
579	10024	Lauer, Eric	TOR	P	666.66	240	724		336		
580	8688	Pederson, Joc	TEX	UT	668.13	361	675		309		
581	11906	Quero, Jeferson	MLW	C	668.28	142	729		333		
582	11650	Harris, Hogan	ATH	P	668.71	242	747		318		
583	11810	Mlodzinski, Carmen	PIT	P	669.93	412	749		318		
584	10518	Romano, Jordan	LAA	P	669.94	271	737		339		
585	12389	Blubaugh, AJ	HOU	P	671.90	350	743		311		
586	8768	Martin, Chris	TEX	P	672.84	315	735		287		
587	9892	Soto, Gregory	PIT	P	673.83	271	739		312		
588	12288	Bergert, Ryan	KC	P	673.89	341	747		319		
589	11838	Schneider, Davis	TOR	2B, OF	674.23	326	741		312		
590	11856	Saalfrank, Andrew	ARZ	P	674.29	265	750		262		
591	11531	Grissom, Vaughn	LAA	2B	674.39	331	747		300		
592	12124	Wrobleski, Justin	LAD	P	674.71	360	748		317		
593	11375	Weiss, Ryan	HOU	P	676.30	310	749		309		
594	11990	Rodriguez, Emmanuel	MIN	OF	676.93	267	750		315		
595	11736	Encarnacion-Strand, Christian	CIN	1B	677.44	343	738		300		
596	12473	Ritchie, JR	ATL	P	678.28	345	739		317		
597	11629	Yoshida, Masataka	BOS	UT	679.21	316	735		290		
598	11986	McDonald, Trevor	SF	P	680.79	359	750		300		
599	11954	Pauley, Graham	MIA	3B	681.00	333	746		291		
600	12026	Birdsong, Hayden	SF	P	681.91	374	739		293		
601	11289	Fortes, Nick	TB	C	681.96	385	747		303		
602	10234	Jackson, Jeremiah	BAL	OF	683.03	242	746		301		
603	9779	Kopech, Michael	LAD	P	684.77	267	742		284		
604	10854	Manoah, Alek	LAA	P	685.28	328	745		324		
605	11675	Martinez, Angel	CLE	2B, OF	685.80	380	718		289		
606	11307	Elder, Bryce	ATL	P	686.38	291	750		312		
607	10725	Rogers, Tyler	TOR	P	687.89	256	747		279		
608	11863	Gipson-Long, Sawyer	DET	P	688.05	338	750		284		
609	12181	Wagaman, Eric	MIN	1B, OF	688.34	398	746		286		
610	12481	Wiggins, Jaxon	CHC	P	688.38	399	748		294		
611	12360	Barco, Hunter	PIT	P	688.49	389	743		296		
612	11792	Bradford, Cody	TEX	P	688.78	400	740		286		
613	11846	Young, Jacob	WAS	OF	689.88	345	748		299		
614	11280	Junk, Janson	MIA	P	690.26	336	748		277		
615	11855	Phillips, Connor	CIN	P	690.61	330	740		274		
616	11681	DeLuca, Jonny	TB	OF	691.34	322	749		262		
617	10225	Fraley, Jake	TB	OF	691.68	457	731		271		
618	12369	Lord, Brad	WAS	P	691.72	387	750		283		
619	12197	Schultz, Noah	CWS	P	692.48	383	748		310		
620	9642	Sewald, Paul	ARZ	P	692.84	252	750		164		
621	12009	Kolek, Stephen	KC	P	693.25	322	749		265		
622	10784	Vesia, Alex	LAD	P	694.19	321	748		287		
623	10345	Myers, Tobias	NYM	P	695.52	414	729		272		
624	9583	Anderson, Drew	DET	P	695.99	355	744		247		
625	11902	Festa, David	MIN	P	697.32	440	740		276		
626	9764	Buehler, Walker	PHI	P	697.79	284	750		284		
627	11046	Hassell III, Robert	WAS	OF	698.10	342	743		242		
628	12439	Karros, Kyle	COL	3B	698.85	428	737		245		
629	11126	Topa, Justin	MIN	P	698.89	353	750		262		
630	8807	Rojas, Miguel	LAD	3B, 2B, SS	699.60	438	748		270		
631	10640	Civale, Aaron	ATH	P	700.45	425	750		257		
632	12485	Ortiz, Abimelec	WAS	1B	700.98	416	750		239		
633	11403	Jameson, Drey	ARZ	P	701.52	344	747		270		
634	9515	Alvarado, Jose	PHI	P	701.58	282	750		270		
635	10937	Wong, Connor	BOS	C	702.00	335	749		269		
636	11470	Martin, Davis	CWS	P	702.61	306	748		255		
637	10425	Palacios, Richie	TB	OF	702.87	398	740		230		
638	9792	Puk, A.J.	ARZ	P	703.15	397	748		200		
639	11412	Allen, Logan	CLE	P	703.73	387	749		264		
640	12098	Schneemann, Daniel	CLE	2B, 3B, OF	703.92	431	749		250		
641	12484	Jump, Gage	ATH	P	703.95	327	749		263		
642	12483	Anderson, Kade	SEA	P	704.12	423	749		275		
643	8280	Quintana, Jose	COL	P	704.41	439	749		261		
644	12338	Kemp, Otto	PHI	3B	704.99	386	749		231		
645	10205	Valera, George	CLE	UT	705.09	419	735		245		
646	11621	Montgomery, Mason	PIT	P	706.13	340	750		258		
647	10955	Walls, Taylor	TB	SS	706.54	426	746		231		
648	11677	Vasquez, Randy	SD	P	707.12	265	750		233		
649	8947	Newcomb, Sean	CWS	P	707.29	450	750		238		
650	8659	McCullers Jr., Lance	HOU	P	707.43	439	738		242		
651	11678	Matos, Luis	SF	OF	707.49	391	746		219		
652	11223	Vierling, Matt	DET	OF	707.54	317	748		225		
653	8189	Pomeranz, Drew	LAA	P	707.74	321	749		243		
654	10193	Ruiz, Esteury	MIA	OF	708.25	352	738		212		
655	10853	Baker, Bryan	TB	P	709.08	330	750		251		
656	12476	Culpepper, Kaelen	MIN	SS	709.54	467	750		239		
657	10308	Sandoval, Patrick	BOS	P	709.72	309	750		242		
658	11952	Loperfido, Joey	HOU	OF	710.17	414	748		212		
659	11605	Tiedemann, Ricky	TOR	P	710.20	448	749		239		
660	12406	Ritter, Ryan	COL	2B, SS	710.69	433	749		224		
661	8895	Garcia, Yimi	TOR	P	710.81	343	749		232		
662	12144	Del Castillo, Adrian	ARZ	UT	711.01	411	750		212		
663	11606	Mead, Curtis	CWS	1B, 3B	711.21	434	750		232		
664	11645	Hamilton, David	MLW	2B	711.77	340	750		197		
665	11516	Massey, Michael	KC	2B	711.79	328	748		236		
666	9028	Lorenzen, Michael	COL	P	712.27	320	750		224		
667	8212	Sanchez, Gary	MLW	C	712.40	445	750		218		
668	11043	Campusano, Luis	SD	UT	714.24	305	750		215		
669	11789	Fry, David	CLE	UT	714.98	329	749		223		
670	11797	Monasterio, Andruw	BOS	SS	716.42	462	750		196		
671	9172	Kepler, Max	PHI	OF	716.68	426	750		140		
672	12489	Ingle, Cooper	CLE	C	717.01	457	748		207		
673	10362	Benson, Will	CIN	OF	717.04	443	749		218		
674	11876	Kerkering, Orion	PHI	P	717.77	328	749		232		
675	12231	Freeland, Alex	LAD	3B	717.98	412	749		210		
676	7514	Santana, Carlos	ARZ	1B	718.66	398	745		146		
677	12496	Rada, Nelson	LAA	OF	718.74	339	748		212		
678	8954	Conforto, Michael	CHC	OF	719.65	464	749		208		
679	11557	Cruz, Fernando	NYY	P	719.89	479	746		227		
680	12034	Crim, Blaine	COL	1B	719.89	430	748		192		
681	10661	Clase, Emmanuel	CLE	P	720.04	84	725		79		
682	12486	Gibson, Trey	BAL	P	720.40	467	749		202		
683	11423	Henry, Cole	WAS	P	721.37	354	750		179		
684	12445	Peguero, Joel	SF	P	722.22	407	747		181		
685	10524	Akin, Keegan	BAL	P	722.81	317	750		150		
686	11587	Stone, Gavin	LAD	P	723.24	351	748		201		
687	10025	Adam, Jason	SD	P	723.81	363	750		194		
688	8897	McCann, James	ARZ	C	723.88	506	749		187		
689	9862	Trevino, Jose	CIN	C	724.06	420	746		196		
690	11370	Duran, Ezequiel	TEX	1B, SS	724.17	493	750		187		
691	9500	Rosario, Amed	NYY	3B	724.48	450	746		195		
692	12517	McDougal, Tanner	CWS	P	724.55	539	745		202		
693	12300	Osuna, Alejandro	TEX	OF	724.72	464	748		186		
694	11417	Ashcraft, Graham	CIN	P	725.49	462	750		186		
695	9524	Mateo, Jorge	ATL	SS	725.50	367	747		143		
696	11920	Hernaiz, Darell	ATH	3B, SS	725.71	473	750		186		
697	12220	Klassen, George	LAA	P	726.56	487	750		191		
698	9807	Yarbrough, Ryan	NYY	P	726.72	435	749		174		
699	10444	Moore, Dylan	TEX	2B, OF	726.83	470	750		177		
700	10688	Speier, Gabe	SEA	P	727.06	336	750		175		
701	10209	Canning, Griffin	SD	P	727.08	484	747		156		
702	12352	Made, Jesus	MLW	SS	727.13	313	750		138		
703	12299	De Vries, Leodalis	ATH	SS	727.28	314	749		155		
704	10304	Jones, Nolan	CLE	OF	727.36	401	749		183		
705	7538	Flores, Wilmer	SF	1B	727.74	393	750		146		
706	10485	France, Ty	TOR	1B	727.75	386	750		171		
707	10406	Alcantara, Kevin	CHC	OF	727.91	416	750		177		
708	9600	Torrens, Luis	NYM	C	727.97	415	748		186		
709	12440	Gilbert, Drew	SF	OF	727.97	446	750		164		
710	11442	Pallante, Andre	STL	P	728.05	472	750		176		
711	11145	Yorke, Nick	PIT	2B	729.30	408	750		157		
712	11956	Whisenhunt, Carson	SF	P	729.41	421	750		166		
713	12444	Church, Nathan	STL	OF	729.87	463	750		163		
714	10408	Isbel, Kyle	KC	OF	729.88	399	750		165		
715	11080	Toglia, Michael	COL	1B	730.16	307	749		128		
716	12340	Alvarado, Elvis	ATH	P	730.22	350	749		147		
717	10246	Wentz, Joey	ATL	P	730.27	339	749		139		
718	11771	Kjerstad, Heston	BAL	OF	730.29	447	749		153		
719	11379	Bautista, Felix	BAL	P	730.77	155	745		64		
720	9894	Estrada, Thairo	COL	2B	730.78	399	749		120		
721	11988	Teng, Kai-Wei	HOU	P	730.91	430	750		148		
722	10499	Lawrence, Justin	PIT	P	730.95	428	750		169		
723	12491	Lagrange, Carlos	NYY	P	731.03	456	750		139		
724	10161	Paddack, Chris	MIA	P	731.05	382	750		122		
725	12280	Dobbins, Hunter	STL	P	731.55	335	749		150		
726	12511	Anderson, Max	DET	2B	731.84	442	749		126		
727	12196	Smith, Hagen	CWS	P	731.98	436	749		162		
728	12415	Fuentes, Didier	ATL	P	732.33	472	750		153		
729	12131	Hopkins, Brody	TB	P	732.34	467	749		170		
730	8941	Freeland, Kyle	COL	P	732.42	452	750		92		
731	12378	Fulford, Braxton	COL	C	732.78	464	750		137		
732	12475	Clifford, Ryan	NYM	1B	733.03	405	750		134		
733	10976	Irvin, Jake	WAS	P	733.59	460	748		118		
734	12488	Briceno, Josue	DET	C	733.76	380	750		121		
735	12521	Montgomery, Braden	CWS	OF	734.14	436	750		135		
736	10842	Lee, Dylan	ATL	P	734.25	331	749		130		
737	9549	Garver, Mitch	SEA	C	734.44	391	750		135		
738	10839	Encarnacion, Jerar	SF	OF	734.56	325	750		155		
739	12159	Casparius, Ben	LAD	P	734.70	449	746		136		
740	10259	Gray, Josiah	WAS	P	734.77	339	749		138		
741	12487	Doyle, Liam	STL	P	735.16	377	750		113		
742	12512	Bratt, Mitch	ARZ	P	735.89	476	750		148		
743	12307	Ward, Ryan	LAD	OF	736.19	398	750		128		
744	10445	Urias, Ramon	STL	2B, 3B	736.42	463	748		145		
745	9938	Kinley, Tyler	ATL	P	736.84	363	749		96		
746	12219	Fernandez, Yanquiel	NYY	OF	737.22	442	747		99		
747	11651	Bernabel, Warming	COL	1B	737.54	492	750		104		
748	10960	Thompson, Ryan	ARZ	P	737.60	430	749		83		
749	9644	Jimenez, Joe	ATL	P	737.86	321	739		49		
750	11547	Assad, Javier	CHC	P	737.94	418	750		131		
751	12210	Roden, Alan	MIN	OF	738.21	418	749		124		
752	11820	Myers, Dane	CIN	OF	738.37	491	750		139		
753	11984	Perales, Luis	WAS	P	738.39	456	748		110		
754	12501	Rodriguez, Jesus	SF	C	738.95	543	749		120		
755	11399	Outman, James	MIN	OF	738.97	448	750		132		
756	11850	Funderburk, Kody	MIN	P	739.32	438	750		91		
757	12493	Pecko, Ethan	HOU	P	739.52	522	750		113		
758	11615	De Los Santos, Deyvison	MIA	1B	739.61	547	750		115		
759	12213	Bradfield, Enrique	BAL	OF	739.65	496	749		84		
760	9923	Barlow, Scott	ATH	P	739.68	359	750		77		
761	10926	Espino, Daniel	CLE	P	739.82	424	750		101		
762	12392	Tidwell, Blade	SF	P	739.92	459	750		111		
763	11847	Wicks, Jordan	CHC	P	739.99	450	750		72		
764	10167	Winn, Cole	TEX	P	740.09	281	749		79		
765	8929	Refsnyder, Rob	SEA	OF	740.29	495	749		109		
766	12377	Williamson, Ben	TB	3B	740.84	522	749		96		
767	10645	Urquidy, Jose	PIT	P	740.92	383	747		85		
768	12514	Valdez, Esmerlyn	PIT	OF	740.94	444	750		75		
769	9880	Tellez, Rowdy	TEX	1B	740.96	494	748		90		
770	11584	Rodriguez, Endy	PIT	1B	741.12	455	745		78		
771	11941	Bliss, Ryan	SEA	2B	741.17	454	750		93		
772	11719	Perkins, Blake	MLW	OF	741.34	460	748		98		
773	8919	Pham, Tommy	PIT	OF	741.36	485	744		98		
774	12232	Prielipp, Connor	MIN	P	741.57	432	750		99		
775	12498	Johnson, Ty	TB	P	741.70	514	750		107		
776	11148	Sugano, Tomoyuki	COL	P	741.88	433	750		67		
777	10112	Means, John	CLE	P	742.08	499	744		52		
778	9295	Marquez, German	SD	P	742.15	407	750		56		
779	11980	Hodge, Porter	CHC	P	742.36	485	750		94		
780	9819	Mikolas, Miles	WAS	P	742.46	496	743		51		
781	12273	Strowd, Kade	ARZ	P	742.55	358	750		61		
782	12171	Dana, Caden	LAA	P	742.59	448	750		85		
783	8210	Darvish, Yu	SD	P	742.62	357	747		29		
784	9734	Minter, A.J.	NYM	P	742.71	323	750		61		
785	10197	Pereira, Everson	CWS	OF	742.81	389	750		79		
786	12348	Susana, Jarlin	WAS	P	742.82	460	750		86		
787	10223	Jones, Jahmai	DET	OF	742.84	534	749		65		
788	8686	Austin, Tyler	CHC	1B	742.85	502	750		81		
789	9646	Montgomery, Jordan	TEX	P	743.18	472	747		73		
790	12030	Rodriguez, Hector	CIN	OF	743.23	416	749		76		
791	11762	Flores Jr., Rafael	PIT	1B	743.57	282	744		69		
792	11156	Peraza, Oswald	LAA	3B	743.99	472	750		73		
793	11262	Pozo, Yohel	STL	C	744.02	526	749		72		
794	9934	Cortes, Nestor	SD	P	744.05	412	744		29		
795	8418	Walker, Taijuan	PHI	P	744.10	420	750		46		
796	12492	Saiki, Hiroto	FA	P	744.14	397	745		30		
797	9698	Tauchman, Mike	CWS	OF	744.31	367	749		67		
798	11874	Fitzgerald, Tyler	SF	2B	744.34	427	748		68		
799	12111	King, Bryan	HOU	P	744.38	242	749		56		
800	12518	Alderman, Kemp	MIA	OF	744.40	517	749		63		
801	11904	Vasil, Mike	CWS	P	744.47	501	750		77		
802	9828	Wynns, Austin	ATH	C	744.50	517	750		74		
803	12290	Acosta, Maximo	MIA	3B	744.53	537	747		65		
804	11975	Mejia, Juan	COL	P	744.59	406	749		66		
805	11459	Holton, Tyler	DET	P	744.66	262	750		42		
806	11073	Miller, Bobby	LAD	P	744.72	418	749		78		
807	11172	Zerpa, Angel	MLW	P	744.74	546	750		71		
808	12519	Crow, Coleman	MLW	P	744.75	549	749		60		
809	10187	Hall, DL	MLW	P	744.78	475	750		92		
810	11994	Corniell, Jose	TEX	P	744.81	471	750		45		
811	12503	Susac, Daniel	SF	C	744.90	340	750		65		
812	11776	Fermin, Jose	STL	2B	745.05	536	749		72		
813	12277	Avila, Luinder	KC	P	745.08	544	745		34		
814	10691	Heineman, Tyler	TOR	C	745.09	462	750		48		
815	12323	Sykora, Travis	WAS	P	745.18	392	748		27		
816	11064	Marchan, Rafael	PHI	C	745.29	521	737		44		
817	8211	d'Arnaud, Travis	LAA	C	745.31	453	750		66		
818	9387	Frazier, Adam	KC	2B, OF	745.33	371	750		55		
819	12129	Alvarez Jr., Nacho	ATL	3B	745.37	435	748		53		
820	12626	Rumfield, T.J.	NYY	1B	745.40	493	747		43		
821	9519	Stanek, Ryne	STL	P	745.41	418	742		40		
822	12145	Dezenzo, Zach	HOU	OF	745.42	422	750		62		
823	8272	Corbin, Patrick	TEX	P	745.64	521	750		49		
824	10165	Schmidt, Clarke	NYY	P	745.84	568	747		52		
825	10295	Pearson, Nate	HOU	P	746.05	470	748		37		
826	12164	Zeferjahn, Ryan	LAA	P	746.06	525	748		49		
827	8835	Hernandez, Enrique	LAD	1B, 3B, OF	746.11	521	750		72		
828	12528	Torres, Bryan	STL	OF	746.11	450	747		62		
829	11400	Butto, Jose	SF	P	746.19	441	747		43		
830	12546	White, Josh	MIA	P	746.22	495	750		52		
831	10531	Rogers, Jake	DET	C	746.27	462	749		49		
832	11130	Francis, Bowden	TOR	P	746.34	491	749		48		
833	12155	Sweeney, Trey	DET	SS	746.34	487	746		40		
834	12045	Petty, Chase	CIN	P	746.37	512	749		53		
835	12186	Henriquez, Edgardo	LAD	P	746.54	491	746		33		
836	12049	Locklear, Tyler	ARZ	1B	746.56	491	750		37		
837	12206	Maxwell, Zach	CIN	P	746.60	537	749		51		
838	12374	Tolbert, Tyler	KC	OF	746.60	454	745		30		
839	11205	Bender, Anthony	MIA	P	746.68	440	749		41		
840	12304	Montes, Lazaro 	SEA	OF	746.81	475	748		28		
841	10253	Miranda, Jose	MIN	3B	746.85	411	747		29		
842	8756	Treinen, Blake	LAD	P	746.87	469	750		38		
843	11780	Chaparro, Andres	WAS	1B	746.95	592	747		48		
844	11949	Salas, Ethan	SD	C	746.95	407	739		20		
845	11890	Black, Tyler	MLW	1B	747.00	512	749		36		
846	9719	Fedde, Erick	CWS	P	747.07	484	745		37		
847	12428	Freeman, Cody	TEX	2B	747.07	480	749		47		
848	12008	Slaten, Justin	BOS	P	747.11	478	750		54		
849	10114	Taylor, Tyrone	NYM	OF	747.18	593	750		42		
850	11916	Rodriguez, Yariel	TOR	P	747.19	490	749		51		
851	10734	Phillips, Tyler	MIA	P	747.29	320	750		30		
852	11157	Gomez, Yoendrys	TB	P	747.29	558	745		45		
853	10873	Hancock, Emerson	SEA	P	747.49	474	749		44		
854	12505	Arnold, Jamie	ATH	P	747.53	534	747		31		
855	12595	Troy, Tommy	ARZ	2B	747.53	490	748		37		
856	8170	Hendriks, Liam	BOS	P	747.65	544	749		38		
857	8645	Johnson, Pierce	CIN	P	747.65	505	748		37		
858	11945	Teodo, Emiliano	TEX	P	747.67	519	749		37		
859	8950	Arcia, Orlando	COL	2B, 3B, SS	747.73	538	741		31		
860	9817	Whitley, Forrest	TB	P	747.74	518	749		18		
861	11489	Koenig, Jared	MLW	P	747.75	528	744		34		
862	12296	Dreyer, Jack	LAD	P	747.82	432	750		34		
863	9965	McKenzie, Triston	CLE	P	747.91	531	749		31		
864	12538	Long, Jonathon	CHC	1B	747.94	578	749		38		
865	9782	Jimenez, Eloy	BAL	UT	747.99	498	747		19		
866	12427	Cortes, Carlos	ATH	OF	748.04	540	750		42		
867	7736	Marte, Starling	KC	UT	748.09	492	745		22		
868	11666	Martinez, Justin	ARZ	P	748.20	450	742		15		
869	12624	Arroyo, Michael	SEA	2B	748.39	532	744		20		
870	8841	Hendricks, Kyle	LAA	P	748.42	467	741		14		
871	11552	Little, Brendon	TOR	P	748.43	493	749		24		
872	11987	Miller, Erik	SF	P	748.49	406	743		20		
873	11773	Brito, Juan	CLE	2B	748.51	587	749		36		
874	11779	Feduccia, Hunter	TB	C	748.54	540	749		28		
875	11382	Noel, Jhonkensy	BAL	OF	748.58	467	745		14		
876	10109	Straw, Myles	TOR	OF	748.60	494	749		22		
877	10230	Kelenic, Jarred	ATL	OF	748.60	563	750		28		
878	11961	Montero, Keider	DET	P	748.60	535	747		31		
879	11938	Thompson, Sterlin	COL	OF	748.62	557	748		30		
880	10857	Allen, Nick	HOU	SS	748.65	338	746		16		
881	9974	Kelly, Michael	ATH	P	748.69	454	741		14		
882	10274	Taveras, Leody	BAL	OF	748.73	630	750		32		
883	9957	Hicks, Jordan	CWS	P	748.77	505	749		17		
884	11068	Houck, Tanner	BOS	P	748.78	487	706		10		
885	12495	Bolte, Henry	ATH	OF	748.79	564	750		26		
886	10415	Luciano, Marco	NYY	SS	748.81	591	749		23		
887	12607	Baumler, Carter	TEX	P	748.83	500	747		16		
888	12332	Morgan, Tre'	TB	1B	748.87	540	749		32		
889	12051	Wilken, Brock	MLW	3B	748.88	443	730		16		
890	10520	Call, Alex	LAD	OF	748.94	590	749		29		
891	11978	Mena, Cristian	ARZ	P	748.96	601	750		30		
892	10501	Herget, Jimmy	COL	P	748.99	500	750		24		
893	6696	McCutchen, Andrew	PIT	UT	749.01	522	748		19		
894	12522	Perez, Junior	ATH	OF	749.01	580	746		35		
895	8452	Pressly, Ryan	CHC	P	749.07	403	737		10		
896	10574	Alexander, Jason	HOU	P	749.07	443	750		27		
897	11165	Bazardo, Eduard	SEA	P	749.10	569	746		35		
898	11377	Suwinski, Jack	LAD	OF	749.11	578	744		25		
899	12631	Antonacci, Sam	CWS	2B	749.12	492	744		14		
900	11090	Paris, Kyren	LAA	OF	749.13	576	749		39		
901	12611	Bremner, Tyler	FA	P	749.14	559	747		22		
902	12506	De Paula, Josue	LAD	OF	749.15	482	745		15		
903	11515	Eaton, Nate	BOS	OF	749.18	453	743		12		
904	11427	Schuemann, Max	NYY	2B, 3B, SS	749.19	536	750		25		
905	12497	Reimer, Jacob	NYM	3B	749.21	522	746		21		
906	12121	Orze, Eric	MIN	P	749.22	542	750		28		
907	8363	Raley, Brooks	NYM	P	749.23	447	748		12		
908	11680	Winn, Keaton	SF	P	749.26	511	747		14		
909	12208	Evans, Logan	SEA	P	749.29	498	750		23		
910	11113	Hinds, Rece	CIN	OF	749.31	349	700		6		
911	12358	Rincones Jr., Gabriel	PHI	OF	749.32	574	750		18		
912	12500	Davalillo, David	TEX	P	749.32	583	749		34		
913	12207	Harrington, Thomas	PIT	P	749.33	484	749		17		
914	9937	Fernandez, Julian	WAS	P	749.36	433	750		28		
915	10346	Gonsolin, Tony	LAD	P	749.38	401	748		9		
916	10821	White, Eli	ATL	OF	749.38	475	749		18		
917	11970	Parker, Mitchell	WAS	P	749.38	545	746		16		
918	12423	Poulin, PJ	WAS	P	749.41	566	747		15		
919	12474	Isaac, Xavier	TB	UT	749.43	515	734		9		
920	7791	Perez, Martin	CWS	P	749.44	564	746		17		
921	9897	Loaisiga, Jonathan	NYY	P	749.44	588	748		24		
922	10293	Melendez, MJ	NYM	OF	749.44	527	750		20		
923	10604	Mattson, Isaac	PIT	P	749.46	517	746		20		
924	6918	Morton, Charlie	ATL	P	749.48	405	685		6		
925	12149	Gasper, Mickey	BOS	C	749.49	521	665		7		
926	10135	Knizner, Andrew	SEA	C	749.50	537	737		11		
927	10910	Mears, Nick	KC	P	749.52	551	740		13		
928	9290	Okert, Steven	HOU	P	749.54	553	747		16		
929	10979	Ibanez, Andy	ATH	3B	749.55	562	730		11		
930	11897	Jobe, Jackson	DET	P	749.55	461	737		8		
931	12494	Bernal, Leonardo	STL	C	749.55	321	747		7		
932	12600	Paez, Jedixson	CWS	P	749.56	439	747		13		
933	11808	Bido, Osvaldo	NYY	P	749.58	495	749		15		
934	9666	DeJong, Paul	WAS	3B	749.59	533	744		12		
935	12353	Lee, Hao-Yu	DET	3B	749.61	519	750		15		
936	11936	Takahashi, Kona	FA	P	749.62	526	748		10		
937	12536	Wenninger, Jack	NYM	P	749.69	595	749		26		
938	12368	Johnson, Ryan	LAA	P	749.70	648	750		25		
939	12525	Stephen, Khal	CLE	P	749.72	579	750		21		
940	10124	Baddoo, Akil	MLW	OF	749.73	534	750		15		
941	11227	Megill, Tylor	NYM	P	749.74	143	412		2		
942	11127	Foley, Jason	SF	P	749.75	436	747		8		
943	12387	Morgan, David	SD	P	749.78	555	737		9		
944	11620	McGarry, Griff	WAS	P	749.79	547	749		21		
945	8736	Kahnle, Tommy	DET	P	749.81	348	740		5		
946	10247	Rodriguez, Johnathan	CLE	OF	749.81	608	748		25		
947	12283	Seymour, Carson	SF	P	749.81	546	748		10		
948	7683	Miller, Shelby	CHC	P	749.85	311	740		6		
949	12122	Bigge, Hunter	TB	P	749.85	619	750		20		
950	12225	Yoho, Craig	MLW	P	749.85	585	747		16		
951	12394	Fisher, Braydon	TOR	P	749.85	559	750		14		
952	11929	Jung, Jace	DET	3B	749.86	582	745		15		
953	11447	Blanco, Ronel	HOU	P	749.87	546	736		7		
954	8773	Grichuk, Randal	KC	OF	749.89	556	748		14		
955	8963	Jackson, Alex	MIN	C	749.89	454	750		10		
956	12609	Alberto, Alexander	CWS	P	749.90	462	740		7		
957	11536	Nardi, Andrew	MIA	P	749.91	561	749		10		
958	12454	Alvarez, Andrew	WAS	P	749.92	547	750		13		
959	12322	Kang, Baek-Ho	FA	C	749.93	457	744		5		
960	12354	Pratt, Cooper	MLW	SS	749.95	588	750		12		
961	12291	Santos, Winston	TEX	P	749.97	471	749		8		
962	11468	Silseth, Chase	LAA	P	749.99	562	740		9		
963	11467	Cano, Yennier	BAL	P	750.01	525	731		8		
964	12167	Sabrowski, Erik	CLE	P	750.02	506	750		9		
965	12371	Braun, Lucas	ATL	P	750.02	595	745		10		
966	12033	Hence, Tink	STL	P	750.03	558	747		13		
967	10903	Sousa, Bennett	HOU	P	750.04	482	739		8		
968	12178	Teodosio, Bryce	LAA	OF	750.05	557	740		12		
969	11282	Feltner, Ryan	COL	P	750.06	546	746		11		
970	11393	Rodriguez, Randy	SF	P	750.07	424	733		4		
971	12405	Rodriguez, Bradgley	SD	P	750.07	335	737		6		
972	11969	Herz, DJ	WAS	P	750.11	597	742		11		
973	12582	Areinamo, Jadher	TB	SS	750.12	567	745		12		
974	11617	Malloy, Justyn-Henry	TB	OF	750.14	547	742		8		
975	12542	Velazquez , Ralphy	CLE	1B	750.14	610	746		15		
976	12005	Drohan, Shane	MLW	P	750.15	548	750		11		
977	12078	Cannon, Jonathan	CWS	P	750.15	564	750		8		
978	9107	Anderson, Tyler	LAA	P	750.18	589	736		8		
979	12537	Gonzalez, Gabriel	MIN	OF	750.18	595	746		15		
980	7384	Robertson, David	PHI	P	750.23	582	734		7		
981	9461	Mancini, Trey	CHC	1B	750.23	532	746		10		
982	12141	Hurter, Brant	DET	P	750.24	555	750		11		
983	7150	Kershaw, Clayton	LAD	P	750.25	400	725		3		
984	9525	Enns, Dietrich	BAL	P	750.25	596	749		12		
985	12526	Neighbors, Tyson	BAL	P	750.26	558	744		6		
986	9805	Wisdom, Patrick	CHC	1B	750.28	544	595		3		
987	10271	Wade Jr., LaMonte	LAA	OF, 1B	750.28	604	743		7		
988	12410	Granillo, Andre	WAS	P	750.30	594	743		10		
989	9907	Siri, Jose	NYM	OF	750.32	515	750		11		
990	10850	Adams, Riley	WAS	C	750.32	574	734		7		
991	12534	Ward, Braiden	COL	OF	750.34	409	745		3		
992	9781	Rodgers, Brendan	HOU	2B	750.36	485	537		2		
993	11383	Tena, Jose	WAS	3B	750.36	510	750		9		
994	11774	Smith-Shawver, AJ	ATL	P	750.36	469	551		2		
995	11166	Santos, Gregory	SEA	P	750.38	590	750		9		
996	11171	Falter, Bailey	KC	P	750.38	564	744		7		
997	10448	Clarke, Taylor	ARZ	P	750.40	512	705		3		
998	12540	Drake, Kohl	ARZ	P	750.40	661	743		13		
999	12581	Keegan, Dom	TB	C	750.40	505	734		5		
1000	10790	Abbott, Cory	WAS	P	750.42	313	313		1		
1001	10138	Allen, Austin	ATH	C	750.45	340	340		1		
1002	12069	Gordon, Colton	HOU	P	750.45	467	745		3		
1003	12508	Murphy, Owen	ATL	P	750.45	591	745		14		
1004	11784	Scholtens, Jesse	TB	P	750.46	646	750		15		
1005	12559	Valencia, Eduardo	DET	C	750.46	678	750		11		
1006	10677	Brown, Seth	ATH	OF	750.47	620	670		4		
1007	11141	Johnson, Seth	PHI	P	750.48	548	564		2		
1008	11896	Thorpe, Drew	CWS	P	750.48	619	732		4		
1009	11643	Rojas, Johan	PHI	OF	750.49	585	721		6		
1010	11842	Meckler, Wade	LAA	OF	750.49	554	732		4		
1011	12223	Young, Brandon	BAL	P	750.50	607	727		5		
1012	12269	Hoglund, Gunnar	ATH	P	750.51	648	719		5		
1013	12523	Carrigg, Cole	COL	OF	750.51	577	738		6		
1014	11391	Cabrera, Oswaldo	NYY	3B	750.52	444	747		4		
1015	11406	Wiemer, Joey	WAS	OF	750.52	577	742		4		
1016	12173	Lockridge, Brandon	MLW	OF	750.52	625	735		7		
1017	12520	Franklin, Christian	WAS	OF	750.52	567	750		9		
1018	12620	Duno, Alfredo	CIN	C	750.52	588	684		3		
1019	12621	Davidson, Bo	SF	OF	750.52	575	750		8		
1020	10608	Helman, Michael	TEX	OF	750.53	546	741		6		
1021	12151	Wagner, Will	SD	3B	750.53	649	749		8		
1022	12370	Koss, Christian	SF	2B	750.53	642	708		5		
1023	9547	Junis, Jakob	TEX	P	750.54	687	750		13		
1024	12123	Gordon, Tanner	COL	P	750.54	486	730		4		
1025	9563	Banda, Anthony	MIN	P	750.55	584	750		6		
1026	12138	Sogard, Nick	BOS	1B	750.55	580	746		5		
1027	12306	Sandlin, David	CWS	P	750.55	629	750		6		
1028	12462	Guzman, Denzer	LAA	SS	750.57	605	735		6		
1029	9967	Solak, Nick	PIT	1B	750.58	548	724		3		
1030	12081	Rivas, Leo	SEA	2B	750.58	625	742		6		
1031	7867	Iglesias, Jose	SD	SS, 2B, 3B	750.59	675	737		6		
1032	12402	Winkler, Jack	MIA	2B	750.59	446	446		1		
1033	10060	Festa, Matt	CLE	P	750.60	566	730		4		
1034	12270	Lugo, Matthew	LAA	OF	750.61	589	688		3		
1035	12286	Mey, Luis	CIN	P	750.61	579	732		5		
1036	12382	Gibson, Cade	MIA	P	750.61	564	647		2		
1037	11058	Knack, Landon	LAD	P	750.62	667	739		6		
1038	11313	Lee, Korey	CWS	C	750.62	590	750		6		
1039	12298	Ullola, Miguel	HOU	P	750.62	687	727		7		
1040	12513	Genao, Angel	CLE	SS	750.62	641	733		6		
1041	9264	Candelario, Jeimer	CIN	3B	750.63	685	723		6		
1042	10280	Medina, Luis	ATH	P	750.63	481	746		2		
1043	11096	Peguero, Liover	PIT	SS	750.63	647	724		4		
1044	12429	Garcia, Brandyn	ARZ	P	750.63	574	726		4		
1045	11569	Liberato, Luis	SD	OF	750.64	483	483		1		
1046	12125	Diaz, Yilber	ARZ	P	750.64	669	741		5		
1047	12409	Robertson, Will	BAL	OF	750.64	484	484		1		
1048	11914	Romo, Drew	CWS	C	750.65	622	708		3		
1049	9987	Brujan, Vidal	NYM	3B	750.66	588	656		2		
1050	11646	Munoz, Roddery	HOU	P	750.66	495	495		1		
1051	12545	Glasser, Phillip	WAS	OF	750.66	671	740		8		
1052	12615	De Leon, Luis	BAL	P	750.66	624	746		6		
1053	7183	Carrasco, Carlos	ATL	P	750.67	507	507		1		
1054	12205	Morris, Andrew	MIN	P	750.67	660	747		6		
1055	10001	Toro, Abraham	BOS	1B	750.68	521	744		2		
1056	10007	McCormick, Chas	HOU	OF	750.68	633	695		3		
1057	11303	Severino, Anderson	CWS	P	750.68	511	511		1		
1058	11781	Salazar, Cesar	HOU	C	750.68	658	744		5		
1059	11658	Ramos, Bryan	BAL	3B	750.69	595	748		6		
1060	11812	Hudson, Bryan	NYM	P	750.69	519	519		1		
1061	11951	Triantos, James	CHC	2B	750.69	683	746		7		
1062	8969	Arroyo, Christian	BOS	2B	750.70	573	703		2		
1063	9361	Green, Chad	TOR	P	750.70	570	709		2		
1064	9783	Meadows, Austin	DET	OF	750.70	523	523		1		
1065	10420	Martinez, Orelvis	TOR	2B	750.70	632	747		4		
1066	10683	Haggerty, Sam	TEX	OF	750.70	658	745		7		
1067	12106	Bivens, Spencer	SF	P	750.70	583	747		3		
1068	12234	Eeles, Payton	MIN	SS	750.70	563	735		3		
1069	12457	Harris, Hayden	ATL	P	750.71	533	533		1		
1070	8647	Winker, Jesse	NYM	UT	750.72	606	742		5		
1071	8699	McGuire, Reese	CHC	C	750.72	571	718		2		
1072	10343	Ornelas, Tirso	SD	OF	750.72	687	748		6		
1073	12568	Rojas, Kendry	MIN	P	750.72	671	747		7		
1074	11851	McCoy, Mason	SD	SS	750.73	549	549		1		
1075	12380	Morillo, Juan	ARZ	P	750.73	586	713		2		
1076	12533	Groover, LuJames	ARZ	3B	750.73	640	660		2		
1077	7760	Kimbrel, Craig	HOU	P	750.74	588	720		2		
1078	8225	Rendon, Anthony	LAA	3B	750.74	553	553		1		
1079	8890	Strickland, Hunter	LAA	P	750.74	555	555		1		
1080	9635	Phillips, Evan	LAD	P	750.74	673	738		5		
1081	10670	Rojas, Josh	CWS	2B, 3B	750.74	559	559		1		
1082	8494	Thielbar, Caleb	CHC	P	750.75	649	743		4		
1083	12221	Agnos, Zach	COL	P	750.75	647	666		2		
1084	12510	Hess, Ben	NYY	P	750.75	692	738		5		
1085	8716	Jackson, Luke	SEA	P	750.76	568	568		1		
1086	10487	Sborz, Josh	TEX	P	750.76	578	743		2		
1087	12390	Thomas, Rhylan	SEA	OF	750.76	634	727		3		
1088	9253	Garrett, Amir	LAA	P	750.77	580	580		1		
1089	9578	Blackburn, Paul	NYY	P	750.77	638	693		2		
1090	10585	Weissert, Greg	BOS	P	750.77	578	578		1		
1091	11966	Blalock, Bradley	MIA	P	750.77	658	713		3		
1092	12256	Rock, Joe	TB	P	750.77	646	745		5		
1093	8526	Dickerson, Corey	WAS	OF	750.78	583	583		1		
1094	8669	Urias, Julio	LAD	P	750.78	599	739		2		
1095	9733	Curtiss, John	ARZ	P	750.78	584	584		1		
1096	11582	Mervis, Matt	WAS	1B	750.78	635	744		5		
1097	11731	Varland, Gus	WAS	P	750.78	618	717		2		
1098	12455	Farris, Mitch	LAA	P	750.78	605	729		2		
1099	12630	Sinnard, Luke	ATL	P	750.78	692	739		4		
1100	11062	Lange, Alex	KC	P	750.79	593	593		1		
1101	11526	Johnson, Bryce	SD	OF	750.79	687	739		5		
1102	11618	Cedeno, Leandro	SD	1B	750.79	592	592		1		
1103	12267	Cabrera, Jean	PHI	P	750.79	592	592		1		
1104	11689	Headrick, Brent	NYY	P	750.80	707	747		5		
1105	12539	Fedko, Kyler	MIN	OF	750.80	645	744		3		
1106	10778	Rodriguez, Manuel	TB	P	750.81	656	705		2		
1107	11573	Young, Jared	NYM	UT	750.81	655	747		4		
1108	8653	Gray, Jon	TEX	P	750.82	617	617		1		
1109	10326	Hentges, Sam	SF	P	750.82	670	732		3		
1110	11318	Rangel, Alan	PHI	P	750.82	676	738		3		
1111	9537	Farmer, Kyle	COL	2B	750.83	681	697		2		
1112	10276	Allen, Logan	ARZ	P	750.83	624	624		1		
1113	10470	Suarez, Jose	ATL	P	750.83	629	748		2		
1114	12560	Cruz, Trei	DET	SS	750.83	661	750		4		
1115	10442	Webb, Jacob	CHC	P	750.84	628	628		1		
1116	10714	Hill, Derek	CWS	OF	750.84	696	734		3		
1117	11142	Callihan, Tyler	CIN	OF	750.84	664	716		2		
1118	11967	Kochanowicz, Jack	LAA	P	750.84	634	634		1		
1119	12002	Spence, Mitch	KC	P	750.84	644	740		2		
1120	12156	Whitcomb, Shay	HOU	2B	750.84	713	742		5		
1121	12421	Nunez, Eduarniel	ATH	P	750.84	671	745		3		
1122	12543	Bennett, Jake	BOS	P	750.84	653	747		4		
1123	9153	Diaz, Elias	SD	C	750.85	676	742		4		
1124	12442	Seymour, Bob	TB	1B	750.85	669	738		3		
1125	12524	Nichols, TJ	TB	P	750.85	721	725		4		
1126	12239	Sisk, Evan	PIT	P	750.86	646	646		1		
1127	8431	Hedges, Austin	CLE	C	750.87	667	740		2		
1128	11144	Marsh, Alec	KC	P	750.87	653	653		1		
1129	11238	Eder, Jake	WAS	P	750.87	650	650		1		
1130	12558	Liranzo, Thayron	DET	C	750.87	699	705		2		
1131	9589	Milner, Hoby	CHC	P	750.88	663	663		1		
1132	9886	Alzolay, Adbert	CHC	P	750.88	726	748		7		
1133	10483	Burke, Brock	CIN	P	750.88	688	743		3		
1134	12004	Fernandez, Ryan	STL	P	750.88	712	736		3		
1135	12275	Halpin, Petey	CLE	OF	750.88	683	730		2		
1136	12499	Lambert, Ryan	NYM	P	750.88	693	716		2		
1137	12504	Thomas, Jared	COL	2B	750.88	674	738		2		
1138	9239	Leclerc, Jose	ATH	P	750.89	668	668		1		
1139	10152	Graterol, Brusdar	LAD	P	750.89	714	743		4		
1140	10678	Garcia, Rico	BAL	P	750.89	667	667		1		
1141	11078	MacIver, Willie	TEX	C	750.89	704	712		2		
1142	12187	Gusto, Ryan	MIA	P	750.89	719	740		4		
1143	12446	Sommers, Drew	DET	P	750.89	678	745		2		
1144	12507	Miyagi, Hiroya	FA	P	750.89	669	669		1		
1145	10113	Berti, Jon	CHC	3B	750.90	713	714		2		
1146	11849	Millas, Drew	WAS	C	750.90	704	721		2		
1147	12042	Harris, Brett	ATH	3B	750.90	698	745		3		
1148	12334	Grissom Jr., Marquis	WAS	P	750.90	673	673		1		
1149	11198	Leon, Pedro	PHI	OF	750.91	695	740		2		
1150	11726	Englert, Mason	TB	P	750.91	684	684		1		
1151	12515	Milbrandt, Karson	MIA	P	750.91	703	734		2		
1152	12593	Forret, Michael	BAL	P	750.91	703	746		3		
1153	8222	Sano, Miguel	LAA	3B	750.92	693	693		1		
1154	11247	De La Cruz, Bryan	NYY	OF	750.92	706	738		2		
1155	11578	Brennan, Will	SF	OF	750.92	714	728		2		
1156	11716	France, J.P.	HOU	P	750.92	711	733		2		
1157	11869	Nicolas, Kyle	PIT	P	750.92	719	745		3		
1158	12157	Kavadas, Niko	LAA	1B	750.92	692	692		1		
1159	12509	Santucci, Jonathan	NYM	P	750.92	725	743		4		
1160	10129	Canario, Alexander	PIT	OF	750.93	697	697		1		
1161	10750	Hendrix, Ryan	ARZ	P	750.93	698	698		1		
1162	11765	Dodd, Dylan	ATL	P	750.93	697	697		1		
1163	12048	Hill, Jaden	COL	P	750.93	725	749		4		
1164	12610	Wood, Gage	PHI	P	750.93	731	750		6		
1165	12633	Hicks, James	HOU	P	750.93	707	741		2		
1166	8679	Smith, Dominic	SF	1B	750.94	722	734		2		
1167	9210	Clevinger, Mike	CWS	P	750.94	705	705		1		
1168	10267	Robinson, Kristian	ARZ	OF	750.94	738	746		4		
1169	10977	Rutledge, Jackson	WAS	P	750.94	709	709		1		
1170	11635	Berroa, Prelander	CWS	P	750.94	725	730		2		
1171	11640	Taylor, Samad	SEA	OF	750.94	705	705		1		
1172	11993	Church, Marc	TEX	P	750.94	709	709		1		
1173	12447	Brown, McCade	COL	P	750.94	707	707		1		
1174	8670	Heaney, Andrew	LAD	P	750.95	716	716		1		
1175	10324	Vilade, Ryan	TB	OF	750.95	722	740		2		
1176	10840	Mesa Jr., Victor	TB	OF	750.95	732	732		2		
1177	11294	Moreta, Dauri	PIT	P	750.95	725	750		3		
1178	11422	Waldichuk, Ken	WAS	P	750.95	726	740		2		
1179	11612	Loftin, Nick	KC	OF	750.95	717	717		1		
1180	11665	Barrosa, Jorge	ARZ	OF	750.95	711	711		1		
1181	12117	Bellozo, Valente	MIA	P	750.95	711	711		1		
1182	12383	Schultz, Paxton	WAS	P	750.95	717	717		1		
1183	8931	Drury, Brandon	LAA	2B	750.96	724	724		1		
1184	10352	Beck, Tristan	SF	P	750.96	729	743		2		
1185	10952	Gray, Tristan	MIN	2B	750.96	720	720		1		
1186	11339	Bride, Jonah	MIN	3B	750.96	723	723		1		
1187	11388	Bowlan, Jonathan	PHI	P	750.96	723	749		2		
1188	11991	Curet, Yoniel	PHI	P	750.96	721	721		1		
1189	12541	Martorella, Nathan	MIA	1B	750.96	729	746		2		
1190	12612	King, Seaver	FA	SS	750.96	728	743		2		
1191	9448	Peralta, Wandy	SD	P	750.97	725	725		1		
1192	9869	Perez, Cionel	BAL	P	750.97	729	748		2		
1193	10849	Shuster, Jared	ATH	P	750.97	726	726		1		
1194	11626	Valdez, Enmanuel	PIT	1B	750.97	733	743		2		
1195	11915	Rodriguez, Carlos	MLW	P	750.97	726	726		1		
1196	12102	Otanez, Michel	TEX	P	750.97	728	728		1		
1197	12153	Ribalta, Orlando	WAS	P	750.97	728	728		1		
1198	12182	Walters, Andrew	CLE	P	750.97	732	749		2		
1199	12230	Rosario, Alejandro	TEX	P	750.97	728	728		1		
1200	12285	Raya, Marco	MIN	P	750.97	737	746		3		
1201	12365	Cijntje, Jurrangelo	SEA	P	750.97	731	731		1		
1202	12432	Ohl, Pierson	COL	P	750.97	735	749		3		
1203	12531	Nunez, Anthony	BAL	P	750.97	727	727		1		
1204	12596	Furman, Nate	SF	2B	750.97	728	728		1		
1205	8007	Wilson, Justin	BOS	P	750.98	737	737		1		
1206	10919	Thompson, Keegan	COL	P	750.98	737	737		1		
1207	10963	Fairchild, Stuart	TB	OF	750.98	738	738		1		
1208	11815	Waldron, Matt	SD	P	750.98	742	747		2		
1209	11819	Mederos, Victor	LAA	P	750.98	738	738		1		
1210	11918	Madden, Ty	DET	P	750.98	737	737		1		
1211	12140	Bachar, Lake	MIA	P	750.98	733	733		1		
1212	12339	Schreck, RJ	TOR	OF	750.98	742	743		2		
1213	12349	Barnett, Mason	ATH	P	750.98	737	737		1		
1214	12356	Elko, Tim	CWS	1B	750.98	735	735		1		
1215	12616	Scarborough, Caden	TEX	P	750.98	738	738		1		
1216	8644	Bryant, Kris	COL	UT	750.99	743	743		1		
1217	10160	Biggio, Cavan	KC	OF	750.99	745	745		1		
1218	10297	Madrigal, Nick	NYM	3B	750.99	740	740		1		
1219	10301	Lopez, Nicky	CHC	3B	750.99	743	743		1		
1220	10877	Williamson, Brandon	CIN	P	750.99	742	742		1		
1221	11656	Clase, Jonatan	TOR	OF	750.99	745	745		1		
1222	12587	Mautz, Brycen	STL	P	750.99	743	743		1		
1223	12627	Watson, Will	NYM	P	750.99	743	743		1		
1224	9959	Quantrill, Cal	ATL	P	751.00	750	750		1		
1225	10188	Waters, Drew	KC	OF	751.00	748	748		1		
