#,Name,Team,G,PA,HR,R,RBI,SB,BB%,K%,ISO,BABIP,AVG,OBP,SLG,wOBA,wRC+,BsR,Off,Def,WAR
1,Aaron Judge,NYY,145,637,47,107,112,9,17.90%,24.60%,0.325,0.325,0.29,0.422,0.615,0.432,182,-1.5,60.1,-6.2,7.7
2,Bobby Witt Jr.,KCR,151,660,28,100,92,34,7.30%,17.10%,0.225,0.314,0.291,0.347,0.515,0.365,135,3.3,30.8,12,6.7
3,Shohei Ohtani,LAD,148,660,46,122,109,24,13.90%,24.20%,0.317,0.314,0.283,0.387,0.6,0.411,167,1.2,53.7,-14,6.3
4,Juan Soto,NYM,154,675,38,108,99,21,18.40%,17.90%,0.262,0.284,0.273,0.409,0.536,0.402,161,-0.2,48.3,-13.9,5.9
5,Gunnar Henderson,BAL,153,659,26,97,82,24,10.20%,21.20%,0.206,0.311,0.27,0.349,0.476,0.354,130,2.4,25.7,6.7,5.6
6,Julio Rodríguez,SEA,151,659,29,93,91,28,7.20%,22.10%,0.204,0.311,0.271,0.332,0.475,0.345,129,1.7,24.2,6.8,5.5
7,Cal Raleigh,SEA,150,624,39,85,101,8,12.10%,27.00%,0.263,0.251,0.229,0.328,0.492,0.347,130,-1.6,20.4,10,5.3
8,José Ramírez,CLE,151,649,28,92,89,33,9.80%,11.40%,0.213,0.27,0.273,0.347,0.486,0.353,129,2.1,24,1.1,4.9
9,Ketel Marte,ARI,142,622,29,89,87,5,11.00%,16.20%,0.224,0.289,0.275,0.361,0.499,0.367,136,-0.7,25.8,0.2,4.8
10,Fernando Tatis Jr.,SDP,148,646,28,98,81,26,10.90%,19.80%,0.209,0.301,0.27,0.355,0.478,0.359,131,1.8,25.5,-1.4,4.7
11,Ronald Acuña Jr.,ATL,144,630,28,106,78,25,13.60%,21.40%,0.214,0.324,0.28,0.385,0.493,0.379,145,2.2,35.6,-10.6,4.7
12,Kyle Tucker,LAD,143,620,30,94,88,23,13.60%,14.90%,0.23,0.274,0.269,0.371,0.499,0.372,140,1.1,30.5,-6.5,4.6
13,Francisco Lindor,NYM,140,618,25,91,76,22,8.90%,18.30%,0.19,0.282,0.258,0.335,0.449,0.339,118,0.9,13.8,8.8,4.5
14,Corey Seager,TEX,124,529,27,70,76,2,11.30%,18.60%,0.226,0.292,0.273,0.359,0.498,0.363,136,-1.5,21,3.7,4.4
15,Vladimir Guerrero Jr.,TOR,153,662,29,94,95,5,11.30%,13.70%,0.207,0.305,0.294,0.379,0.501,0.376,144,-1.3,33,-13,4.4
16,Corbin Carroll,ARI,138,603,26,97,77,32,10.50%,21.10%,0.236,0.291,0.257,0.344,0.493,0.357,129,4.7,25.5,-3.2,4.3
17,William Contreras,MIL,144,599,19,76,76,6,11.40%,19.30%,0.165,0.306,0.266,0.353,0.431,0.341,120,-1.2,13.2,8.9,4.3
18,Trea Turner,PHI,143,628,18,90,71,28,6.40%,18.10%,0.158,0.323,0.283,0.333,0.441,0.335,113,3.7,13.7,7.2,4.3
19,Will Smith,LAD,123,497,20,69,68,2,11.60%,19.50%,0.196,0.291,0.262,0.357,0.458,0.352,126,-1.5,14,10.8,4.3
20,Mookie Betts,LAD,142,621,21,89,81,9,10.60%,11.60%,0.182,0.273,0.268,0.349,0.45,0.346,122,-0.6,15.6,4.7,4.2
21,Zach Neto,LAA,148,634,27,86,75,27,7.00%,24.50%,0.199,0.298,0.251,0.322,0.451,0.333,113,1.6,11.1,7.3,4.1
22,Junior Caminero,TBR,148,631,36,84,103,6,6.80%,19.50%,0.238,0.283,0.27,0.322,0.508,0.352,127,-0.5,19.5,-0.9,4.1
23,Elly De La Cruz,CIN,149,640,23,93,77,41,9.50%,26.80%,0.19,0.329,0.258,0.332,0.449,0.335,110,4.2,11.9,6,4
24,Geraldo Perdomo,ARI,150,648,13,89,65,21,11.70%,13.40%,0.133,0.288,0.263,0.356,0.396,0.332,112,1,10.3,7.2,4
25,Yordan Alvarez,HOU,129,553,29,77,84,3,12.50%,16.90%,0.247,0.305,0.292,0.386,0.539,0.389,153,-1.5,33.2,-13.7,3.9
26,Jeremy Peña,HOU,146,633,18,82,69,19,5.90%,17.80%,0.149,0.311,0.273,0.328,0.422,0.326,110,1.2,8.3,7.5,3.8
27,Jackson Merrill,SDP,143,606,22,77,81,8,6.50%,19.60%,0.189,0.303,0.269,0.319,0.459,0.333,114,0.6,10.2,6.3,3.8
28,Wyatt Langford,TEX,142,613,24,84,74,23,11.70%,23.40%,0.198,0.296,0.25,0.343,0.448,0.342,122,1.3,17,-2.6,3.6
29,Pete Crow-Armstrong,CHC,147,617,23,84,78,33,5.60%,24.20%,0.19,0.292,0.246,0.296,0.436,0.314,100,3,3.1,11.3,3.6
30,Shea Langeliers,ATH,128,526,29,70,76,6,7.40%,22.70%,0.24,0.275,0.253,0.312,0.493,0.343,120,-0.4,12.1,4.6,3.5
31,Alex Bregman,CHC,149,641,23,80,79,2,10.20%,14.00%,0.174,0.264,0.253,0.337,0.427,0.333,113,-1.6,8.6,3.6,3.5
32,Bryce Harper,PHI,140,607,26,83,84,9,12.30%,21.30%,0.214,0.312,0.272,0.365,0.487,0.364,133,-0.2,23.7,-10.1,3.5
33,Matt Chapman,SFG,145,613,23,81,74,9,11.40%,24.70%,0.192,0.285,0.238,0.332,0.43,0.332,113,-0.5,8.7,3.6,3.4
34,Alejandro Kirk,TOR,122,484,15,52,63,1,9.70%,12.50%,0.154,0.277,0.267,0.341,0.421,0.332,114,-2.1,5.6,10.5,3.4
35,Willy Adames,SFG,152,649,27,84,84,11,10.70%,25.40%,0.191,0.275,0.232,0.317,0.422,0.321,105,-0.2,3.6,6.7,3.3
36,Gabriel Moreno,ARI,113,440,11,53,54,4,9.40%,17.30%,0.139,0.315,0.275,0.347,0.415,0.332,112,-0.4,6,11.5,3.3
37,Maikel Garcia,KCR,150,640,12,83,65,26,8.30%,14.90%,0.133,0.299,0.268,0.328,0.401,0.318,103,1.8,4.4,5.9,3.3
38,Jacob Wilson,ATH,138,578,11,72,64,6,5.50%,8.80%,0.122,0.307,0.293,0.339,0.416,0.329,111,-0.6,6.8,4.6,3.2
39,Adley Rutschman,BAL,138,559,17,64,64,1,10.70%,15.90%,0.158,0.271,0.249,0.332,0.407,0.323,108,-1.2,4.3,7.1,3.1
40,Byron Buxton,MIN,121,522,27,79,72,15,7.80%,27.20%,0.244,0.294,0.249,0.317,0.493,0.344,121,2,14.8,-2.2,3.1
41,Bo Bichette,NYM,139,608,17,75,77,5,6.30%,16.40%,0.151,0.319,0.285,0.333,0.436,0.333,113,-0.6,9.1,0.9,3.1
42,Nick Kurtz,ATH,142,577,37,94,95,3,9.40%,30.70%,0.276,0.32,0.261,0.334,0.537,0.368,137,-0.6,24.9,-13.9,3.1
43,Dansby Swanson,CHC,153,629,22,78,75,16,8.40%,25.30%,0.166,0.295,0.241,0.307,0.407,0.311,98,1.1,-0.3,9.5,3.1
44,Austin Riley,ATL,146,626,28,81,85,2,7.40%,26.10%,0.204,0.311,0.258,0.319,0.462,0.336,115,-0.9,10.3,-1.2,3.1
45,Freddie Freeman,LAD,143,617,22,84,84,8,10.50%,18.50%,0.191,0.314,0.278,0.361,0.47,0.356,129,-1.2,20,-10.9,3.1
46,Jazz Chisholm Jr.,NYY,140,585,28,79,76,32,9.60%,26.60%,0.207,0.282,0.238,0.316,0.445,0.328,110,2.4,9.5,0.2,3
47,Roman Anthony,BOS,141,610,19,85,68,11,12.30%,25.10%,0.174,0.338,0.265,0.36,0.439,0.349,121,-0.1,14.7,-6.8,3
48,Brendan Donovan,SEA,131,564,13,64,57,5,8.50%,13.90%,0.133,0.293,0.267,0.34,0.4,0.325,115,-1.1,8.8,0.7,3
49,Rafael Devers,SFG,150,650,30,88,91,2,12.70%,24.60%,0.218,0.298,0.253,0.353,0.471,0.352,126,-1.5,18.6,-11.9,2.9
50,Riley Greene,DET,148,630,28,82,89,4,8.90%,28.00%,0.207,0.322,0.257,0.327,0.464,0.34,118,-0.8,12.8,-5.8,2.9
51,Kyle Schwarber,PHI,150,657,42,97,104,6,14.80%,28.10%,0.267,0.26,0.23,0.351,0.497,0.363,133,-1.9,23.5,-17.3,2.9
52,Manny Machado,SDP,147,628,26,78,88,9,8.10%,19.40%,0.187,0.289,0.262,0.323,0.449,0.332,113,-0.7,8.6,-1.8,2.9
53,Yainer Diaz,HOU,130,519,20,58,68,1,4.30%,17.30%,0.176,0.291,0.269,0.302,0.445,0.32,105,-0.6,2.7,7.5,2.9
54,Brice Turang,MIL,149,633,15,80,67,29,9.10%,20.80%,0.134,0.308,0.257,0.326,0.391,0.314,101,2.3,3.4,3.5,2.9
55,Pete Alonso,BAL,153,655,36,85,103,2,9.10%,22.90%,0.239,0.276,0.252,0.333,0.492,0.351,128,-2.1,19.3,-14,2.8
56,Matt Olson,ATL,154,666,29,87,93,1,11.90%,24.00%,0.209,0.289,0.247,0.342,0.457,0.344,121,-1.8,14.8,-9.1,2.8
57,Andy Pages,LAD,140,574,23,73,76,10,6.10%,22.10%,0.189,0.294,0.256,0.31,0.445,0.325,108,0,5.3,2.8,2.8
58,Gleyber Torres,DET,148,635,17,79,68,5,11.10%,17.20%,0.144,0.289,0.257,0.343,0.401,0.327,110,-1.7,5.7,-0.2,2.8
59,Masyn Winn,STL,144,611,13,72,60,14,6.70%,18.10%,0.129,0.289,0.25,0.305,0.379,0.3,90,0.8,-6.1,12.6,2.8
60,Nico Hoerner,CHC,146,607,7,74,56,26,6.30%,9.30%,0.095,0.298,0.278,0.333,0.373,0.311,98,2.1,0.8,5.8,2.8
61,Carlos Correa,HOU,129,546,16,64,63,0,8.90%,19.70%,0.15,0.306,0.264,0.332,0.413,0.325,109,-0.9,4.8,3.2,2.7
62,Brent Rooker,ATH,150,640,33,87,96,6,9.40%,25.40%,0.232,0.311,0.264,0.339,0.496,0.357,130,-0.9,21.8,-16.7,2.7
63,Xander Bogaerts,SDP,137,569,13,68,58,17,8.10%,17.50%,0.129,0.302,0.264,0.327,0.394,0.315,101,1.1,1.7,5.3,2.7
64,Jackson Chourio,MIL,145,629,23,86,83,24,6.20%,20.30%,0.191,0.305,0.269,0.316,0.46,0.332,114,2,12.3,-7,2.7
65,Luke Keaschall,MIN,126,536,11,70,56,24,9.20%,17.10%,0.134,0.308,0.267,0.347,0.401,0.329,110,0.9,7.4,0.1,2.7
66,J.T. Realmuto,PHI,121,474,14,55,54,7,6.50%,24.10%,0.157,0.311,0.253,0.311,0.409,0.313,99,-0.4,-1.3,11,2.6
67,CJ Abrams,WSN,141,613,18,81,64,30,6.30%,19.30%,0.163,0.284,0.248,0.31,0.411,0.313,100,2.7,2.7,2.4,2.6
68,Michael Harris II,ATL,138,567,20,68,70,18,4.40%,19.40%,0.172,0.299,0.265,0.301,0.437,0.316,102,1.3,2.5,4,2.6
69,James Wood,WSN,146,630,24,82,80,16,11.60%,29.60%,0.194,0.344,0.258,0.347,0.453,0.345,122,0.4,16.8,-13.3,2.5
70,Michael Busch,CHC,141,589,29,78,79,4,10.10%,25.10%,0.227,0.291,0.249,0.334,0.476,0.348,124,-1.3,15.2,-10.6,2.5
71,Oneil Cruz,PIT,127,533,21,70,64,28,10.30%,29.90%,0.197,0.308,0.237,0.32,0.434,0.325,106,2.7,6.5,0.1,2.5
72,J.P. Crawford,SEA,145,601,11,65,55,6,11.40%,19.40%,0.114,0.288,0.241,0.333,0.355,0.308,103,-0.8,1.3,2.2,2.5
73,Steven Kwan,CLE,147,646,9,81,54,18,8.90%,9.10%,0.1,0.289,0.272,0.34,0.372,0.315,103,1.1,3.2,-1.4,2.5
74,Drake Baldwin,ATL,129,513,20,61,73,1,8.90%,17.50%,0.179,0.282,0.259,0.33,0.438,0.334,114,-1,7.2,-0.5,2.4
75,Cody Bellinger,NYY,139,594,23,77,80,11,8.30%,15.00%,0.183,0.268,0.257,0.32,0.44,0.326,109,0.2,6.3,-2.7,2.4
76,Taylor Ward,BAL,148,630,27,80,83,5,10.30%,24.40%,0.2,0.283,0.242,0.325,0.442,0.332,115,-1.4,9.5,-7.5,2.4
77,Max Muncy,LAD,112,454,21,61,64,3,14.60%,24.50%,0.218,0.25,0.222,0.344,0.44,0.34,119,-1.3,8.7,-0.8,2.4
78,Marcus Semien,NYM,137,579,18,73,67,9,9.00%,16.50%,0.157,0.26,0.24,0.311,0.397,0.309,97,0.1,-1.8,5.4,2.4
79,Jose Altuve,HOU,139,599,20,77,69,12,8.40%,17.10%,0.162,0.289,0.262,0.329,0.424,0.327,110,-0.5,6.6,-4.2,2.4
80,Bryson Stott,PHI,141,574,13,68,60,24,8.70%,16.50%,0.134,0.287,0.255,0.322,0.389,0.311,97,1.9,-0.1,4,2.4
81,Tyler Soderstrom,ATH,140,585,24,72,78,5,8.60%,23.50%,0.195,0.3,0.256,0.325,0.451,0.334,114,-0.7,9.2,-6,2.4
82,Kyle Stowers,MIA,139,576,25,69,83,5,9.90%,28.30%,0.207,0.304,0.243,0.326,0.451,0.335,114,-0.4,8.9,-5,2.4
83,Ezequiel Tovar,COL,147,627,20,78,72,8,4.90%,24.90%,0.173,0.323,0.262,0.301,0.435,0.316,88,-0.1,-8.6,10.7,2.3
84,Ian Happ,CHC,146,631,21,80,75,8,12.50%,23.60%,0.177,0.288,0.239,0.339,0.416,0.331,112,-0.7,8.2,-6.7,2.3
85,Ben Rice,NYY,132,542,27,74,75,4,9.90%,21.10%,0.225,0.268,0.247,0.331,0.472,0.346,122,-0.9,13.3,-9,2.3
86,Seiya Suzuki,CHC,139,599,25,75,84,8,10.70%,25.20%,0.205,0.306,0.255,0.336,0.46,0.343,120,-1,13.3,-11.1,2.3
87,Xavier Edwards,MIA,135,580,4,69,44,27,8.30%,14.50%,0.079,0.322,0.277,0.339,0.356,0.308,95,2.2,-1.2,4.4,2.3
88,Yandy Díaz,TBR,142,616,19,73,74,2,9.30%,15.00%,0.157,0.314,0.287,0.358,0.444,0.349,124,-1.7,16,-14.5,2.3
89,Brandon Nimmo,TEX,144,622,21,78,72,9,9.40%,22.00%,0.172,0.293,0.25,0.329,0.422,0.328,112,-0.3,8.2,-7.2,2.3
90,George Springer,TOR,131,568,24,82,71,14,10.20%,19.30%,0.197,0.286,0.26,0.342,0.457,0.346,123,0.7,16.3,-13.5,2.3
91,Dillon Dingler,DET,110,417,12,45,49,1,6.30%,25.20%,0.153,0.301,0.242,0.3,0.395,0.302,93,-0.5,-4.2,12.1,2.3
92,Kazuma Okamoto,TOR,126,523,22,62,70,2,9.30%,18.50%,0.195,0.26,0.243,0.322,0.439,0.328,111,-0.9,5.8,-1.6,2.3
93,Trent Grisham,NYY,125,522,23,70,63,5,12.80%,25.00%,0.201,0.253,0.22,0.326,0.42,0.327,109,-0.5,5.2,-0.8,2.3
94,Salvador Perez,KCR,141,579,27,61,88,0,5.10%,20.50%,0.198,0.273,0.25,0.3,0.449,0.319,104,-2.8,-0.2,2.5,2.2
95,Bo Naylor,CLE,121,448,17,51,52,4,10.20%,24.90%,0.18,0.257,0.218,0.301,0.398,0.305,96,-0.5,-2.7,9.1,2.2
96,Isaac Paredes,HOU,114,483,19,59,61,1,11.20%,16.90%,0.187,0.255,0.241,0.341,0.428,0.337,117,-1.1,8.7,-3.9,2.2
97,Jakob Marsee,MIA,132,572,12,71,56,34,11.00%,21.90%,0.138,0.291,0.237,0.33,0.375,0.313,98,2.4,1.4,0.9,2.2
98,Trevor Story,BOS,136,575,20,72,72,23,6.10%,27.30%,0.165,0.314,0.248,0.3,0.413,0.308,93,1.7,-3.3,4.8,2.2
99,Ryan Jeffers,MIN,125,501,16,57,57,3,9.20%,21.10%,0.161,0.283,0.243,0.326,0.404,0.32,104,-1.1,1.4,2.6,2.2
100,Ceddanne Rafaela,BOS,141,558,16,70,63,20,4.60%,21.60%,0.16,0.296,0.251,0.293,0.412,0.304,90,1.2,-5.3,7.3,2.2
101,Otto Lopez,MIA,136,563,12,63,61,16,6.80%,15.30%,0.126,0.297,0.265,0.318,0.391,0.309,96,0.6,-2.2,4.5,2.2
102,Brandon Lowe,PIT,125,534,23,68,72,4,8.20%,25.70%,0.196,0.286,0.242,0.308,0.438,0.322,104,-0.8,1.7,1.5,2.1
103,Mike Trout,LAA,118,502,24,65,64,3,13.60%,29.90%,0.219,0.297,0.235,0.347,0.454,0.344,121,-1,11.1,-7.5,2.1
104,Lawrence Butler,ATH,136,562,21,73,65,18,8.60%,26.20%,0.183,0.295,0.241,0.306,0.423,0.316,102,1.4,2.5,-0.8,2.1
105,Austin Wells,NYY,117,441,18,49,57,4,8.20%,24.70%,0.187,0.256,0.222,0.292,0.409,0.303,93,-0.3,-3.8,9.7,2.1
106,Josh Naylor,SEA,144,607,22,73,86,17,8.30%,14.80%,0.17,0.276,0.262,0.327,0.431,0.326,116,0,11.1,-11.4,2.1
107,Kyle Teel,CHW,116,467,13,56,49,7,10.70%,25.60%,0.146,0.316,0.248,0.334,0.394,0.321,105,-0.6,2.3,2.5,2.1
108,Randy Arozarena,SEA,152,651,23,85,73,24,9.80%,26.20%,0.173,0.289,0.233,0.329,0.406,0.323,114,-0.2,10.2,-12.1,2.1
109,Colton Cowser,BAL,129,518,21,65,62,13,9.50%,31.50%,0.189,0.3,0.227,0.31,0.416,0.316,104,0.7,2.9,-0.2,2.1
110,Konnor Griffin,PIT,97,403,10,53,46,18,6.20%,24.50%,0.14,0.322,0.257,0.317,0.397,0.312,97,0.8,-0.5,7.5,2.1
111,Jarren Duran,BOS,140,607,17,81,69,23,8.00%,23.40%,0.179,0.321,0.26,0.327,0.439,0.331,109,3,9.1,-9.7,2.1
112,Alec Bohm,PHI,133,562,14,64,70,3,6.50%,15.70%,0.14,0.302,0.273,0.323,0.413,0.319,103,-1,0.8,0.8,2.1
113,Daulton Varsho,TOR,133,545,26,71,74,8,7.80%,26.00%,0.217,0.254,0.223,0.288,0.44,0.312,100,0,0.1,1.2,2.1
114,Wilyer Abreu,BOS,125,505,22,64,70,8,10.10%,24.80%,0.206,0.289,0.245,0.324,0.451,0.333,110,-0.3,5.4,-2.8,2
115,Andrés Giménez,TOR,138,558,11,63,55,20,5.60%,17.50%,0.117,0.281,0.245,0.305,0.362,0.293,87,1.2,-7.3,8,2
116,Iván Herrera,STL,126,534,17,66,64,9,9.90%,20.10%,0.159,0.312,0.268,0.353,0.427,0.342,119,-0.1,12.1,-10.3,2
117,Jordan Westburg,BAL,95,401,16,55,51,4,6.30%,22.50%,0.193,0.303,0.261,0.316,0.453,0.332,115,-0.3,6.6,-0.7,2
118,Jackson Holliday,BAL,114,485,13,64,47,13,9.90%,22.20%,0.147,0.302,0.248,0.328,0.395,0.317,105,-0.1,2.6,0.3,2
119,Francisco Alvarez,NYM,112,430,19,51,57,1,9.10%,25.80%,0.196,0.274,0.233,0.312,0.429,0.321,105,-0.7,1.9,3,2
120,Luis Robert Jr.,NYM,128,522,20,66,61,29,7.50%,28.10%,0.171,0.293,0.234,0.297,0.405,0.304,93,1.1,-3.1,4.7,2
121,Colson Montgomery,CHW,130,550,23,61,70,2,8.50%,29.50%,0.186,0.274,0.219,0.296,0.405,0.305,94,-0.6,-4.5,5,2
122,Kevin McGonigle,DET,79,319,10,40,38,7,10.00%,14.50%,0.175,0.269,0.254,0.33,0.429,0.329,111,-0.2,3.9,4.1,1.9
123,Carson Kelly,CHC,95,364,12,40,42,2,9.30%,20.30%,0.152,0.266,0.234,0.312,0.386,0.307,96,-1,-2.9,9.2,1.9
124,Willson Contreras,BOS,133,560,22,70,74,5,9.30%,25.30%,0.19,0.307,0.251,0.342,0.441,0.341,115,-1.3,8.9,-9.7,1.9
125,Vinnie Pasquantino,KCR,147,630,26,74,93,1,8.20%,14.70%,0.199,0.266,0.259,0.324,0.458,0.335,115,-1.9,9.2,-12.3,1.9
126,Jonathan Aranda,TBR,136,567,20,69,74,2,9.90%,25.30%,0.172,0.323,0.26,0.344,0.432,0.337,116,-2.2,8.8,-9.9,1.9
127,Jeff McNeil,ATH,132,536,12,60,57,4,8.10%,12.70%,0.142,0.275,0.257,0.328,0.399,0.317,103,-1.4,0.2,-0.3,1.8
128,Miguel Vargas,CHW,138,579,19,71,66,7,10.30%,19.30%,0.172,0.261,0.233,0.319,0.405,0.317,102,-0.5,1.1,-2.7,1.8
129,Caleb Durbin,BOS,132,526,10,62,53,21,6.60%,10.80%,0.127,0.269,0.254,0.325,0.381,0.311,95,1.1,-2.2,2,1.8
130,JJ Wetherholt,STL,119,490,10,56,48,11,9.30%,17.80%,0.124,0.286,0.247,0.326,0.371,0.309,97,0.1,-1.9,3.1,1.8
131,Matt Wallner,MIN,117,481,24,60,63,5,10.60%,30.70%,0.235,0.284,0.226,0.326,0.461,0.34,118,-0.8,9.5,-8.2,1.8
132,Ozzie Albies,ATL,140,588,17,69,71,11,7.30%,14.80%,0.156,0.266,0.249,0.308,0.405,0.31,97,0.1,-1.9,0,1.8
133,Hunter Goodman,COL,139,560,28,71,86,2,6.00%,26.10%,0.228,0.296,0.253,0.304,0.481,0.334,101,-0.8,-0.1,-1.1,1.8
134,Christian Yelich,MIL,135,577,19,74,74,16,11.00%,23.90%,0.162,0.317,0.258,0.344,0.42,0.332,114,1.2,10.9,-12.8,1.8
135,Brenton Doyle,COL,138,563,18,70,65,21,6.30%,26.60%,0.165,0.312,0.249,0.298,0.414,0.307,83,1.5,-10.2,8.5,1.7
136,Teoscar Hernández,LAD,132,554,26,71,83,6,6.20%,26.40%,0.206,0.311,0.259,0.311,0.465,0.332,113,-1,7.4,-9.2,1.7
137,Nolan Arenado,ARI,133,555,16,60,69,3,6.80%,13.80%,0.147,0.267,0.252,0.306,0.399,0.305,94,-0.8,-5.1,3.6,1.7
138,Jake Cronenworth,SDP,141,576,14,64,61,4,10.70%,19.90%,0.143,0.276,0.235,0.331,0.378,0.314,100,-0.7,-0.4,-2.2,1.7
139,TJ Friedl,CIN,132,571,13,68,54,11,10.00%,16.80%,0.133,0.273,0.242,0.333,0.374,0.314,96,0.3,-2.4,0.2,1.7
140,Colt Keith,DET,121,490,15,63,54,3,8.90%,20.90%,0.167,0.3,0.257,0.326,0.424,0.325,108,0.1,5,-5.2,1.7
141,Anthony Volpe,NYY,111,451,14,54,48,16,7.40%,24.20%,0.166,0.276,0.229,0.291,0.395,0.298,90,1.3,-4.2,5.5,1.7
142,Carlos Narváez,BOS,108,411,12,43,44,2,9.10%,26.70%,0.148,0.289,0.228,0.303,0.376,0.298,86,-0.7,-7.5,9.8,1.7
143,Matt McLain,CIN,131,541,17,67,56,16,9.20%,28.10%,0.16,0.306,0.235,0.313,0.395,0.31,93,0.7,-3.6,1.9,1.7
144,Ryan McMahon,NYY,117,474,16,53,51,3,11.30%,31.50%,0.164,0.293,0.218,0.309,0.382,0.304,93,-0.6,-4.3,4.6,1.7
145,Chase Meidroth,CHW,124,531,7,62,39,13,10.20%,15.10%,0.088,0.29,0.252,0.339,0.34,0.306,95,-0.3,-3.3,1.4,1.6
146,Luis Arraez,SFG,139,608,4,68,54,8,5.20%,4.00%,0.083,0.305,0.299,0.339,0.382,0.315,101,-0.2,0.6,-5.3,1.6
147,Jonathan India,KCR,126,532,12,64,52,6,10.20%,19.30%,0.138,0.286,0.244,0.337,0.382,0.319,104,-0.3,2.3,-4.6,1.6
148,Jake Meyers,HOU,118,462,9,54,43,13,7.80%,20.70%,0.123,0.295,0.245,0.312,0.368,0.3,92,0.5,-4,3.8,1.6
149,Carter Jensen,KCR,105,392,12,46,47,4,9.60%,25.00%,0.168,0.298,0.241,0.316,0.409,0.315,101,-0.2,0.2,2.1,1.6
150,Luis García Jr.,WSN,124,505,15,59,62,14,5.50%,15.80%,0.154,0.289,0.265,0.306,0.419,0.312,99,-0.1,-0.6,-0.6,1.6
151,Josh Jung,TEX,128,522,17,56,62,4,5.50%,25.50%,0.156,0.304,0.247,0.292,0.402,0.301,93,-1.2,-5.2,2.8,1.6
152,Sal Frelick,MIL,132,548,8,66,52,19,8.10%,14.20%,0.106,0.294,0.261,0.327,0.367,0.307,96,0.9,-1.5,-1.3,1.6
153,Ernie Clement,TOR,140,553,10,64,56,9,4.40%,10.30%,0.122,0.275,0.262,0.297,0.384,0.295,89,0.2,-7.3,3.6,1.6
154,Brandon Marsh,PHI,120,468,13,57,51,11,9.70%,28.10%,0.156,0.34,0.256,0.33,0.412,0.323,105,0.3,3.4,-3.7,1.6
155,Freddy Fermin,SDP,117,430,9,43,41,2,6.40%,19.80%,0.113,0.281,0.239,0.292,0.352,0.283,79,-0.4,-11.1,11.8,1.6
156,Spencer Torkelson,DET,147,614,27,75,79,2,10.40%,26.10%,0.203,0.276,0.232,0.319,0.435,0.326,109,-0.7,5.7,-11.6,1.6
157,Evan Carter,TEX,106,418,11,52,43,17,9.60%,22.60%,0.15,0.287,0.236,0.321,0.386,0.311,100,1,1,-0.2,1.6
158,Joey Ortiz,MIL,131,511,9,57,51,12,6.90%,17.40%,0.123,0.277,0.241,0.298,0.364,0.29,85,0.7,-8.3,6.4,1.6
159,Bryan Reynolds,PIT,146,632,18,74,74,5,8.70%,24.10%,0.159,0.314,0.254,0.326,0.413,0.322,104,-0.7,2.5,-8.4,1.6
160,Royce Lewis,MIN,122,492,19,56,63,10,7.20%,21.40%,0.177,0.275,0.243,0.299,0.42,0.31,98,0,-1.4,-0.5,1.5
161,Patrick Bailey,SFG,127,474,9,47,48,2,7.40%,26.40%,0.114,0.287,0.221,0.282,0.335,0.273,72,-0.7,-16.5,15.4,1.5
162,Munetaka Murakami,CHW,133,546,28,69,75,8,13.10%,32.20%,0.215,0.276,0.217,0.326,0.432,0.329,111,-0.7,6.2,-10.2,1.5
163,Logan O'Hoppe,LAA,117,451,19,47,53,2,6.70%,28.40%,0.178,0.283,0.23,0.289,0.407,0.302,91,-1.4,-6,5,1.5
164,Jurickson Profar,ATL,138,591,18,75,67,9,11.20%,16.30%,0.157,0.275,0.25,0.344,0.407,0.331,112,-0.7,7.5,-12.7,1.5
165,Chase DeLauter,CLE,106,458,12,52,50,3,9.00%,18.70%,0.147,0.277,0.244,0.313,0.39,0.307,98,-0.7,-2,0.6,1.5
166,Ramón Laureano,SDP,127,518,19,66,65,9,7.10%,26.60%,0.183,0.303,0.245,0.311,0.428,0.32,105,-0.8,2.1,-5.4,1.5
167,Lars Nootbaar,STL,121,515,15,61,52,6,11.80%,20.20%,0.158,0.281,0.242,0.335,0.401,0.322,106,-0.1,3.6,-6.8,1.4
168,Sean Murphy,ATL,83,321,13,37,40,0,9.70%,27.40%,0.184,0.269,0.22,0.313,0.405,0.314,100,-0.5,-0.4,3.9,1.4
169,Jared Triolo,PIT,126,498,9,56,44,13,10.00%,22.80%,0.121,0.303,0.241,0.322,0.363,0.304,92,0.1,-4.8,2.2,1.4
170,Josh Smith,TEX,125,513,10,59,45,9,9.30%,19.10%,0.122,0.283,0.239,0.325,0.361,0.305,96,-0.2,-2.6,-1.1,1.4
171,Jorge Polanco,NYM,123,506,21,61,68,5,9.20%,20.50%,0.188,0.274,0.247,0.32,0.435,0.326,109,-0.8,4.5,-7.8,1.4
172,Tyler Stephenson,CIN,108,425,14,48,52,1,9.60%,28.40%,0.163,0.304,0.235,0.315,0.398,0.312,94,-0.9,-3.7,3.2,1.4
173,Tommy Edman,LAD,109,441,12,55,50,9,6.40%,17.60%,0.148,0.27,0.243,0.297,0.391,0.299,90,0.6,-4.4,3,1.4
174,Jung Hoo Lee,SFG,137,569,8,65,55,9,7.60%,11.20%,0.128,0.289,0.267,0.327,0.394,0.315,101,0.2,1.1,-7,1.4
175,Addison Barger,TOR,115,470,17,56,60,4,8.10%,24.30%,0.183,0.285,0.239,0.305,0.422,0.314,101,-0.5,0.2,-3,1.4
176,Harrison Bader,SFG,123,485,14,58,51,13,6.50%,23.90%,0.144,0.297,0.243,0.303,0.387,0.302,92,0.1,-4.4,1.4,1.4
177,Kerry Carpenter,DET,116,478,24,61,70,2,6.30%,23.90%,0.221,0.288,0.253,0.308,0.474,0.334,114,-0.8,7.2,-10.3,1.4
178,Kyle Manzardo,CLE,127,519,25,59,70,2,9.60%,23.80%,0.216,0.268,0.238,0.318,0.454,0.331,114,-0.6,7.9,-12.5,1.4
179,Davis Schneider,TOR,87,327,14,40,39,4,12.20%,28.30%,0.196,0.273,0.22,0.322,0.416,0.324,108,-0.3,2.8,-0.9,1.3
180,Dylan Crews,WSN,136,560,16,67,59,25,7.00%,22.20%,0.15,0.28,0.236,0.3,0.386,0.3,91,1,-4.9,-0.7,1.3
181,Danny Jansen,TEX,90,333,12,36,38,1,10.80%,23.40%,0.17,0.242,0.211,0.306,0.38,0.303,95,-0.8,-2.9,4.5,1.3
182,Eugenio Suárez,CIN,143,599,34,76,95,3,8.20%,29.40%,0.236,0.276,0.234,0.308,0.47,0.333,109,-1.9,4.5,-11.4,1.3
183,José Caballero,NYY,95,361,7,46,30,38,10.80%,25.20%,0.116,0.293,0.225,0.321,0.341,0.297,89,2.4,-2.3,3,1.3
184,Gavin Lux,TBR,110,447,7,51,43,3,10.00%,22.10%,0.113,0.318,0.252,0.329,0.366,0.308,96,-0.5,-2.3,-0.1,1.3
185,Jo Adell,LAA,139,566,30,68,83,9,6.80%,27.40%,0.223,0.271,0.234,0.296,0.457,0.323,106,-0.5,3.2,-10.1,1.3
186,Ha-Seong Kim,ATL,89,357,8,42,34,13,10.30%,18.20%,0.128,0.278,0.241,0.324,0.369,0.306,95,0.5,-1.6,2.3,1.3
187,Alec Burleson,STL,139,576,20,64,73,6,6.90%,14.30%,0.163,0.282,0.268,0.321,0.431,0.325,108,-1.2,4.3,-11.3,1.3
188,Sal Stewart,CIN,117,472,18,60,63,7,7.80%,19.50%,0.185,0.294,0.263,0.325,0.448,0.334,109,-0.2,5.1,-8.4,1.3
189,Nolan Schanuel,LAA,141,598,13,71,56,6,11.00%,14.10%,0.123,0.288,0.261,0.352,0.384,0.325,108,-1.5,3.8,-12.2,1.2
190,Daylen Lile,WSN,130,536,11,64,58,14,6.60%,17.80%,0.15,0.308,0.266,0.32,0.416,0.319,104,0.6,3.1,-9,1.2
191,Heliot Ramos,SFG,144,608,21,73,71,6,7.40%,24.30%,0.168,0.306,0.253,0.319,0.421,0.321,105,-0.9,2.9,-11.7,1.2
192,Nick Gonzales,PIT,96,396,7,44,40,2,6.00%,20.40%,0.134,0.31,0.258,0.309,0.392,0.305,93,-0.5,-3.9,2.5,1.2
193,Christian Walker,HOU,135,568,26,67,78,3,8.20%,25.60%,0.197,0.268,0.231,0.303,0.428,0.316,103,-1.2,0.5,-8.7,1.2
194,Ryan O'Hearn,PIT,125,511,14,60,60,3,9.20%,18.80%,0.146,0.305,0.264,0.338,0.41,0.326,107,-1.2,3,-8.8,1.2
195,Samuel Basallo,BAL,108,420,16,49,55,2,7.80%,24.50%,0.176,0.285,0.24,0.304,0.415,0.311,100,-0.5,-0.4,-2.8,1.1
196,Spencer Horwitz,PIT,117,483,11,58,53,2,10.60%,18.50%,0.144,0.301,0.258,0.344,0.402,0.328,108,-1.2,3.5,-8.5,1.1
197,Parker Meadows,DET,118,468,12,55,44,13,9.00%,25.30%,0.147,0.284,0.225,0.298,0.373,0.294,87,1,-6.3,1.2,1.1
198,Joey Bart,PIT,84,314,8,32,33,1,9.40%,27.50%,0.127,0.312,0.236,0.321,0.363,0.305,93,-0.8,-3.5,4.1,1.1
199,Cole Young,SEA,96,370,7,39,35,5,9.50%,17.70%,0.12,0.269,0.232,0.313,0.352,0.295,94,-0.3,-2.7,0.8,1.1
200,Zach McKinstry,DET,111,429,9,51,39,15,8.40%,21.80%,0.137,0.284,0.233,0.304,0.371,0.296,88,1.1,-4.9,0.9,1.1
201,Cedric Mullins,TBR,111,450,14,53,49,19,9.00%,22.60%,0.159,0.264,0.224,0.299,0.384,0.299,90,0.9,-4.4,-0.1,1.1
202,Brayan Rocchio,CLE,120,462,8,49,44,11,7.50%,19.40%,0.116,0.275,0.232,0.299,0.348,0.286,83,-0.2,-9.6,4.2,1.1
203,Jesús Sánchez,TOR,104,415,14,51,49,9,8.40%,23.90%,0.173,0.292,0.244,0.311,0.417,0.316,103,0.1,1.5,-5.3,1.1
204,Colt Emerson,SEA,72,286,5,30,29,6,8.10%,21.70%,0.119,0.287,0.234,0.307,0.354,0.291,92,-0.2,-3,3.4,1
205,Marcell Ozuna,PIT,123,517,21,61,67,0,12.20%,24.20%,0.187,0.286,0.243,0.338,0.43,0.335,113,-1.6,6.3,-13.3,1
206,Willi Castro,COL,127,520,12,67,50,15,7.90%,22.70%,0.146,0.314,0.253,0.329,0.399,0.32,91,0.4,-5.2,-2,1
207,Dylan Beavers,BAL,101,401,12,49,42,10,11.00%,24.10%,0.159,0.292,0.237,0.324,0.396,0.316,104,0,1.7,-5.5,1
208,Denzel Clarke,ATH,98,378,8,45,34,14,7.20%,32.90%,0.139,0.325,0.224,0.291,0.363,0.288,83,0.8,-6.9,4.1,1
209,Jake Burger,TEX,129,529,25,61,74,2,5.20%,24.80%,0.203,0.275,0.24,0.29,0.443,0.314,102,-0.8,0.7,-9,1
210,Pedro Pagés,STL,90,332,9,31,36,1,6.20%,26.30%,0.133,0.28,0.223,0.276,0.356,0.276,74,-0.7,-10.8,9.4,1
211,Yoán Moncada,LAA,91,364,12,41,41,1,9.20%,26.70%,0.164,0.3,0.237,0.316,0.401,0.314,99,-0.7,-1,-1.7,1
212,Carson Williams,TBR,96,373,12,44,41,10,8.00%,34.30%,0.159,0.3,0.212,0.281,0.371,0.286,81,0,-8.4,5.6,1
213,Brett Baty,NYM,112,442,16,51,52,5,8.30%,24.90%,0.166,0.292,0.242,0.309,0.408,0.312,99,-0.4,-0.9,-4.4,1
214,Brooks Lee,MIN,135,544,14,55,60,4,6.40%,17.30%,0.134,0.268,0.241,0.291,0.375,0.29,83,-1,-11.6,2.5,1
215,Justin Crawford,PHI,101,405,5,51,36,22,7.10%,20.80%,0.101,0.332,0.267,0.322,0.368,0.303,92,1.4,-2.5,-1.4,1
216,Garrett Mitchell,MIL,96,369,9,43,35,13,9.10%,29.90%,0.145,0.309,0.227,0.303,0.372,0.297,90,0.6,-3.8,1.1,1
217,Luis Torrens,NYM,62,224,5,21,23,1,6.60%,22.30%,0.123,0.285,0.234,0.29,0.357,0.284,80,-0.3,-5.7,7.6,1
218,Connor Norby,MIA,116,451,13,53,50,8,6.80%,27.10%,0.155,0.309,0.242,0.299,0.397,0.303,92,-0.4,-5,-0.5,1
219,Ke'Bryan Hayes,CIN,127,505,8,52,47,11,6.60%,19.70%,0.105,0.289,0.242,0.296,0.347,0.283,75,0.3,-14.9,7.6,1
220,Dalton Rushing,LAD,56,201,6,24,25,1,9.30%,28.60%,0.159,0.288,0.223,0.307,0.382,0.303,93,-0.3,-2,4.5,1
221,Gabriel Arias,CLE,112,445,11,46,46,9,6.00%,31.10%,0.138,0.309,0.226,0.28,0.364,0.281,79,0.1,-10.8,4.7,0.9
222,Tyler O'Neill,BAL,89,366,17,46,47,5,10.00%,27.80%,0.206,0.277,0.231,0.315,0.436,0.324,109,-0.2,3.9,-7.3,0.9
223,Adolis García,PHI,135,563,24,68,78,11,6.60%,25.90%,0.191,0.275,0.234,0.29,0.425,0.308,95,0.1,-3.5,-6.2,0.9
224,Mike Yastrzemski,ATL,109,440,15,53,48,4,10.90%,23.00%,0.183,0.268,0.229,0.319,0.411,0.317,103,-0.4,0.9,-6.5,0.9
225,Austin Martin,MIN,86,331,3,39,25,14,10.40%,17.50%,0.095,0.302,0.251,0.339,0.346,0.308,96,0.3,-1.3,-1.2,0.9
226,Agustín Ramírez,MIA,122,510,18,61,63,12,7.20%,19.70%,0.176,0.272,0.244,0.305,0.419,0.313,99,-0.2,-0.9,-7.2,0.9
227,Casey Schmitt,SFG,73,283,10,31,32,1,6.70%,23.30%,0.165,0.28,0.239,0.296,0.404,0.303,93,-0.4,-2.7,1.8,0.9
228,Joe Mack,MIA,64,247,7,26,27,2,7.50%,28.00%,0.145,0.278,0.218,0.283,0.363,0.283,78,-0.2,-6.5,6.9,0.9
229,Victor Scott II,STL,131,507,7,56,39,33,7.60%,22.50%,0.099,0.276,0.22,0.29,0.319,0.272,72,3.4,-13.6,4.9,0.9
230,Isaac Collins,KCR,108,410,8,48,41,13,11.20%,22.50%,0.133,0.294,0.236,0.33,0.369,0.31,98,0.2,-0.9,-4.6,0.9
231,Jac Caglianone,KCR,124,505,19,60,65,4,7.60%,22.40%,0.18,0.274,0.239,0.306,0.42,0.314,100,-0.5,-0.3,-8.4,0.9
232,Marcelo Mayer,BOS,106,413,11,48,46,5,7.20%,24.20%,0.152,0.3,0.243,0.299,0.394,0.3,87,-0.2,-6.4,0.5,0.9
233,Henry Davis,PIT,76,282,8,30,28,4,7.80%,26.30%,0.141,0.275,0.218,0.293,0.359,0.287,81,-0.3,-6.8,5.8,0.8
234,Josh Bell,MIN,131,543,20,60,66,1,10.20%,18.60%,0.171,0.272,0.247,0.328,0.417,0.325,108,-2,3,-13.5,0.8
235,Victor Caratini,MIN,92,348,10,36,39,1,7.50%,18.10%,0.136,0.281,0.25,0.319,0.386,0.31,97,-1.1,-2.3,-1.5,0.8
236,Max Muncy,ATH,86,334,10,36,37,3,6.00%,28.30%,0.152,0.302,0.233,0.29,0.385,0.294,86,-0.4,-5.7,2.5,0.8
237,Luis Rengifo,MIL,107,424,8,45,41,11,6.40%,18.30%,0.114,0.288,0.247,0.3,0.361,0.291,86,0.3,-7,0.9,0.8
238,Jordan Lawlar,ARI,81,301,7,36,30,10,7.90%,27.00%,0.142,0.309,0.236,0.304,0.378,0.298,89,0.6,-3.3,1.2,0.8
239,Romy Gonzalez,BOS,71,274,8,33,35,7,5.70%,25.00%,0.161,0.327,0.263,0.308,0.424,0.315,98,-0.2,-1,-0.5,0.8
240,Nathan Lukes,TOR,81,315,6,36,34,3,7.90%,16.00%,0.124,0.291,0.257,0.319,0.381,0.306,96,-0.4,-1.9,-1.1,0.8
241,Chandler Simpson,TBR,109,449,1,56,32,42,5.50%,10.70%,0.058,0.318,0.285,0.324,0.343,0.295,87,3.7,-3.2,-4.1,0.8
242,Kody Clemens,MIN,74,286,13,34,36,3,7.30%,24.40%,0.209,0.261,0.23,0.292,0.439,0.314,100,-0.1,-0.1,-1.9,0.8
243,Luis Campusano,SDP,73,267,7,30,30,1,8.90%,22.50%,0.136,0.278,0.232,0.305,0.368,0.297,89,-0.3,-3.8,2.6,0.8
244,Vaughn Grissom,LAA,78,304,6,34,29,5,7.10%,20.40%,0.117,0.29,0.243,0.305,0.36,0.293,85,0,-5.2,2.5,0.8
245,Jacob Young,WSN,85,319,2,34,24,16,6.60%,18.50%,0.078,0.299,0.244,0.306,0.322,0.28,78,1.3,-7.1,4.2,0.8
246,Lane Thomas,KCR,98,402,13,49,44,14,8.10%,26.10%,0.164,0.285,0.23,0.3,0.394,0.303,93,0.4,-3.1,-2.8,0.8
247,Dominic Smith,ATL,30,106,2,12,13,0,7.90%,20.90%,0.089,0.296,0.242,0.305,0.331,0.284,79,-0.3,-2.9,6.9,0.8
248,Victor Robles,SEA,88,345,6,40,30,18,6.50%,21.70%,0.116,0.297,0.241,0.309,0.357,0.295,94,0.9,-1.5,-2.9,0.8
249,Blaze Alexander,BAL,84,329,8,36,32,6,8.10%,30.50%,0.132,0.311,0.225,0.303,0.357,0.293,88,-0.2,-5,1,0.8
250,Cam Smith,HOU,108,427,10,49,44,6,8.40%,26.50%,0.134,0.313,0.24,0.312,0.373,0.302,93,0.1,-3.5,-3.8,0.8
251,Trevor Larnach,MIN,107,439,13,52,50,3,9.90%,23.40%,0.157,0.297,0.246,0.324,0.403,0.317,102,-0.8,0.5,-8.2,0.8
252,Brooks Baldwin,CHW,99,379,12,41,42,7,6.70%,23.70%,0.157,0.288,0.239,0.293,0.397,0.299,90,0.1,-4.2,-1.3,0.8
253,Christian Moore,LAA,110,427,12,46,42,8,8.80%,31.00%,0.146,0.301,0.221,0.293,0.367,0.29,83,0,-8.6,1.2,0.8
254,Nasim Nuñez,WSN,91,325,4,37,25,22,9.10%,23.30%,0.087,0.292,0.228,0.301,0.314,0.276,75,1.7,-8.1,4.6,0.8
255,Braxton Fulford,COL,58,211,6,25,24,2,7.00%,27.30%,0.16,0.305,0.238,0.305,0.398,0.307,82,-0.1,-4.6,4.9,0.7
256,Edmundo Sosa,PHI,66,244,7,29,29,3,4.20%,22.80%,0.163,0.295,0.248,0.293,0.41,0.304,92,0.1,-2.1,1.2,0.7
257,Miguel Amaya,CHC,77,287,8,30,35,1,6.80%,21.40%,0.141,0.272,0.231,0.296,0.372,0.293,86,-0.6,-5.3,2.6,0.7
258,Carson Benge,NYM,92,367,9,44,39,8,8.90%,21.60%,0.146,0.283,0.237,0.312,0.383,0.304,94,0.2,-2.5,-3,0.7
259,Kyle Isbel,KCR,118,442,7,51,39,9,6.20%,19.60%,0.121,0.279,0.234,0.287,0.355,0.281,78,0.5,-10.9,2.9,0.7
260,Jake Rogers,DET,53,190,6,21,21,1,8.00%,28.60%,0.157,0.265,0.208,0.278,0.366,0.282,78,-0.2,-5.1,5.4,0.7
261,Kyle Higashioka,TEX,75,276,10,27,35,2,6.20%,24.70%,0.17,0.256,0.22,0.27,0.391,0.285,83,-0.7,-6.4,3.7,0.7
262,Harry Ford,WSN,98,288,6,32,29,5,9.90%,24.40%,0.124,0.285,0.228,0.315,0.352,0.296,89,-0.2,-4.1,1.2,0.7
263,Joc Pederson,TEX,103,405,17,48,50,3,11.20%,22.60%,0.189,0.259,0.228,0.329,0.418,0.326,111,-0.8,4.2,-11.6,0.7
264,Ramón Urías,STL,73,283,7,29,31,2,7.20%,22.10%,0.139,0.288,0.242,0.303,0.381,0.299,90,-0.5,-3.7,0.5,0.7
265,Colby Thomas,ATH,68,262,10,31,32,4,5.90%,30.70%,0.193,0.3,0.233,0.289,0.426,0.308,96,-0.1,-1.3,-1.3,0.6
266,Nolan Gorman,STL,124,503,21,57,63,4,9.90%,32.70%,0.183,0.278,0.212,0.291,0.394,0.298,90,-1.5,-7.7,-3.2,0.6
267,Kyle Karros,COL,58,232,4,27,22,2,8.50%,23.50%,0.12,0.329,0.257,0.327,0.377,0.309,84,-0.3,-4.7,3.1,0.6
268,Lourdes Gurriel Jr.,ARI,81,342,11,38,45,5,5.70%,15.90%,0.162,0.285,0.264,0.311,0.425,0.318,102,-0.3,0.6,-5.9,0.6
269,Javier Sanoja,MIA,61,224,4,24,23,5,5.90%,11.30%,0.126,0.277,0.258,0.304,0.384,0.299,89,-0.1,-3,1.6,0.6
270,JJ Bleday,CIN,85,334,13,40,40,2,10.50%,23.40%,0.191,0.261,0.227,0.31,0.418,0.316,97,-0.6,-1.7,-3.3,0.6
271,Austin Hays,CHW,111,449,14,53,53,6,6.50%,24.40%,0.162,0.299,0.245,0.301,0.407,0.306,95,-0.3,-2.9,-6.3,0.6
272,Keibert Ruiz,WSN,86,334,7,30,36,2,4.80%,11.50%,0.119,0.252,0.24,0.283,0.359,0.281,78,-0.8,-9.5,4.4,0.6
273,Spencer Steer,CIN,100,413,13,48,50,7,9.60%,21.60%,0.166,0.274,0.235,0.317,0.401,0.315,96,-0.2,-2.1,-5.7,0.6
274,Jasson Domínguez,NYY,60,238,7,31,26,11,9.30%,25.50%,0.157,0.301,0.242,0.315,0.399,0.312,99,0.7,0.3,-2.5,0.6
275,Wenceel Pérez,DET,109,444,12,53,46,10,7.90%,21.80%,0.157,0.279,0.236,0.3,0.393,0.302,92,0.5,-3.6,-5.8,0.6
276,Andrew Vaughn,MIL,129,537,19,55,73,1,7.00%,19.60%,0.169,0.281,0.251,0.309,0.42,0.316,103,-1.6,0.2,-12.2,0.6
277,Jose Trevino,CIN,70,254,6,25,25,1,5.70%,15.70%,0.123,0.257,0.234,0.281,0.357,0.279,72,-0.5,-8.9,6.2,0.6
278,Tyler Freeman,COL,84,344,5,44,32,13,7.60%,13.40%,0.117,0.307,0.275,0.351,0.392,0.329,97,0.4,-0.8,-4.9,0.6
279,Edouard Julien,COL,88,341,8,38,33,4,12.10%,29.00%,0.143,0.334,0.242,0.34,0.385,0.321,92,-0.6,-3.9,-1.8,0.6
280,Edgar Quero,CHW,110,430,8,42,44,1,8.50%,18.20%,0.112,0.297,0.254,0.325,0.366,0.306,95,-1.1,-3.8,-5.1,0.6
281,Josh Lowe,LAA,115,471,13,57,49,21,7.80%,27.00%,0.155,0.304,0.237,0.299,0.392,0.3,90,1.5,-4,-6.6,0.6
282,Nick Fortes,TBR,90,308,7,29,29,2,5.60%,18.10%,0.116,0.253,0.223,0.279,0.339,0.273,72,-0.2,-10.3,5.4,0.6
283,Taylor Walls,TBR,86,326,5,37,29,14,9.60%,23.70%,0.113,0.269,0.213,0.29,0.327,0.275,73,0.8,-9.4,3.8,0.6
284,Travis d'Arnaud,LAA,60,221,7,22,25,0,6.30%,28.70%,0.157,0.278,0.218,0.277,0.375,0.285,80,-0.6,-5.9,3.6,0.6
285,Alex Call,LAD,46,173,4,21,18,3,11.10%,18.80%,0.13,0.275,0.236,0.331,0.366,0.311,98,-0.3,-0.6,0,0.5
286,Michael Massey,KCR,81,319,9,32,35,2,4.80%,18.30%,0.143,0.269,0.24,0.281,0.383,0.288,82,-0.3,-7,1.4,0.5
287,Austin Wynns,ATH,43,153,4,15,18,1,6.20%,27.60%,0.138,0.291,0.227,0.281,0.365,0.282,79,-0.2,-4.1,4.1,0.5
288,Luisangel Acuña,CHW,98,345,4,40,28,19,5.90%,18.70%,0.096,0.292,0.245,0.292,0.341,0.278,76,1.3,-8.5,2,0.5
289,Alek Thomas,ARI,108,413,9,47,42,8,5.60%,23.10%,0.136,0.293,0.239,0.286,0.375,0.288,82,1,-8.1,-0.5,0.5
290,Connor Wong,BOS,60,221,5,24,20,3,6.70%,24.40%,0.126,0.294,0.233,0.293,0.359,0.287,78,-0.3,-6.1,3.6,0.5
291,Walker Jenkins,MIN,27,111,2,13,11,3,9.10%,22.30%,0.13,0.298,0.243,0.319,0.374,0.305,94,0,-0.8,2,0.5
292,Ben Williamson,TBR,60,233,2,25,21,5,6.60%,21.30%,0.091,0.312,0.249,0.305,0.339,0.285,81,-0.1,-5.4,2.6,0.5
293,Noelvi Marte,CIN,124,515,16,62,60,14,6.00%,23.10%,0.157,0.299,0.25,0.301,0.407,0.307,91,0.3,-5.4,-6.7,0.5
294,Darell Hernaiz,ATH,48,185,2,20,17,3,7.20%,15.40%,0.107,0.288,0.252,0.309,0.359,0.294,86,-0.1,-3.1,1.9,0.5
295,Matt Shaw,CHC,76,293,8,36,31,11,8.60%,20.40%,0.153,0.276,0.238,0.31,0.391,0.307,95,0.5,-1,-3.9,0.5
296,Tyler Heineman,TOR,42,145,3,15,13,2,7.80%,21.20%,0.109,0.264,0.217,0.295,0.326,0.278,77,-0.2,-4.2,4.2,0.5
297,Giancarlo Stanton,NYY,96,393,23,47,63,0,9.50%,31.30%,0.235,0.268,0.224,0.3,0.459,0.324,108,-1.3,2.3,-10.6,0.5
298,David Hamilton,MIL,53,186,5,23,17,16,8.00%,25.10%,0.137,0.261,0.211,0.276,0.348,0.275,75,1.5,-4.1,2.8,0.5
299,Will Benson,CIN,61,224,8,28,27,5,9.60%,30.50%,0.19,0.287,0.222,0.3,0.411,0.308,92,-0.2,-2.3,-0.2,0.5
300,Jorge Soler,LAA,116,472,21,55,58,1,10.30%,27.20%,0.197,0.271,0.226,0.313,0.423,0.32,104,-1.5,0.7,-12,0.5
301,Rafael Marchán,PHI,45,160,3,16,16,1,7.90%,17.10%,0.104,0.261,0.227,0.298,0.331,0.28,76,-0.3,-4.9,4.4,0.5
302,Amed Rosario,NYY,66,251,5,28,26,5,4.30%,18.40%,0.12,0.302,0.259,0.295,0.378,0.293,86,0.6,-3.5,-0.1,0.5
303,Travis Bazzana,CLE,53,214,5,26,20,4,11.00%,28.40%,0.13,0.292,0.216,0.31,0.347,0.294,88,-0.1,-3.1,0.5,0.5
304,Ryan Waldschmidt,ARI,44,176,4,21,18,5,10.20%,21.40%,0.129,0.297,0.243,0.331,0.372,0.312,98,0,-0.4,-0.7,0.5
305,Jimmy Crooks,STL,28,101,2,10,11,0,6.90%,26.80%,0.119,0.303,0.233,0.293,0.352,0.284,80,-0.1,-2.6,3.9,0.5
306,Matt Vierling,DET,62,246,6,28,25,4,7.70%,23.40%,0.133,0.297,0.241,0.305,0.375,0.298,89,0,-3.1,-0.7,0.5
307,Brady House,WSN,122,490,12,50,53,6,4.60%,27.90%,0.128,0.313,0.24,0.279,0.369,0.281,78,-0.4,-13.2,1.6,0.5
308,Leo Rivas,SEA,44,148,2,17,12,6,12.60%,24.80%,0.084,0.286,0.215,0.321,0.299,0.284,87,0.3,-2,1.6,0.5
309,Miguel Rojas,LAD,47,171,3,19,16,3,6.60%,14.30%,0.111,0.275,0.248,0.303,0.359,0.291,85,-0.1,-3.2,2.1,0.5
310,James McCann,ARI,52,192,5,20,23,1,5.60%,25.90%,0.137,0.298,0.237,0.289,0.375,0.289,83,-0.5,-4.4,2.6,0.5
311,Coby Mayo,BAL,42,158,6,19,18,1,8.60%,28.60%,0.182,0.287,0.227,0.301,0.408,0.308,98,-0.1,-0.4,-0.5,0.5
312,Andrew Benintendi,CHW,120,494,16,54,57,3,8.50%,17.30%,0.155,0.27,0.246,0.312,0.402,0.31,98,-0.9,-2.2,-9.9,0.5
313,Gary Sánchez,MIL,44,166,7,18,23,0,8.00%,27.00%,0.183,0.256,0.216,0.294,0.399,0.303,94,-0.4,-1.6,0.6,0.5
314,Mark Vientos,NYM,108,446,19,51,60,1,7.00%,26.30%,0.189,0.287,0.24,0.298,0.429,0.314,100,-1,-0.9,-9.6,0.5
315,Hunter Feduccia,TBR,74,256,5,25,24,2,10.40%,25.80%,0.112,0.281,0.216,0.299,0.328,0.28,77,-0.4,-7.4,3.2,0.5
316,Dominic Canzone,SEA,103,406,15,45,49,4,7.30%,23.30%,0.17,0.278,0.238,0.297,0.408,0.304,101,-0.7,-0.4,-9.1,0.5
317,Kevin Alcántara,CHC,19,54,1,6,6,1,7.60%,29.50%,0.135,0.307,0.229,0.29,0.364,0.287,82,0,-1.2,3.6,0.4
318,Jake Fraley,TBR,96,359,8,41,36,11,9.00%,20.90%,0.13,0.283,0.237,0.312,0.368,0.3,91,0.1,-3.9,-3.9,0.4
319,Luke Raley,SEA,75,281,9,33,32,5,7.30%,30.10%,0.163,0.288,0.219,0.299,0.382,0.3,98,-0.3,-1.1,-4.4,0.4
320,Alan Roden,MIN,49,179,3,21,17,3,8.10%,18.90%,0.124,0.291,0.247,0.322,0.37,0.306,94,-0.1,-1.3,-0.7,0.4
321,José Fermín,STL,52,178,3,20,16,6,9.90%,13.60%,0.111,0.268,0.241,0.33,0.352,0.305,94,0.1,-1.2,-0.7,0.4
322,Javier Báez,DET,87,333,8,35,38,5,3.70%,24.20%,0.13,0.283,0.231,0.268,0.361,0.273,72,0.3,-10.6,3.2,0.4
323,Blake Perkins,MIL,57,219,4,25,20,7,9.70%,27.00%,0.114,0.288,0.217,0.296,0.331,0.279,78,0.3,-5.5,2.2,0.4
324,Triston Casas,BOS,45,186,7,21,24,0,11.80%,25.20%,0.187,0.284,0.236,0.33,0.423,0.326,105,-0.5,0.7,-3.1,0.4
325,Mickey Moniak,COL,117,473,20,61,65,9,5.20%,25.20%,0.21,0.305,0.256,0.299,0.466,0.326,95,-0.4,-3,-8.9,0.4
326,Jake Mangum,PIT,80,314,2,32,28,13,4.60%,16.80%,0.087,0.323,0.272,0.31,0.359,0.294,85,0.5,-5.1,-1.4,0.4
327,Drew Millas,WSN,36,126,2,13,12,3,7.40%,16.70%,0.105,0.281,0.242,0.3,0.346,0.284,80,0.1,-2.9,2.6,0.4
328,Owen Caissie,MIA,111,411,12,46,45,5,9.20%,30.90%,0.155,0.316,0.231,0.306,0.387,0.303,92,-0.3,-4.3,-5.4,0.4
329,Dane Myers,CIN,63,234,6,26,24,8,6.90%,25.50%,0.129,0.306,0.241,0.301,0.37,0.295,83,0.2,-4.5,0.6,0.4
330,Mauricio Dubón,ATL,90,338,5,36,33,3,5.00%,12.60%,0.103,0.276,0.253,0.292,0.356,0.283,79,-0.3,-8.6,1.2,0.4
331,Zach Cole,HOU,93,364,12,42,41,10,8.50%,37.70%,0.172,0.316,0.211,0.286,0.383,0.291,86,0.1,-6,-2.7,0.4
332,Ryan Ritter,COL,54,206,4,24,21,3,7.10%,26.40%,0.136,0.323,0.245,0.312,0.381,0.304,80,0,-4.8,1.8,0.4
333,César Salazar,HOU,51,147,3,14,13,1,8.30%,20.60%,0.103,0.244,0.204,0.292,0.307,0.271,72,-0.2,-5.1,3.8,0.4
334,Thomas Saggese,STL,64,249,5,27,25,3,5.90%,25.70%,0.119,0.312,0.241,0.293,0.36,0.287,82,-0.2,-5.6,0.9,0.4
335,Andy Ibáñez,ATH,54,185,4,19,19,3,6.90%,20.10%,0.129,0.283,0.239,0.3,0.368,0.294,87,-0.4,-3.3,0.7,0.4
336,Jake McCarthy,COL,91,356,6,44,32,14,6.40%,17.40%,0.125,0.305,0.261,0.319,0.386,0.309,84,1.4,-5.6,-2.6,0.4
337,Jeremiah Jackson,BAL,59,238,7,27,26,3,5.20%,23.90%,0.149,0.288,0.238,0.281,0.387,0.29,85,-0.2,-4.3,-0.3,0.4
338,Daniel Schneemann,CLE,55,209,5,23,20,4,9.30%,27.40%,0.139,0.281,0.217,0.293,0.356,0.287,83,-0.2,-4.3,0.7,0.4
339,Sung-Mun Song,SDP,65,259,5,27,26,5,7.50%,17.20%,0.119,0.267,0.235,0.294,0.354,0.284,80,0.1,-6.2,0.9,0.4
340,Graham Pauley,MIA,82,307,8,32,31,4,8.50%,21.40%,0.141,0.262,0.222,0.294,0.363,0.289,82,-0.2,-6.6,0,0.4
341,Joshua Baez,STL,45,121,4,15,14,7,8.80%,26.20%,0.174,0.293,0.235,0.312,0.409,0.313,100,0.8,0.8,-1.3,0.4
342,Tyler Fitzgerald,SFG,23,87,2,9,8,3,6.10%,29.70%,0.142,0.291,0.219,0.274,0.362,0.278,76,0.2,-2.3,2.8,0.4
343,Rob Refsnyder,SEA,62,233,7,27,27,3,10.00%,26.40%,0.153,0.302,0.238,0.323,0.39,0.313,107,-0.3,1.5,-6.1,0.4
344,CJ Kayfus,CLE,76,296,8,34,34,4,8.70%,27.50%,0.158,0.302,0.232,0.307,0.391,0.305,96,-0.1,-1.5,-5.2,0.3
345,Liam Hicks,MIA,85,320,4,31,30,2,10.40%,15.80%,0.099,0.275,0.24,0.333,0.339,0.302,91,-0.6,-3.8,-3.5,0.3
346,Moisés Ballesteros,CHC,89,342,10,38,40,2,8.30%,18.40%,0.152,0.295,0.26,0.325,0.412,0.319,104,-0.6,1,-9.2,0.3
347,José Tena,WSN,70,266,4,27,25,8,7.00%,25.40%,0.114,0.315,0.242,0.298,0.356,0.288,83,0,-5.4,-0.1,0.3
348,Pavin Smith,ARI,99,398,12,46,47,3,11.80%,25.60%,0.159,0.293,0.235,0.326,0.394,0.316,101,-1,-0.6,-9.4,0.3
349,Brett Harris,ATH,46,167,4,18,16,2,8.20%,21.50%,0.125,0.273,0.228,0.303,0.353,0.291,85,-0.2,-3.2,0.9,0.3
350,Anthony Santander,TOR,29,124,6,15,17,0,9.20%,23.10%,0.201,0.25,0.225,0.306,0.426,0.317,104,-0.3,0.3,-1.2,0.3
351,Thairo Estrada,BAL,37,148,4,16,15,1,4.30%,19.20%,0.133,0.281,0.245,0.283,0.379,0.288,84,-0.1,-2.8,0.9,0.3
352,Paul Goldschmidt,NYY,89,362,11,43,39,4,8.00%,22.40%,0.152,0.297,0.249,0.312,0.401,0.31,98,-0.7,-1.8,-7.4,0.3
353,Jonah Heim,ATL,35,132,3,13,15,0,7.20%,20.00%,0.128,0.256,0.223,0.28,0.351,0.278,75,-0.3,-4.1,2.8,0.3
354,Jordan Beck,COL,131,538,15,64,58,16,7.80%,28.70%,0.159,0.328,0.248,0.309,0.407,0.312,85,0.4,-8.9,-6,0.3
355,Ryan Mountcastle,BAL,46,187,6,21,23,1,6.00%,24.70%,0.157,0.312,0.256,0.303,0.414,0.31,99,-0.1,-0.3,-3.2,0.3
356,Nick Loftin,KCR,37,136,2,14,13,2,8.90%,16.30%,0.112,0.265,0.234,0.309,0.346,0.291,85,-0.1,-2.6,1,0.3
357,Nathan Church,STL,53,184,3,21,18,4,6.10%,16.20%,0.11,0.278,0.244,0.299,0.355,0.287,82,0,-3.9,0.7,0.3
358,Christopher Morel,MIA,87,332,13,39,40,6,9.10%,30.10%,0.184,0.285,0.221,0.299,0.405,0.307,94,0.1,-2.1,-5.9,0.3
359,Angel Martínez,CLE,66,259,6,28,25,4,6.20%,21.30%,0.132,0.275,0.231,0.285,0.363,0.283,81,0.1,-5.7,-0.3,0.3
360,Trey Sweeney,DET,21,76,2,8,7,1,8.00%,27.10%,0.149,0.269,0.214,0.279,0.363,0.282,78,0,-2,2.2,0.3
361,Rhys Hoskins,CLE,94,379,15,42,47,2,10.80%,27.20%,0.182,0.268,0.22,0.312,0.401,0.312,100,-1.1,-0.9,-9.3,0.3
362,J.C. Escarra,NYY,43,148,3,15,15,1,8.90%,19.20%,0.122,0.255,0.219,0.295,0.341,0.282,78,-0.2,-4,1.7,0.3
363,Jett Williams,MIL,39,159,4,19,15,6,9.50%,26.20%,0.142,0.288,0.223,0.304,0.366,0.296,89,0.1,-2,-0.6,0.3
364,Mitch Garver,SEA,31,119,4,13,14,0,10.70%,28.30%,0.163,0.252,0.203,0.3,0.366,0.296,95,-0.3,-1.1,-0.3,0.3
365,Christian Vázquez,,42,153,3,14,14,1,6.20%,19.50%,0.1,0.263,0.224,0.277,0.324,0.266,67,-0.5,-6.3,3.8,0.3
366,Emmanuel Rodriguez,MIN,13,52,1,7,5,1,14.10%,34.10%,0.142,0.322,0.215,0.328,0.357,0.307,95,0,-0.3,1.1,0.3
367,Jesus Rodriguez,SFG,12,46,0,5,4,1,7.90%,16.20%,0.08,0.309,0.262,0.323,0.343,0.295,88,0,-0.7,1.7,0.3
368,Ezequiel Duran,TEX,78,285,5,30,26,9,5.10%,24.10%,0.121,0.294,0.235,0.28,0.356,0.278,77,0,-7.6,0.3,0.3
369,Zack Gelof,ATH,42,161,5,20,17,5,8.10%,33.50%,0.158,0.301,0.217,0.284,0.375,0.288,83,0.3,-2.9,0.1,0.3
370,Randal Grichuk,NYY,46,171,6,20,21,0,6.30%,20.90%,0.185,0.272,0.243,0.295,0.427,0.311,98,-0.2,-0.5,-2.7,0.3
371,Jorge Mateo,ATL,44,153,3,19,13,12,5.40%,27.30%,0.135,0.291,0.223,0.269,0.358,0.273,72,1.2,-3.9,1.3,0.3
372,Hyeseong Kim,LAD,48,167,3,19,16,8,5.50%,24.80%,0.107,0.321,0.248,0.294,0.355,0.284,80,0.7,-3.2,0.1,0.3
373,Alex Jackson,MIN,15,50,2,6,6,0,6.60%,32.90%,0.159,0.269,0.199,0.262,0.358,0.272,71,-0.1,-1.8,2.5,0.3
374,Ryan Kreidler,MIN,24,83,1,8,6,3,9.50%,31.90%,0.105,0.277,0.192,0.279,0.297,0.261,64,0,-3.5,3,0.2
375,Jesse Winker,,67,263,7,30,28,4,12.40%,22.30%,0.144,0.283,0.234,0.337,0.378,0.316,102,-0.9,-0.3,-6.2,0.2
376,Otto Kemp,PHI,62,239,7,29,28,4,6.90%,28.50%,0.159,0.306,0.235,0.308,0.394,0.306,94,-0.2,-2,-3.6,0.2
377,Leo Jiménez,TOR,36,121,3,13,12,1,7.40%,22.90%,0.12,0.283,0.23,0.308,0.35,0.293,87,-0.2,-2.1,0.2,0.2
378,Max Kepler,,36,144,5,17,17,1,8.90%,20.30%,0.166,0.263,0.234,0.307,0.4,0.308,96,-0.3,-1,-1.6,0.2
379,Esteury Ruiz,MIA,34,108,2,14,10,9,7.70%,23.90%,0.124,0.297,0.233,0.308,0.357,0.294,86,0.7,-1.1,-0.2,0.2
380,Tim Tawa,ARI,52,193,5,21,20,4,7.70%,25.90%,0.142,0.279,0.222,0.287,0.364,0.286,80,-0.1,-4.5,0.4,0.2
381,Daniel Susac,SFG,23,88,2,8,9,1,5.30%,28.90%,0.12,0.3,0.227,0.275,0.347,0.272,72,-0.1,-3,2.3,0.2
382,Kristian Campbell,BOS,32,123,3,14,12,2,9.30%,25.80%,0.126,0.317,0.243,0.326,0.369,0.309,93,-0.1,-1.1,-0.9,0.2
383,Christian Koss,SFG,31,112,2,13,11,2,5.10%,23.50%,0.108,0.299,0.237,0.287,0.345,0.278,76,0,-3.2,1.5,0.2
384,Jose Iglesias,,46,160,2,16,15,2,5.20%,17.00%,0.087,0.299,0.254,0.304,0.341,0.286,81,-0.2,-3.8,0.6,0.2
385,Endy Rodríguez,PIT,24,88,2,10,9,0,8.00%,22.10%,0.121,0.288,0.233,0.297,0.354,0.287,80,-0.1,-2.2,1.4,0.2
386,Jonny DeLuca,TBR,73,279,6,30,28,10,6.70%,21.20%,0.135,0.272,0.228,0.288,0.363,0.285,80,0.4,-6.1,-1.2,0.2
387,Luke Maile,KCR,32,99,2,10,9,1,8.70%,28.00%,0.11,0.288,0.213,0.292,0.323,0.276,74,-0.1,-3.1,2,0.2
388,James Outman,MIN,55,199,6,24,21,4,9.30%,34.70%,0.162,0.289,0.203,0.289,0.365,0.288,82,0.1,-4,-0.7,0.2
389,Tommy Pham,,66,266,7,30,28,4,9.10%,22.50%,0.141,0.292,0.241,0.312,0.382,0.304,93,-0.5,-2.6,-4.3,0.2
390,Sebastian Walcott,TEX,20,83,2,9,8,2,7.60%,24.10%,0.124,0.287,0.228,0.291,0.352,0.283,81,0.2,-1.7,0.9,0.2
391,Tyler Austin,CHC,45,180,7,22,23,0,9.20%,24.70%,0.183,0.289,0.241,0.315,0.424,0.319,104,-0.4,0.4,-4.4,0.2
392,Andrew Knizner,SEA,30,109,2,11,10,0,7.00%,21.20%,0.1,0.258,0.214,0.285,0.314,0.268,76,-0.1,-3.3,1.6,0.2
393,Austin Hedges,CLE,42,142,3,12,12,1,7.80%,26.20%,0.109,0.235,0.188,0.259,0.296,0.248,57,-0.2,-7.4,4.6,0.2
394,Leody Taveras,BAL,24,90,2,10,9,4,6.60%,21.80%,0.129,0.275,0.232,0.283,0.361,0.281,79,0.2,-2,0.8,0.2
395,Dom Keegan,TBR,17,66,2,7,7,0,7.30%,27.70%,0.14,0.288,0.225,0.287,0.365,0.285,80,-0.1,-1.6,1.3,0.2
396,Jacob Melton,TBR,43,147,4,17,15,8,7.30%,27.70%,0.131,0.281,0.217,0.279,0.347,0.276,74,0.5,-4,0.9,0.2
397,Cody Freeman,TEX,47,182,4,19,19,2,5.60%,16.10%,0.121,0.263,0.237,0.282,0.358,0.279,78,-0.2,-4.8,0.4,0.2
398,Johnathan Rodríguez,CLE,43,159,5,17,18,1,8.40%,28.30%,0.151,0.31,0.237,0.305,0.388,0.303,94,-0.3,-1.4,-2.2,0.2
399,Luis Urías,,30,114,3,12,12,1,9.20%,19.10%,0.129,0.254,0.223,0.31,0.352,0.295,88,-0.1,-1.8,-0.1,0.2
400,Michael Helman,TEX,41,144,4,16,14,4,5.90%,23.30%,0.131,0.253,0.21,0.265,0.341,0.266,69,0.2,-5.1,2,0.2
401,Johan Rojas,PHI,48,171,2,19,14,9,5.40%,21.80%,0.1,0.294,0.235,0.282,0.335,0.272,70,0.9,-5.2,1.3,0.2
402,Jon Berti,,41,143,2,17,11,8,7.40%,21.20%,0.093,0.297,0.239,0.301,0.331,0.281,78,0.6,-3.2,0.2,0.2
403,Jake Bauers,MIL,87,315,12,37,38,8,11.70%,29.80%,0.176,0.271,0.211,0.308,0.387,0.306,96,-0.2,-1.8,-6.9,0.2
404,Enrique Hernández,LAD,55,204,7,23,24,1,6.90%,23.50%,0.154,0.264,0.224,0.28,0.379,0.287,82,-0.1,-4.6,-0.5,0.2
405,Elias Díaz,KCR,26,89,2,9,10,0,6.60%,24.20%,0.113,0.276,0.22,0.275,0.334,0.268,69,-0.2,-3.5,2.3,0.2
406,Ryan Bliss,SEA,27,99,2,11,9,5,7.70%,26.60%,0.125,0.279,0.216,0.286,0.341,0.278,83,0.2,-1.8,0.1,0.2
407,Brett Wisely,ATL,14,48,1,5,4,1,7.80%,23.40%,0.113,0.277,0.222,0.285,0.334,0.274,73,0,-1.6,1.7,0.2
408,Everson Pereira,CHW,57,219,8,27,25,4,8.20%,31.50%,0.171,0.29,0.219,0.291,0.39,0.298,89,-0.1,-2.9,-2.8,0.2
409,Reese McGuire,MIL,19,69,2,7,7,0,6.10%,23.40%,0.102,0.27,0.221,0.271,0.323,0.262,66,-0.1,-2.9,2.2,0.2
410,Orlando Arcia,MIN,38,137,3,13,13,0,6.40%,21.30%,0.115,0.264,0.222,0.274,0.338,0.269,69,-0.2,-5.2,2.1,0.2
411,Kameron Misner,KCR,18,66,2,7,6,2,10.30%,32.60%,0.131,0.292,0.205,0.289,0.336,0.278,76,0.1,-1.8,1.2,0.2