#,Name,Team,W,L,SV,G,GS,IP,K/9,BB/9,HR/9,BABIP,LOB%,GB%,ERA,FIP,WAR
1,Tarik Skubal,DET,14,9,0,32,32,199.2,10.92,1.96,0.92,0.289,77.20%,42.30%,2.81,2.79,5.9
2,Paul Skenes,PIT,13,10,0,32,32,194,10.99,2.39,0.81,0.297,75.90%,44.40%,2.91,2.77,5.7
3,Garrett Crochet,BOS,14,9,0,32,32,193,11.14,2.32,0.91,0.3,75.90%,45.60%,3.01,2.84,5.6
4,Cristopher Sánchez,PHI,13,10,0,32,32,198,8.74,2.27,0.8,0.303,74.80%,54.50%,3.16,3.21,4.7
5,Jacob deGrom,TEX,12,10,0,31,31,184.2,10.45,2.02,1.2,0.288,74.70%,37.90%,3.46,3.32,4.3
6,Cole Ragans,KCR,12,9,0,29,29,172,11.01,3.25,0.93,0.292,76.10%,39.90%,3.22,3.22,4.2
7,Chris Sale,ATL,12,8,0,28,28,168.2,10.98,2.36,0.97,0.298,75.00%,41.70%,3.19,3.03,4.1
8,Logan Webb,SFG,12,11,0,32,32,199.1,8.45,2.12,0.76,0.309,73.10%,54.70%,3.32,3.15,4.1
9,Sonny Gray,BOS,11,10,0,31,31,181.1,9.42,2.37,1.05,0.304,73.00%,45.10%,3.68,3.45,3.9
10,Dylan Cease,TOR,12,10,0,32,32,185,10.52,3.29,1.09,0.289,74.90%,38.20%,3.6,3.57,3.8
11,Framber Valdez,,12,10,0,31,31,190.1,8.44,2.96,0.76,0.31,73.30%,55.90%,3.47,3.47,3.7
12,Max Fried,NYY,13,9,0,31,31,189.1,8.5,2.59,0.9,0.299,75.00%,50.60%,3.34,3.52,3.6
13,Yoshinobu Yamamoto,LAD,11,8,0,28,28,161.1,9.46,2.75,0.97,0.299,74.50%,49.40%,3.44,3.45,3.6
14,Hunter Brown,HOU,12,10,0,31,31,184.1,9.78,2.97,1.02,0.3,73.60%,47.30%,3.63,3.54,3.6
15,Hunter Greene,CIN,11,11,0,31,31,183.2,10.78,3.01,1.38,0.286,74.10%,33.70%,3.94,3.9,3.6
16,Jesús Luzardo,PHI,11,10,0,31,31,181,9.89,2.83,1.16,0.29,75.40%,40.50%,3.57,3.65,3.5
17,Blake Snell,LAD,12,8,0,29,29,173.1,11.01,3.94,1.04,0.291,75.70%,43.00%,3.53,3.58,3.5
18,Joe Ryan,MIN,11,10,0,31,31,182.1,9.83,2.18,1.31,0.288,73.40%,33.60%,3.81,3.71,3.4
19,Nathan Eovaldi,TEX,11,9,0,29,29,174.2,8.86,2.26,1.05,0.297,73.40%,46.00%,3.58,3.55,3.4
20,Bryan Woo,SEA,12,11,0,32,32,195,9.03,2.04,1.21,0.284,74.10%,39.50%,3.59,3.67,3.3
21,Ranger Suárez,,11,9,0,29,29,168.2,8.23,2.55,0.95,0.299,73.90%,48.10%,3.55,3.62,3.3
22,Pablo López,MIN,11,11,0,31,31,182,8.96,2.32,1.14,0.299,72.80%,42.10%,3.8,3.69,3.2
23,Kyle Bradish,BAL,10,9,0,28,28,161.2,9.49,2.81,1.07,0.301,73.80%,45.30%,3.69,3.65,3.2
24,Logan Gilbert,SEA,11,9,0,29,29,166.1,9.83,2.1,1.13,0.286,74.80%,39.90%,3.39,3.39,3.2
25,George Kirby,SEA,11,10,0,31,31,178.1,8.78,1.71,1.12,0.289,73.50%,42.40%,3.5,3.49,3.2
26,Tyler Glasnow,LAD,10,7,0,26,26,147.2,10.48,3.31,1.06,0.296,74.30%,44.80%,3.6,3.52,3.1
27,Zack Wheeler,PHI,8,6,0,21,21,125.2,10.39,2.25,1.04,0.289,75.60%,41.60%,3.2,3.21,3
28,José Soriano,LAA,11,11,0,31,31,177.1,8.36,3.82,0.76,0.31,73.60%,57.20%,3.65,3.79,3
29,Spencer Schwellenbach,ATL,11,9,0,28,28,166.2,8.79,2.06,1.09,0.302,73.20%,45.30%,3.65,3.55,3
30,Brandon Woodruff,MIL,10,9,0,28,28,159.2,9.48,2.45,1.31,0.286,73.70%,36.40%,3.85,3.86,3
31,Aaron Nola,PHI,11,11,0,31,31,180.2,8.76,2.3,1.32,0.294,73.20%,42.30%,3.99,3.96,3
32,Freddy Peralta,MIL,11,10,0,31,31,177.2,10.12,3.32,1.26,0.285,74.00%,36.60%,3.91,3.95,2.9
33,MacKenzie Gore,WSN,10,11,0,31,31,175.2,9.88,3.42,1.13,0.29,74.40%,39.40%,3.77,3.84,2.9
34,Nick Pivetta,SDP,12,11,0,32,32,191,9.89,2.77,1.39,0.286,74.30%,33.80%,3.96,3.95,2.9
35,Drew Rasmussen,TBR,10,10,0,31,31,171,8.24,2.36,1.13,0.304,72.40%,46.70%,3.94,3.83,2.8
36,Michael King,,10,10,0,29,29,160,9.17,3.09,1.16,0.292,73.70%,40.90%,3.86,3.92,2.8
37,Kevin Gausman,TOR,11,11,0,31,31,185.1,8.76,2.65,1.25,0.293,72.70%,38.00%,4.05,3.95,2.8
38,Shane McClanahan,TBR,9,8,0,24,24,138,9.73,2.64,1.13,0.3,74.90%,45.60%,3.58,3.57,2.8
39,Chase Burns,CIN,9,8,0,37,23,138,10.28,2.82,1.22,0.295,74.50%,41.00%,3.71,3.64,2.8
40,Shohei Ohtani,LAD,9,7,0,24,24,125.1,10.48,2.79,1.13,0.29,75.40%,41.30%,3.45,3.48,2.8
41,Spencer Strider,ATL,10,9,0,28,28,161,10.48,3.23,1.18,0.295,73.90%,37.20%,3.83,3.73,2.7
42,Eury Pérez,MIA,9,10,0,28,28,154,10.03,3.14,1.29,0.285,73.30%,32.40%,4,3.91,2.6
43,Jack Flaherty,DET,10,10,0,29,29,165.2,9.72,3.16,1.19,0.294,73.70%,39.80%,3.91,3.87,2.6
44,Shane Bieber,TOR,10,9,0,28,28,158.1,8.21,2.14,1.15,0.301,72.70%,45.90%,3.86,3.77,2.5
45,Yusei Kikuchi,LAA,10,11,0,31,31,177.2,9.2,3.18,1.33,0.295,73.90%,40.70%,4.09,4.17,2.5
46,Merrill Kelly,,11,11,0,31,31,179.1,8.28,2.76,1.25,0.296,72.90%,41.50%,4.1,4.1,2.5
47,Sandy Alcantara,MIA,10,12,0,31,31,186.2,7.65,2.7,1.07,0.304,70.90%,47.00%,4.15,4.01,2.5
48,Kris Bubic,KCR,9,9,0,40,24,155.1,8.56,3.11,1.01,0.3,73.40%,45.00%,3.79,3.83,2.5
49,Nick Lodolo,CIN,9,10,0,28,28,154.1,9.19,2.5,1.3,0.3,72.30%,42.30%,4.07,4.04,2.4
50,Luis Castillo,SEA,11,11,0,31,31,181.1,8.51,2.54,1.24,0.286,73.60%,40.00%,3.86,3.99,2.4
51,Trevor Rogers,BAL,11,11,0,31,31,184.1,7.66,3.04,1.16,0.299,72.30%,43.50%,4.17,4.22,2.4
52,Matthew Boyd,CHC,11,10,0,31,31,183.1,8.09,2.71,1.26,0.285,73.80%,37.70%,3.93,4.18,2.4
53,David Peterson,NYM,12,10,0,31,31,182,7.94,3.47,0.92,0.299,74.50%,51.60%,3.68,3.98,2.3
54,Zac Gallen,,11,12,0,32,32,191.1,8.55,2.91,1.24,0.3,72.20%,42.20%,4.22,4.1,2.3
55,Tanner Bibee,CLE,10,11,0,31,31,182,8.47,2.75,1.26,0.292,72.80%,39.60%,4.08,4.13,2.3
56,Joe Musgrove,SDP,10,9,0,28,28,159,8.51,2.3,1.22,0.293,72.80%,42.00%,3.9,3.96,2.3
57,Mitch Keller,PIT,9,12,0,31,31,179.2,7.78,2.74,1.15,0.301,70.10%,42.80%,4.33,4.15,2.3
58,Brady Singer,CIN,10,11,0,31,31,175.2,8.4,2.87,1.36,0.302,71.80%,44.00%,4.4,4.35,2.3
59,Casey Mize,DET,10,10,0,29,29,162.1,7.94,2.49,1.21,0.295,72.10%,41.50%,4.09,4.04,2.3
60,Grayson Rodriguez,LAA,8,8,0,23,23,129,9.47,3.04,1.17,0.295,74.10%,42.40%,3.8,3.84,2.3
61,Carlos Rodón,NYY,10,9,0,28,28,161.2,9.71,3.27,1.29,0.287,73.60%,36.50%,4.03,4.06,2.2
62,Cody Ponce,,9,9,0,26,26,147.2,8.47,2.74,1.15,0.302,72.00%,44.10%,4.08,3.96,2.2
63,Nolan McLean,NYM,10,9,0,28,28,163,8.52,3.49,0.94,0.295,73.50%,50.00%,3.74,3.93,2.2
64,Cade Cavalli,WSN,9,10,0,26,26,151.2,7.53,3.1,1,0.299,72.10%,49.90%,3.98,4.1,2.2
65,Reese Olson,DET,9,9,0,26,26,142.1,8.3,3.02,1.04,0.299,72.20%,44.90%,3.97,3.92,2.2
66,Michael Wacha,KCR,10,11,0,29,29,170,7.14,2.65,1.27,0.293,71.00%,37.70%,4.38,4.37,2.2
67,Shota Imanaga,CHC,10,10,0,29,29,171.1,8.17,1.96,1.55,0.284,74.30%,33.40%,4.12,4.3,2.2
68,Clay Holmes,NYM,11,10,0,31,31,175.2,7.5,3.62,0.84,0.303,72.30%,54.30%,3.92,4.06,2.1
69,Chris Bassitt,,10,10,0,29,29,164,8.14,3.11,1.13,0.297,71.80%,43.80%,4.14,4.18,2.1
70,Ryan Pepiot,TBR,10,11,0,31,31,174.2,9.23,3.23,1.41,0.292,73.30%,37.20%,4.28,4.33,2.1
71,Shane Baz,TBR,9,11,0,29,29,165.1,8.9,3.31,1.29,0.298,72.40%,42.80%,4.27,4.26,2.1
72,Zach Eflin,,10,10,0,29,29,164,7.03,1.76,1.32,0.297,71.70%,42.60%,4.15,4.16,2
73,Gerrit Cole,NYY,9,8,0,24,24,140.1,9.16,2.64,1.35,0.287,73.50%,38.00%,4,4.04,2
74,Andrew Abbott,CIN,9,11,0,29,29,167.2,8.31,2.9,1.59,0.289,72.60%,33.10%,4.58,4.63,2
75,Edward Cabrera,MIA,8,9,0,26,26,142.1,9.47,3.64,1.05,0.3,72.00%,45.50%,4.03,3.91,2
76,Gavin Williams,CLE,10,11,0,31,31,177.1,9.16,3.88,1.15,0.295,73.50%,42.10%,4.07,4.16,2
77,Trey Yesavage,TOR,9,8,0,24,24,136.2,9.8,3.68,1.12,0.291,73.90%,41.40%,3.86,3.91,2
78,Brayan Bello,BOS,9,11,0,29,29,168,7.5,3.16,1.06,0.311,70.40%,49.70%,4.4,4.21,2
79,Seth Lugo,KCR,9,10,0,28,28,161.1,7.71,2.94,1.22,0.3,71.30%,41.30%,4.37,4.29,1.9
80,Reid Detmers,LAA,8,9,0,34,24,148.2,9.5,3.44,1.23,0.293,73.50%,39.60%,4.03,4.09,1.9
81,Brandon Pfaadt,ARI,10,11,0,31,31,178.1,7.8,2.15,1.28,0.305,70.60%,41.20%,4.33,4.09,1.9
82,Luis Severino,ATH,10,11,0,31,31,182.1,7.34,2.89,1.32,0.297,70.90%,42.30%,4.51,4.55,1.9
83,Quinn Priester,MIL,10,10,0,29,29,169,7.33,3.09,1.07,0.303,71.90%,51.00%,4.14,4.2,1.9
84,Bubba Chandler,PIT,9,11,0,38,26,162.1,8.21,3.51,1.15,0.295,71.70%,41.50%,4.28,4.29,1.9
85,Jeffrey Springs,ATH,10,11,0,31,31,175.1,7.7,2.87,1.51,0.291,71.70%,35.70%,4.62,4.65,1.9
86,Eduardo Rodriguez,ARI,10,10,0,29,29,164.1,7.91,3.17,1.23,0.3,72.00%,39.80%,4.35,4.29,1.9
87,Cam Schlittler,NYY,9,9,0,26,26,148.1,8.57,3.45,1.18,0.29,72.90%,44.10%,4.07,4.22,1.8
88,Braxton Garrett,MIA,7,7,0,34,18,115.2,7.98,2.23,1.03,0.302,72.20%,47.40%,3.79,3.75,1.8
89,Emmet Sheehan,LAD,7,6,0,42,16,115,10.27,3.1,1.31,0.286,74.70%,35.90%,3.85,3.91,1.8
90,Zebby Matthews,MIN,8,8,0,45,19,130.2,8.48,2.22,1.26,0.295,72.50%,39.70%,3.99,3.9,1.8
91,Sean Manaea,NYM,10,9,0,28,28,149,8.99,3.06,1.28,0.287,73.50%,38.70%,4.02,4.16,1.8
92,Tatsuya Imai,,8,9,0,26,26,147.2,8.41,3.62,1.11,0.304,71.70%,45.40%,4.29,4.22,1.8
93,Shane Smith,CHW,9,11,0,29,29,168.1,8.19,3.47,1.27,0.293,71.80%,41.70%,4.37,4.47,1.8
94,Noah Cameron,KCR,9,9,0,26,26,148.1,7.39,3.01,1.16,0.297,72.20%,43.00%,4.19,4.28,1.7
95,Jack Leiter,TEX,9,11,0,29,29,161.2,8.71,3.78,1.32,0.288,72.00%,37.40%,4.45,4.5,1.7
96,Roki Sasaki,LAD,8,8,0,41,21,135,8.5,3.33,1.17,0.301,71.90%,46.50%,4.22,4.2,1.7
97,Zack Littell,,10,12,0,31,31,174.2,6.83,1.91,1.49,0.295,70.70%,38.70%,4.54,4.53,1.7
98,Bailey Ober,MIN,8,9,0,35,23,141.1,8.23,2.11,1.54,0.287,72.50%,31.80%,4.33,4.35,1.7
99,Patrick Sandoval,BOS,7,7,0,35,19,123.1,8.36,3.51,0.99,0.303,73.10%,46.50%,3.94,3.98,1.7
100,Jameson Taillon,CHC,9,11,0,29,29,171,7.02,2.19,1.48,0.291,71.00%,37.60%,4.54,4.53,1.7
101,Braxton Ashcraft,PIT,8,9,0,41,23,141.1,7.61,2.95,1.03,0.302,71.60%,46.20%,4.08,4.04,1.7
102,Kyle Freeland,COL,9,13,0,32,32,184,6.71,2.37,1.51,0.317,68.80%,40.80%,5.14,4.72,1.7
103,Ryan Weathers,MIA,8,9,0,24,24,133,8.48,3.2,1.14,0.297,73.60%,43.20%,3.97,4.09,1.6
104,Michael McGreevy,STL,10,10,0,42,26,167.1,6.16,2.19,1.05,0.301,71.50%,49.70%,4.04,4.12,1.6
105,Jacob Lopez,ATH,8,9,0,24,24,136.1,8.98,3.66,1.35,0.288,72.70%,36.30%,4.35,4.46,1.6
106,Jacob Misiorowski,MIL,9,9,0,40,24,147.1,9.92,4.24,1.16,0.288,73.70%,39.50%,4.04,4.2,1.6
107,Kumar Rocker,TEX,8,8,0,24,24,130.2,7.76,2.85,1.18,0.3,71.30%,45.70%,4.24,4.18,1.6
108,Robbie Ray,SFG,10,11,0,31,31,179.2,9.37,3.43,1.29,0.291,73.00%,36.20%,4.2,4.18,1.6
109,Reynaldo López,ATL,8,7,0,39,19,129,9.24,3.09,1.14,0.299,72.60%,40.20%,4,3.85,1.6
110,Ryne Nelson,ARI,10,10,0,29,29,168.2,7.41,2.6,1.25,0.302,71.10%,39.50%,4.39,4.26,1.6
111,Parker Messick,CLE,8,9,0,26,26,147.2,7.97,3.09,1.14,0.296,72.70%,44.80%,4.05,4.18,1.6
112,Justin Verlander,,8,9,0,26,26,143.1,7.61,2.8,1.38,0.286,71.50%,33.60%,4.44,4.5,1.6
113,Taj Bradley,MIN,7,8,0,46,18,126,8.96,3.1,1.23,0.297,72.80%,39.90%,4.12,4.06,1.5
114,Mason Miller,SDP,4,2,32,66,0,66,14.24,3.45,0.75,0.282,80.50%,36.80%,2.39,2.31,1.5
115,Andre Pallante,STL,9,10,0,28,28,157.1,6.28,3.49,0.85,0.31,71.00%,56.60%,4.22,4.23,1.5
116,Foster Griffin,,6,6,0,18,18,101.2,7.81,2.61,1.09,0.303,72.40%,46.30%,3.98,3.98,1.5
117,Dustin May,,8,9,0,24,24,135.2,8.38,3.44,1.19,0.298,71.40%,42.60%,4.35,4.3,1.5
118,José Berríos,TOR,9,10,0,28,28,159.1,7.59,2.79,1.39,0.296,71.40%,41.30%,4.52,4.53,1.5
119,Jon Gray,,7,8,0,23,23,126,7.7,2.97,1.33,0.295,71.40%,40.00%,4.46,4.45,1.5
120,Tyler Mahle,,8,9,0,26,26,144.1,7.66,2.91,1.3,0.293,72.00%,39.20%,4.33,4.37,1.5
121,Mike Burrows,PIT,7,8,0,48,18,125,8.61,3.05,1.16,0.296,72.40%,40.70%,4.09,4.04,1.5
122,Lance McCullers Jr.,HOU,8,9,0,32,24,139.2,8.35,4.03,1.16,0.3,71.80%,45.90%,4.41,4.45,1.5
123,Kodai Senga,NYM,8,7,0,37,19,125.1,9.09,3.81,1.07,0.293,73.80%,43.80%,3.91,4.03,1.5
124,Michael Soroka,,8,9,0,24,24,131.1,8.66,3.36,1.24,0.296,71.50%,41.40%,4.31,4.31,1.4
125,Max Scherzer,,8,9,0,24,24,132.2,8.66,2.58,1.55,0.285,72.30%,31.00%,4.42,4.43,1.4
126,Will Warren,NYY,8,8,0,45,21,136,8.75,3.13,1.24,0.294,73.40%,43.80%,4.07,4.14,1.4
127,Hurston Waldrep,ATL,9,10,0,28,28,155.1,7.95,4,1.01,0.307,71.60%,49.50%,4.32,4.28,1.4
128,Troy Melton,DET,8,9,0,49,21,147,7.7,2.85,1.26,0.291,72.20%,40.10%,4.23,4.29,1.4
129,Bryce Miller,SEA,8,9,0,26,26,143.1,8,2.72,1.36,0.285,72.80%,37.70%,4.19,4.33,1.4
130,Nick Martinez,,8,10,0,28,28,154.2,6.7,2.56,1.33,0.297,70.50%,41.30%,4.57,4.54,1.3
131,Dean Kremer,BAL,9,10,0,28,28,157,7.58,2.79,1.45,0.296,71.80%,38.80%,4.55,4.56,1.3
132,Cade Horton,CHC,8,9,0,26,26,143,7.88,3.06,1.3,0.292,71.90%,39.90%,4.33,4.4,1.3
133,Matthew Liberatore,STL,9,10,0,28,28,157.1,7.43,2.99,1.21,0.296,71.60%,40.30%,4.34,4.35,1.3
134,Justin Steele,CHC,5,5,0,15,15,83,8.54,2.54,1.06,0.296,73.90%,45.20%,3.63,3.73,1.3
135,Davis Martin,CHW,8,11,0,28,28,159,6.98,3.17,1.35,0.297,71.10%,43.00%,4.63,4.72,1.3
136,Aaron Civale,,8,10,0,26,26,140,7.76,2.77,1.46,0.293,71.40%,37.40%,4.59,4.58,1.3
137,Chad Patrick,MIL,8,9,0,26,26,141.1,8.15,2.93,1.5,0.283,72.30%,35.10%,4.46,4.59,1.3
138,Joey Cantillo,CLE,8,8,0,66,16,139,9.36,3.83,1.09,0.292,74.60%,42.20%,3.83,4,1.3
139,Anthony Kay,ATH,6,7,0,19,19,110.2,7.11,3.35,1.01,0.306,72.20%,50.20%,4.17,4.26,1.3
140,Andrew Alvarez,WSN,7,9,0,49,19,138.2,6.38,3.56,1,0.298,72.10%,50.00%,4.2,4.49,1.3
141,J.T. Ginn,ATH,6,6,0,29,15,92.2,8.03,3.08,1.07,0.302,72.00%,49.10%,4.06,4.08,1.3
142,Brad Lord,WSN,8,10,0,46,24,153.2,6.94,3.22,1.14,0.297,71.70%,46.90%,4.28,4.45,1.3
143,Simeon Woods Richardson,MIN,7,9,0,43,21,133.1,8.18,3.36,1.34,0.293,71.70%,36.20%,4.51,4.47,1.2
144,Jhoan Duran,PHI,4,3,29,70,0,70,10.78,2.95,0.67,0.301,76.50%,54.70%,2.78,2.82,1.2
145,Landen Roupp,SFG,8,9,0,26,26,142.2,8.23,3.56,1.04,0.3,72.00%,45.90%,4.14,4.1,1.2
146,Lucas Giolito,,9,11,0,29,29,164.2,8.01,3.46,1.45,0.292,71.50%,37.00%,4.69,4.7,1.2
147,Cade Povich,BAL,7,8,0,29,21,123,8.35,3.31,1.3,0.295,73.40%,40.10%,4.23,4.35,1.2
148,Jared Jones,PIT,4,5,0,13,13,73.1,9.43,3.04,1.13,0.293,73.40%,39.20%,3.84,3.82,1.2
149,Miles Mikolas,,8,10,0,28,28,149.2,6.27,1.99,1.47,0.298,70.20%,40.30%,4.67,4.63,1.2
150,Slade Cecconi,CLE,8,11,0,28,28,157.1,7.52,2.39,1.46,0.295,71.50%,39.50%,4.49,4.48,1.2
151,Adrian Houser,,8,9,0,24,24,138,6.5,3.21,1.1,0.303,70.60%,48.00%,4.48,4.49,1.2
152,Logan Henderson,MIL,6,6,0,37,13,97,9.02,2.69,1.41,0.282,73.40%,34.90%,4.08,4.16,1.2
153,Martín Pérez,,7,9,0,24,24,134,6.93,3.39,1.22,0.299,71.50%,43.90%,4.53,4.59,1.2
154,Tomoyuki Sugano,,8,10,0,26,26,142.2,5.93,2.06,1.4,0.302,69.70%,43.90%,4.7,4.64,1.2
155,Cristian Mena,ARI,6,6,0,18,18,101,7.78,3.51,1.1,0.303,71.10%,45.20%,4.38,4.28,1.2
156,Alex Cobb,,4,4,0,13,13,73.1,7.51,2.88,0.93,0.308,72.00%,52.70%,3.92,3.87,1.2
157,Grant Taylor,CHW,5,4,11,73,3,87.2,10.31,3.51,0.93,0.294,75.50%,45.10%,3.37,3.45,1.2
158,Edwin Díaz,,4,3,0,66,0,66,12.35,3.24,0.79,0.29,76.20%,42.10%,2.9,2.76,1.2
159,Jose Quintana,,8,10,0,26,26,145.1,6.61,3.37,1.2,0.3,71.00%,44.10%,4.6,4.65,1.1
160,Patrick Corbin,,8,10,0,26,26,142,7.11,2.89,1.35,0.299,71.30%,43.60%,4.55,4.56,1.1
161,Kutter Crawford,BOS,7,8,0,42,18,123.1,8.57,2.6,1.46,0.293,71.60%,33.50%,4.43,4.32,1.1
162,Max Meyer,MIA,5,6,0,31,13,90.1,8.47,2.87,1.1,0.301,72.50%,46.20%,3.96,3.92,1.1
163,Connelly Early,BOS,4,4,0,11,11,63.2,8.62,3.4,0.98,0.301,73.10%,48.20%,3.84,3.92,1.1
164,Chris Paddack,,7,8,0,23,23,123.2,6.88,2.33,1.5,0.294,70.90%,37.90%,4.64,4.65,1.1
165,Cade Smith,CLE,4,3,31,70,0,70,11.31,2.84,0.87,0.291,76.70%,41.30%,2.97,2.96,1.1
166,Logan Allen,CLE,8,9,0,41,23,141.2,7.35,3.46,1.27,0.296,72.70%,42.40%,4.41,4.6,1
167,Jeremiah Estrada,SDP,4,3,1,70,0,70,11.87,3.67,1.02,0.282,77.30%,35.70%,3.21,3.29,1
168,Kyle Wright,,5,6,0,16,16,91,7.33,3.12,1.11,0.303,71.10%,48.40%,4.3,4.3,1
169,Griffin Jax,TBR,4,3,11,67,0,67,11.05,2.72,0.94,0.3,76.20%,45.40%,3.14,3.06,1
170,Aroldis Chapman,BOS,3,3,31,62,0,62,12.56,4.07,0.84,0.294,77.90%,41.10%,3,3.02,1
171,Ian Seymour,TBR,7,9,0,35,21,132.2,8.12,2.8,1.46,0.291,72.50%,37.90%,4.41,4.54,1
172,Luis Morales,ATH,7,8,0,21,21,118,7.62,3.7,1.38,0.292,71.20%,40.00%,4.7,4.78,1
173,Marcus Stroman,,8,10,0,26,26,139.2,6.37,3.43,1.13,0.305,70.20%,49.10%,4.66,4.62,1
174,Griffin Canning,,8,9,0,24,24,131.2,7.66,3.3,1.31,0.298,72.10%,42.40%,4.46,4.53,1
175,Jason Alexander,HOU,8,9,0,24,24,136,6.48,3.03,1.25,0.302,70.50%,48.70%,4.61,4.65,1
176,Austin Gomber,,7,9,0,24,24,132.2,6.44,2.45,1.54,0.293,70.80%,37.10%,4.78,4.82,1
177,Jake Irvin,WSN,8,11,0,34,26,154.2,6.84,2.93,1.4,0.297,70.80%,42.10%,4.67,4.73,1
178,Luis Gil,NYY,7,8,0,52,18,132.1,9.2,4.15,1.37,0.283,73.60%,34.70%,4.36,4.58,1
179,Bryan Abreu,HOU,4,3,3,68,0,68,11.69,3.66,0.93,0.29,76.10%,39.70%,3.24,3.24,1
180,Ben Brown,CHC,4,3,1,64,2,71,10.35,2.75,1.02,0.291,75.20%,41.50%,3.34,3.32,0.9
181,Cody Bradford,TEX,6,7,0,34,16,109.1,7.78,2.28,1.47,0.287,72.40%,34.90%,4.33,4.4,0.9
182,Sean Burke,CHW,8,11,0,28,28,151,8.05,4.03,1.49,0.288,71.80%,36.60%,4.82,4.97,0.9
183,Jacob Latz,TEX,7,8,0,45,19,134.1,8.38,4.42,1.25,0.288,73.20%,38.70%,4.41,4.65,0.9
184,Josh Hader,HOU,4,3,32,66,0,66,12.3,3.45,1.15,0.278,77.40%,31.40%,3.29,3.32,0.9
185,Tyler Wells,BAL,8,9,0,33,23,137.2,7.72,2.43,1.69,0.288,71.80%,32.70%,4.73,4.78,0.9
186,Germán Márquez,,8,10,0,26,26,138.2,6.78,2.97,1.42,0.299,70.30%,40.90%,4.81,4.77,0.9
187,Paul Blackburn,,5,6,0,16,16,88.1,6.91,2.84,1.28,0.3,70.90%,45.30%,4.52,4.51,0.9
188,Jordan Montgomery,,5,6,0,16,16,90.2,6.8,2.75,1.21,0.298,71.40%,43.30%,4.35,4.39,0.9
189,Joe Boyle,TBR,6,6,0,43,13,99,9.92,4.66,1.06,0.298,73.40%,44.20%,4.1,4.17,0.9
190,Ryan Feltner,COL,6,9,0,27,19,115.1,7.4,3.49,1.38,0.315,68.70%,43.20%,5.18,4.77,0.9
191,Tanner Gordon,COL,7,11,0,26,26,147.2,6.17,2.21,1.78,0.308,68.10%,39.10%,5.47,5.17,0.9
192,Cristian Javier,HOU,8,11,0,28,28,157.1,8.25,3.67,1.63,0.283,71.10%,28.60%,4.95,5,0.9
193,Andrew Heaney,,7,8,0,23,23,121.1,7.61,2.91,1.47,0.292,71.10%,37.20%,4.65,4.71,0.9
194,Abner Uribe,MIL,4,3,24,72,0,72,10.85,4.1,0.76,0.296,76.40%,48.60%,3.15,3.32,0.9
195,Sawyer Gipson-Long,DET,5,5,0,56,6,86.1,8.13,2.43,1.12,0.295,72.40%,42.90%,3.89,3.88,0.9
196,JP Sears,SDP,9,11,0,40,28,162.1,7.69,2.55,1.63,0.284,71.80%,31.80%,4.63,4.79,0.9
197,Payton Tolle,BOS,4,4,0,38,8,75,9.19,3.11,1.21,0.294,73.70%,39.10%,3.96,3.99,0.9
198,Louis Varland,TOR,4,4,2,69,2,76,9.04,2.45,1.04,0.299,74.40%,46.50%,3.52,3.56,0.9
199,Colin Rea,CHC,7,9,0,41,21,136,7.15,2.69,1.41,0.294,71.00%,40.80%,4.57,4.6,0.8
200,Grant Holmes,ATL,5,5,0,39,11,91,9.07,3.32,1.13,0.304,72.70%,43.40%,4.08,3.98,0.8
201,José Alvarado,PHI,3,3,3,65,0,65,10.46,3.66,0.89,0.296,76.30%,47.30%,3.27,3.42,0.8
202,Garrett Whitlock,BOS,4,3,3,70,0,70,9.95,2.64,0.97,0.302,74.20%,43.50%,3.46,3.32,0.8
203,Robby Snelling,MIA,4,4,0,11,11,64.2,7.47,3.2,1.06,0.297,72.80%,46.80%,4.02,4.18,0.8
204,Luis Medina,ATH,6,7,0,38,16,112.1,8.05,3.82,1.27,0.297,71.60%,41.50%,4.55,4.6,0.8
205,David Bednar,NYY,4,3,33,65,0,65,10.9,3.07,1.04,0.284,76.10%,38.10%,3.3,3.35,0.8
206,Spencer Arrighetti,HOU,8,9,0,33,23,134.1,8.75,3.9,1.38,0.292,71.40%,38.10%,4.63,4.63,0.8
207,Johan Oviedo,PIT,4,4,0,34,8,70.1,8.83,3.64,1.07,0.297,72.60%,40.60%,4.07,4.08,0.8
208,Trevor Megill,MIL,3,3,7,66,0,66,11.15,3.25,1.03,0.289,75.30%,37.10%,3.41,3.33,0.8
209,Charlie Morton,,5,6,0,16,16,86.1,8.77,3.95,1.19,0.299,72.10%,43.70%,4.37,4.43,0.8
210,Will Vest,DET,4,3,26,68,0,68,9.18,2.81,0.8,0.3,74.70%,48.10%,3.27,3.3,0.8
211,Andrés Muñoz,SEA,4,3,32,64,0,64,11.36,3.63,0.76,0.29,77.10%,47.00%,2.92,3.06,0.8
212,Andrew Painter,PHI,7,9,0,34,21,133,6.99,3.28,1.4,0.293,71.10%,42.60%,4.69,4.79,0.8
213,Corbin Burnes,ARI,3,3,0,8,8,47.1,8.92,2.81,0.98,0.307,71.90%,46.20%,3.86,3.61,0.7
214,Jeff Hoffman,TOR,3,3,25,63,0,63,10.88,3.22,1.07,0.288,75.50%,37.20%,3.46,3.49,0.7
215,Kyle Leahy,STL,7,9,0,47,19,137.2,7.02,3.35,1.15,0.299,71.70%,44.00%,4.37,4.46,0.7
216,Devin Williams,NYM,4,3,32,64,0,64,11.42,3.92,0.84,0.287,76.40%,42.70%,3.14,3.24,0.7
217,Robert Suarez,,3,3,0,67,0,67,9.65,2.86,1.03,0.293,74.90%,41.40%,3.48,3.53,0.7
218,Hunter Harvey,,3,2,0,50,0,50,10.01,2.74,0.95,0.295,74.20%,42.50%,3.41,3.33,0.7
219,Rhett Lowder,CIN,5,6,0,37,11,90.1,7.34,2.97,1.3,0.301,71.20%,45.70%,4.5,4.51,0.7
220,Jonah Tong,NYM,3,3,0,8,8,44.1,9.77,3.89,1,0.29,74.60%,44.50%,3.67,3.8,0.7
221,Trevor McDonald,SFG,6,7,0,30,16,107,6.77,3,0.96,0.303,70.90%,52.00%,4.15,4.19,0.7
222,Tyler Anderson,,8,10,0,26,26,144,6.86,3.55,1.46,0.287,71.00%,33.80%,4.88,5.02,0.7
223,Tanner Scott,LAD,3,3,31,63,0,63,10.46,3.73,1.01,0.292,76.20%,44.50%,3.43,3.64,0.7
224,Chase Dollander,COL,6,10,0,24,24,133,7.54,4.03,1.48,0.31,68.40%,41.30%,5.43,5.11,0.7
225,Fernando Cruz,NYY,3,3,1,61,0,61,11.86,3.97,1.03,0.284,76.70%,37.10%,3.35,3.42,0.7
226,David Festa,MIN,3,3,0,37,3,51.2,9.66,2.9,1.08,0.296,73.80%,40.40%,3.7,3.64,0.7
227,Walker Buehler,,7,9,0,24,24,130,7.12,3.65,1.33,0.299,69.90%,42.80%,4.91,4.85,0.7
228,Stephen Kolek,KCR,4,5,0,41,8,79.2,6.59,2.72,0.92,0.311,70.80%,51.50%,4.14,4.06,0.7
229,Hunter Barco,PIT,4,4,0,40,6,71,8.26,3.64,1.02,0.296,73.10%,44.10%,3.99,4.14,0.7
230,Steven Matz,,3,3,0,65,0,65,8.39,2.2,1.05,0.295,73.80%,43.90%,3.57,3.62,0.7
231,Orion Kerkering,PHI,3,3,1,62,0,62,9.81,3.39,0.96,0.293,74.70%,44.80%,3.51,3.63,0.7
232,Jonathan Cannon,CHW,6,9,0,35,21,128.2,6.66,3.23,1.49,0.291,70.70%,40.30%,4.87,5.02,0.7
233,Adrian Morejon,SDP,4,3,3,68,0,68,9.26,3,0.92,0.294,75.30%,45.20%,3.35,3.49,0.7
234,Matt Strahm,PHI,3,3,1,63,0,63,10.2,2.78,1.26,0.281,75.50%,31.10%,3.64,3.75,0.7
235,Ryan Helsley,BAL,3,3,25,64,0,64,10.64,3.46,1.02,0.293,75.80%,40.20%,3.46,3.49,0.7
236,Pete Fairbanks,,3,3,0,60,0,60,9.57,3.18,0.98,0.292,74.30%,42.50%,3.56,3.6,0.7
237,Carmen Mlodzinski,PIT,4,4,1,68,2,74.1,8.37,3.04,0.92,0.302,72.90%,46.30%,3.76,3.74,0.7
238,Matt Brash,SEA,3,3,2,63,0,63,10.74,3.53,0.8,0.29,76.60%,46.30%,3.04,3.21,0.7
239,Garrett Cleavinger,TBR,3,3,4,62,0,62,11.13,3.46,1.05,0.295,76.00%,41.60%,3.44,3.5,0.7
240,Alek Manoah,,6,7,0,19,19,107.2,7.56,3.66,1.32,0.294,70.40%,39.20%,4.74,4.77,0.6
241,Brandon Sproat,NYM,4,4,0,24,10,69,7.3,3.37,1.06,0.293,72.10%,48.00%,4.1,4.31,0.6
242,Jordan Wicks,CHC,4,3,0,53,3,68,8.32,2.7,1.06,0.295,74.50%,45.90%,3.64,3.81,0.6
243,Randy Vásquez,SDP,8,11,0,29,29,161.1,6.16,3.34,1.43,0.291,69.90%,39.90%,4.95,5.1,0.6
244,Richard Fitts,STL,7,9,0,24,24,130.2,6.52,2.87,1.31,0.296,70.80%,42.50%,4.58,4.65,0.6
245,Jose A. Ferrer,WSN,3,3,27,68,0,68,8.11,2.9,0.78,0.302,74.30%,52.90%,3.38,3.57,0.6
246,Kyle Harrison,BOS,4,5,0,42,8,78.1,8.97,3.38,1.24,0.296,72.80%,38.90%,4.2,4.2,0.6
247,Lucas Erceg,KCR,3,3,2,62,0,62,9.08,3.31,0.84,0.302,73.70%,46.50%,3.56,3.59,0.6
248,Quinn Mathews,STL,5,6,0,25,15,93,7.84,4.38,1.04,0.294,73.10%,45.20%,4.2,4.49,0.6
249,Duncan Davitt,CHW,6,9,0,31,19,122.2,6.47,3.03,1.47,0.29,70.70%,41.50%,4.78,4.97,0.6
250,Carson Whisenhunt,SFG,5,6,0,23,15,89.1,7.04,3.23,1.17,0.296,71.80%,44.30%,4.34,4.46,0.6
251,Alex Vesia,LAD,3,3,5,62,0,62,11.09,3.78,1.29,0.275,76.90%,30.20%,3.67,3.92,0.6
252,Mick Abel,MIN,6,7,0,53,13,110.2,8.24,3.94,1.16,0.298,71.80%,42.60%,4.4,4.41,0.6
253,Keider Montero,DET,5,7,0,47,13,105,7.5,3.09,1.3,0.294,71.60%,40.90%,4.44,4.5,0.6
254,Ricky Tiedemann,TOR,3,3,0,22,8,60.1,9.12,3.94,1.15,0.295,73.70%,42.30%,4.09,4.23,0.6
255,Gabe Speier,SEA,3,3,0,62,0,62,10.31,2.77,0.99,0.287,76.10%,41.30%,3.21,3.33,0.6
256,Bryce Elder,ATL,4,4,0,26,10,70.2,7.53,2.89,1.12,0.311,70.90%,48.20%,4.37,4.16,0.6
257,Robert Gasser,MIL,3,3,0,39,5,61,8.4,2.72,1.25,0.288,73.30%,39.20%,3.98,4.16,0.6
258,Spencer Turnbull,,4,6,0,15,15,80.2,6.76,3.65,1.25,0.298,70.00%,44.70%,4.78,4.81,0.6
259,Blake Treinen,LAD,3,3,4,60,0,60,9.93,3.4,1.1,0.295,74.10%,42.50%,3.77,3.77,0.6
260,Camilo Doval,NYY,3,3,2,64,0,64,10.3,4.21,0.85,0.295,75.10%,47.90%,3.46,3.62,0.6
261,Aaron Bummer,ATL,3,3,1,61,0,61,9.22,3.4,0.71,0.312,74.10%,54.70%,3.4,3.42,0.5
262,Luke Little,CHC,3,3,0,60,0,60,10.51,4.94,0.76,0.296,76.20%,49.80%,3.36,3.75,0.5
263,Ronny Henriquez,MIA,3,3,9,66,0,66,9.32,3.35,0.99,0.295,73.50%,43.70%,3.73,3.74,0.5
264,Dylan Lee,ATL,4,3,2,67,0,67,9.88,2.73,1.18,0.293,75.80%,37.20%,3.59,3.64,0.5
265,A.J. Minter,NYM,3,3,4,63,0,63,10.27,3.25,1.01,0.284,76.30%,38.30%,3.33,3.5,0.5
266,Robert Garcia,TEX,3,3,23,64,0,64,9.85,3.23,1.02,0.293,75.80%,42.10%,3.47,3.61,0.5
267,Jared Koenig,MIL,3,3,1,65,0,65,9.48,3.2,0.99,0.294,75.40%,43.30%,3.48,3.66,0.5
268,Hayden Birdsong,SFG,5,7,0,32,16,101.2,8.79,4.36,1.23,0.291,72.20%,38.70%,4.47,4.57,0.5
269,John Means,,7,10,0,24,24,138,6.83,2.78,1.59,0.285,71.10%,32.90%,4.82,4.97,0.5
270,Drew Thorpe,CHW,4,6,0,15,15,82,6.88,3.31,1.47,0.289,71.20%,40.60%,4.78,4.93,0.5
271,Christian Scott,NYM,3,3,0,31,5,53.1,8.77,2.4,1.24,0.285,73.90%,38.20%,3.79,3.9,0.5
272,Seranthony Domínguez,,3,3,0,63,0,63,10.26,4.07,1.01,0.291,74.20%,40.20%,3.74,3.8,0.5
273,Kai-Wei Teng,SFG,5,7,0,26,16,97,8.19,3.79,1.11,0.297,71.10%,43.80%,4.39,4.4,0.5
274,Kyle Hurt,LAD,3,3,0,27,5,49.1,9.3,3.68,1.17,0.293,73.70%,43.60%,3.99,4.1,0.5
275,Janson Junk,MIA,4,4,0,55,5,77.1,6.76,1.8,1.24,0.297,71.00%,42.60%,4.17,4.13,0.5
276,Cal Quantrill,,5,6,0,16,16,84.2,6.75,3,1.41,0.296,69.60%,39.50%,4.88,4.82,0.5
277,Gregory Soto,,3,3,0,59,0,59,10.01,3.64,0.87,0.298,74.50%,45.10%,3.47,3.57,0.5
278,Ryan Walker,SFG,3,3,30,63,0,63,9.71,2.79,0.85,0.299,74.50%,46.50%,3.3,3.31,0.5
279,Kohl Drake,ARI,4,5,0,13,13,74,7.54,3.48,1.22,0.297,71.60%,41.20%,4.46,4.5,0.5
280,Raisel Iglesias,ATL,3,3,29,66,0,66,9.72,2.62,1.15,0.296,74.20%,37.20%,3.71,3.62,0.5
281,Chris Martin,,2,2,0,39,0,39,9.09,2.02,0.98,0.298,74.20%,45.50%,3.38,3.31,0.5
282,Trey Gibson,BAL,3,3,0,8,8,46.1,7.64,3.39,1.12,0.303,71.60%,48.90%,4.31,4.34,0.5
283,Daniel Palencia,CHC,3,3,32,67,0,67,10.06,3.69,1.02,0.29,74.90%,40.70%,3.61,3.74,0.5
284,Justin Wilson,,3,2,0,50,0,50,9.86,3.19,1.03,0.29,75.80%,40.50%,3.44,3.61,0.5
285,Sam Hentges,SFG,3,3,0,54,0,54,9.31,3.06,0.8,0.302,74.50%,49.70%,3.34,3.36,0.5
286,Nestor Cortes,,3,4,0,10,10,53.1,8.05,2.87,1.47,0.285,72.60%,32.50%,4.41,4.53,0.5
287,Brusdar Graterol,LAD,3,2,0,52,0,52,8.12,2.92,0.92,0.301,73.80%,51.80%,3.62,3.75,0.5
288,Bryan Baker,TBR,3,3,7,66,0,66,9.85,3.28,1.22,0.292,74.40%,38.30%,3.88,3.9,0.5
289,Drew Pomeranz,,3,3,0,55,0,55,9.66,3.16,1.1,0.291,74.90%,38.70%,3.66,3.77,0.5
290,Justin Martinez,ARI,2,1,0,32,0,32,11.42,4.6,0.63,0.306,76.40%,50.50%,3.09,3.18,0.5
291,Bryan King,HOU,3,3,1,67,0,67,8.97,2.88,1.1,0.295,74.20%,43.10%,3.72,3.84,0.5
292,Brandon Young,BAL,5,6,0,31,13,89.1,7.58,2.7,1.44,0.297,71.80%,41.20%,4.52,4.52,0.5
293,Andrew Nardi,MIA,3,3,0,56,0,56,10.7,3.73,1.07,0.289,75.90%,37.10%,3.55,3.67,0.5
294,Bennett Sousa,HOU,3,2,0,54,0,54,9.86,3.28,1.06,0.293,74.80%,41.40%,3.6,3.67,0.5
295,Joe Jiménez,ATL,3,3,3,60,0,60,10.02,2.99,1.12,0.295,73.70%,35.80%,3.77,3.64,0.5
296,Cole Sands,MIN,3,3,5,68,0,68,8.91,2.83,1.09,0.297,72.50%,40.00%,3.92,3.82,0.5
297,Aaron Ashby,MIL,3,3,0,64,0,64,9.43,4.1,0.78,0.302,74.90%,52.50%,3.48,3.67,0.4
298,Angel Zerpa,KCR,3,3,1,61,0,61,8.2,3.21,0.82,0.308,73.80%,50.80%,3.6,3.69,0.4
299,Emilio Pagán,,3,3,0,66,0,66,9.74,3.16,1.29,0.283,74.50%,31.70%,3.9,3.98,0.4
300,Yimi García,TOR,3,3,4,61,0,61,10.06,3.14,1.09,0.29,74.50%,39.40%,3.62,3.66,0.4
301,Connor Prielipp,MIN,3,3,0,54,2,61.1,8.66,3.33,1.02,0.3,73.60%,43.90%,3.85,3.92,0.4
302,Tyler Holton,DET,4,3,2,72,0,72,7.79,2.47,1.03,0.296,73.50%,44.70%,3.73,3.82,0.4
303,Edwin Uceta,TBR,3,3,15,70,0,70,10.16,3.28,1.25,0.288,74.40%,35.80%,3.87,3.93,0.4
304,Sean Sullivan,COL,4,5,0,13,13,74,6.64,2.65,1.65,0.304,69.30%,38.20%,5.21,5.06,0.4
305,Kevin Ginkel,ARI,3,3,2,60,0,60,9.29,3.26,0.95,0.305,72.90%,42.90%,3.81,3.65,0.4
306,McCade Brown,COL,5,9,0,21,21,113.2,7.74,3.96,1.6,0.306,68.50%,37.80%,5.52,5.22,0.4
307,Ryan Johnson,LAA,2,2,4,36,2,43.1,8.43,2.97,1.16,0.297,73.20%,44.10%,3.97,4.04,0.4
308,Caleb Thielbar,,3,3,0,58,0,58,9.4,3.21,1.16,0.287,74.90%,37.00%,3.75,3.87,0.4
309,Jordan Leasure,CHW,3,3,18,66,0,66,9.92,4.12,1.25,0.284,75.10%,35.90%,3.98,4.21,0.4
310,Justin Slaten,BOS,3,3,0,61,0,61,8.69,2.97,1.09,0.301,72.70%,42.50%,3.96,3.87,0.4
311,Tanner Banks,PHI,3,3,0,60,0,60,8.73,2.74,1.17,0.292,74.20%,41.20%,3.79,3.91,0.4
312,Sean Newcomb,,3,3,0,67,0,67,9.04,3.58,0.97,0.296,74.30%,44.60%,3.7,3.85,0.4
313,Brendon Little,TOR,3,3,1,60,0,60,9.47,4.54,0.74,0.303,75.70%,53.90%,3.43,3.72,0.4
314,Andrew Kittredge,BAL,3,3,4,67,0,67,8.93,2.61,1.13,0.302,73.10%,44.40%,3.86,3.75,0.4
315,Graham Ashcraft,CIN,3,3,4,67,0,67,7.94,2.68,1.08,0.306,72.40%,49.00%,3.99,3.97,0.4
316,Brock Stewart,LAD,2,1,0,34,0,34,10.74,3.47,1.14,0.287,75.50%,38.00%,3.6,3.68,0.4
317,Brant Hurter,DET,3,3,1,62,0,62,7.95,2.71,0.92,0.299,73.20%,47.30%,3.66,3.79,0.4
318,Kyle Finnegan,,3,3,0,63,0,63,8.88,3.24,1.03,0.298,73.50%,45.10%,3.8,3.81,0.4
319,Clarke Schmidt,NYY,2,2,0,21,3,36,9.19,2.89,1.22,0.287,74.40%,39.40%,3.81,3.96,0.4
320,Mark Leiter Jr.,,3,3,0,53,0,53,9.29,3.48,1.03,0.296,73.40%,44.60%,3.84,3.88,0.4
321,Gabriel Hughes,COL,4,6,0,33,11,86.2,6.39,3.23,1.37,0.316,68.60%,46.70%,5.23,4.9,0.4
322,Wade Miley,,3,4,0,11,11,63.1,6.08,3.09,1.22,0.3,71.10%,45.20%,4.58,4.71,0.4
323,Robert Stephenson,LAA,3,3,16,60,0,60,9.96,3.11,1.29,0.288,74.40%,34.50%,3.92,3.93,0.4
324,Mitch Bratt,ARI,3,3,0,8,8,46.1,7.3,2.54,1.31,0.297,71.40%,39.00%,4.38,4.37,0.4
325,Matt Waldron,SDP,5,6,0,16,16,91,6.88,2.8,1.46,0.29,70.40%,39.40%,4.72,4.8,0.4
326,Mitchell Parker,WSN,4,5,0,48,6,77.1,7.15,2.8,1.31,0.293,72.30%,38.40%,4.35,4.46,0.4
327,Justin Wrobleski,LAD,3,3,0,47,3,62.1,8.21,3.09,1.21,0.293,73.80%,44.30%,3.99,4.21,0.4
328,Dietrich Enns,BAL,3,3,0,62,0,62,8.09,2.67,1.15,0.3,73.70%,43.70%,3.91,4,0.4
329,Taijuan Walker,PHI,6,8,0,50,16,121.1,6.47,3.12,1.48,0.294,71.20%,41.80%,4.81,4.99,0.4
330,Kody Funderburk,MIN,3,3,10,65,0,65,8.62,3.68,0.84,0.304,73.80%,50.00%,3.68,3.82,0.4
331,David Robertson,,2,2,0,42,0,42,10.35,3.58,0.97,0.294,75.00%,42.80%,3.53,3.56,0.4
332,Julian Fernández,WSN,3,3,0,58,0,58,9.25,3.24,1.08,0.29,74.30%,40.60%,3.72,3.83,0.4
333,Jason Adam,SDP,2,2,0,46,0,46,9.86,3.32,1.03,0.287,73.80%,40.60%,3.65,3.71,0.4
334,Yennier Cano,BAL,3,2,0,52,0,52,8.51,3.33,0.89,0.307,73.50%,51.90%,3.72,3.76,0.4
335,Steven Okert,HOU,3,3,0,64,0,64,10.04,3.47,1.33,0.281,74.60%,31.10%,3.98,4.13,0.3
336,Brady Basso,ATH,3,3,1,56,0,56,8.3,2.85,1.11,0.295,74.00%,43.10%,3.8,3.95,0.3
337,Luke Weaver,,3,3,0,67,0,67,9.42,2.82,1.25,0.29,74.60%,35.50%,3.83,3.9,0.3
338,Kyle Hart,SDP,5,6,0,37,13,95.1,7.27,3.23,1.31,0.293,72.10%,41.50%,4.45,4.62,0.3
339,Riley O'Brien,STL,3,3,17,63,0,63,9.14,3.84,0.79,0.301,74.10%,50.40%,3.55,3.7,0.3
340,Taylor Rogers,,3,3,0,57,0,57,9.34,3.8,1.07,0.293,74.20%,41.70%,3.86,4.02,0.3
341,Jordan Romano,,3,3,0,52,0,52,9.45,3.46,1.16,0.291,73.20%,38.10%,3.98,3.99,0.3
342,Tyler Kinley,,3,3,0,64,0,64,9.58,3.89,1.18,0.287,73.60%,35.20%,4.05,4.12,0.3
343,Danny Coulombe,,2,2,0,48,0,48,8.91,3.29,1.07,0.293,74.30%,41.10%,3.78,3.9,0.3
344,Jovani Morán,BOS,3,2,0,52,0,52,9.53,3.89,0.94,0.301,74.30%,44.80%,3.73,3.77,0.3
345,A.J. Puk,ARI,1,1,6,28,0,28,10.26,3.11,0.96,0.296,74.50%,40.60%,3.48,3.43,0.3
346,Colton Gordon,HOU,3,3,0,35,5,56.2,7.63,2.47,1.44,0.29,72.60%,38.30%,4.31,4.45,0.3
347,Ryan Pressly,,3,3,0,52,0,52,8.21,3.12,0.99,0.302,72.90%,47.50%,3.88,3.89,0.3
348,Jason Foley,,2,2,0,42,0,42,7.93,2.79,0.91,0.305,72.70%,49.20%,3.74,3.72,0.3
349,John Schreiber,KCR,3,3,1,64,0,64,8.26,3.38,1.05,0.298,72.80%,42.00%,4.02,4.07,0.3
350,Clayton Beeter,WSN,3,3,6,62,0,62,10.04,4.54,1,0.289,74.80%,40.70%,3.78,3.98,0.3
351,Shawn Armstrong,,3,3,0,68,0,68,8.87,2.92,1.16,0.292,72.90%,38.00%,3.94,3.95,0.3
352,Nick Mears,MIL,3,3,0,60,0,60,9.74,3.42,1.17,0.291,74.10%,37.00%,3.89,3.91,0.3
353,Pierce Johnson,,3,3,0,62,0,62,9.79,3.61,1.14,0.292,74.50%,37.90%,3.87,3.92,0.3
354,Nate Pearson,HOU,4,5,0,48,8,85.2,8.43,4.02,1.38,0.292,71.50%,38.20%,4.69,4.73,0.3
355,Erik Miller,SFG,4,3,1,70,0,70,10.29,4.59,0.84,0.295,76.10%,45.40%,3.45,3.71,0.3
356,Tommy Nance,TOR,3,3,0,54,0,54,8.28,2.87,0.97,0.303,72.50%,49.00%,3.83,3.79,0.3
357,Ben Joyce,LAA,2,2,0,32,0,32,10.98,4.16,0.9,0.295,75.70%,44.00%,3.41,3.54,0.3
358,Josh Winckowski,,2,2,0,36,0,36,7.88,2.72,0.97,0.302,73.30%,49.10%,3.73,3.8,0.3
359,Jakob Junis,,3,3,0,66,0,66,8.03,2.38,1.19,0.296,72.30%,40.80%,4.02,3.99,0.3
360,Kirby Yates,,3,3,0,54,0,54,10.45,4.07,1.11,0.289,74.50%,36.70%,3.83,3.89,0.3
361,Caleb Ferguson,,3,3,0,60,0,60,8.67,3.61,0.89,0.3,73.50%,47.30%,3.73,3.87,0.3
362,Brad Keller,,3,3,0,68,0,68,8.06,3.34,0.98,0.303,73.00%,48.70%,3.92,4,0.3
363,Jonathan Bowlan,KCR,3,3,0,57,0,57,8.18,2.92,1.04,0.298,72.90%,44.50%,3.87,3.9,0.3
364,Eduard Bazardo,SEA,4,3,1,70,0,70,9.24,3.07,1.13,0.285,74.40%,40.00%,3.7,3.85,0.3
365,Sam Moll,CIN,3,3,0,60,0,60,8.82,3.96,1.13,0.298,73.80%,44.50%,4.09,4.29,0.3
366,JoJo Romero,STL,3,3,14,64,0,64,8.56,3.59,0.89,0.298,75.00%,48.00%,3.57,3.83,0.3
367,Justin Lawrence,PIT,3,3,1,61,0,61,8.84,4.15,0.87,0.304,73.00%,46.40%,3.92,3.99,0.3
368,Eric Lauer,TOR,3,4,0,43,5,64.2,8.36,2.78,1.46,0.288,73.70%,34.30%,4.27,4.41,0.3
369,Coleman Crow,MIL,1,1,0,20,2,27.1,9.2,2.89,1.1,0.294,73.70%,43.00%,3.74,3.76,0.3
370,Bowden Francis,TOR,2,2,0,30,3,44.2,8.6,2.55,1.46,0.288,72.70%,35.40%,4.27,4.33,0.3
371,Dennis Santana,PIT,3,3,30,68,0,68,8.41,3.28,1.05,0.297,72.60%,39.60%,4.01,4,0.3
372,Gage Jump,ATH,2,2,0,5,5,27.2,7.55,3.29,1.27,0.297,72.00%,42.50%,4.42,4.51,0.3
373,Jordan Hicks,BOS,3,3,0,58,0,58,8.48,3.63,0.89,0.311,72.20%,50.50%,3.98,3.92,0.3
374,DJ Herz,WSN,2,2,0,22,2,29,10.2,3.91,1.12,0.283,75.60%,36.60%,3.68,3.91,0.3
375,Justin Topa,MIN,3,3,12,63,0,63,7.63,3.07,0.94,0.307,71.80%,48.80%,4.02,3.95,0.3
376,Braydon Fisher,TOR,3,3,2,62,0,62,9.79,3.88,1.18,0.29,73.80%,38.20%,4.05,4.08,0.3
377,Eric Orze,MIN,3,3,3,62,0,62,8.67,4.02,1.06,0.296,72.90%,42.30%,4.12,4.21,0.3
378,Ian Hamilton,,2,2,0,49,0,49,9.23,4.04,0.97,0.297,74.10%,44.80%,3.82,3.95,0.3
379,Evan Phillips,,1,1,0,26,0,26,9.98,2.87,0.96,0.295,74.80%,42.00%,3.39,3.37,0.3
380,River Ryan,LAD,3,3,0,18,6,48.2,7.43,3.44,1.35,0.296,71.30%,43.80%,4.62,4.72,0.3
381,Jonathan Loáisiga,,2,2,0,46,0,46,7.93,3.06,0.9,0.301,73.20%,50.60%,3.71,3.81,0.3
382,Colin Selby,BAL,3,3,0,58,0,58,9.32,3.77,0.99,0.302,74.00%,46.90%,3.81,3.87,0.3
383,Kenley Jansen,,3,3,0,60,0,60,9.52,3.3,1.28,0.282,72.90%,29.90%,4.1,4.07,0.3
384,Brenan Hanifee,DET,3,3,2,64,0,64,6.76,2.51,0.91,0.305,71.90%,50.90%,3.89,3.9,0.3
385,Michel Otañez,TEX,3,3,0,57,0,57,10.55,4.71,0.96,0.293,74.80%,42.30%,3.76,3.92,0.3
386,Elmer Rodríguez,NYY,2,2,0,19,3,34.1,7.84,3.57,1.02,0.296,73.20%,50.00%,3.96,4.16,0.3
387,Keaton Winn,SFG,2,2,0,30,2,37,8.17,2.6,0.96,0.302,72.50%,48.50%,3.75,3.72,0.3
388,Tobias Myers,MIL,3,3,0,45,3,59.2,8.04,2.39,1.36,0.289,73.00%,37.30%,4.14,4.23,0.3
389,Bryan Hudson,CHW,2,3,0,52,0,52,8.54,3.78,1.09,0.291,74.60%,43.70%,3.87,4.19,0.3
390,Yariel Rodríguez,TOR,3,3,0,59,0,59,9.32,3.82,1.11,0.293,73.70%,41.20%,3.98,4.08,0.3
391,Josiah Gray,WSN,6,10,0,23,23,127,7.55,3.74,1.64,0.286,70.50%,34.40%,5.11,5.21,0.3
392,Luis García,,3,3,0,54,0,54,8.15,3.27,0.92,0.303,72.50%,49.00%,3.87,3.87,0.3
393,Victor Vodnik,COL,3,3,22,64,0,64,8.85,4.25,1.03,0.319,72.10%,48.30%,4.39,4.17,0.3
394,James McArthur,KCR,2,2,0,40,0,40,8.09,2.97,0.96,0.304,72.50%,47.10%,3.88,3.85,0.3
395,Brooks Raley,NYM,3,3,1,60,0,60,8.74,3.37,1.09,0.289,73.90%,39.80%,3.86,4.07,0.3
396,Ryan Bergert,KCR,4,4,0,32,8,68.1,7.49,3.53,1.27,0.295,70.80%,38.00%,4.64,4.61,0.3
397,George Klassen,LAA,2,3,0,27,3,42.1,8.56,3.73,1.17,0.295,72.90%,43.70%,4.18,4.3,0.3
398,Justin Hagenman,NYM,2,2,0,40,0,40,8.26,2.03,1.26,0.285,73.70%,38.40%,3.79,3.91,0.3
399,Joey Wentz,ATL,4,4,0,47,5,68,8.69,3.59,1.22,0.299,72.50%,39.20%,4.31,4.27,0.3
400,Jack Perkins,ATH,2,2,0,34,0,34,9.5,3.59,1.03,0.294,73.90%,42.80%,3.76,3.86,0.3
401,Brandon Eisert,CHW,3,3,0,60,0,60,8.49,3.41,1.17,0.292,74.20%,42.20%,3.96,4.2,0.3
402,Tanner McDougal,CHW,3,4,0,16,8,54.1,7.45,4.36,1.27,0.294,71.50%,44.00%,4.73,4.93,0.3
403,José Urquidy,,6,8,0,21,21,118.2,6.6,2.71,1.63,0.288,69.80%,34.90%,5.01,5.03,0.3
404,Mitch Farris,LAA,4,5,0,28,10,72.2,7.88,3.9,1.37,0.292,72.90%,39.60%,4.53,4.77,0.3
405,Scott Barlow,,3,3,0,62,0,62,9.34,4.48,1.03,0.295,73.10%,42.60%,4.11,4.19,0.3
406,Félix Bautista,BAL,1,1,0,14,0,14,12.67,3.9,0.87,0.29,77.40%,40.30%,3.02,2.98,0.2
407,Tink Hence,STL,3,3,0,27,5,49.2,7.85,3.37,1.16,0.293,72.40%,42.20%,4.2,4.3,0.2
408,Noah Schultz,CHW,1,2,0,5,5,27.2,7.25,3.96,1.17,0.295,72.30%,46.10%,4.42,4.7,0.2
409,Caden Dana,LAA,5,8,0,19,19,108.1,7.59,3.95,1.56,0.292,70.90%,38.60%,5.05,5.15,0.2
410,Anthony Bender,MIA,3,3,3,62,0,62,8.66,3.55,0.98,0.302,72.80%,45.60%,3.95,3.94,0.2
411,Gavin Stone,LAD,2,1,0,20,2,27,8.48,2.7,1.26,0.294,73.50%,42.80%,4,4.07,0.2
412,Carlos Estévez,KCR,3,3,31,65,0,65,8.4,3.36,1.24,0.29,72.30%,32.70%,4.28,4.3,0.2
413,Keegan Akin,BAL,3,3,3,66,0,66,9.31,3.33,1.23,0.293,75.30%,38.20%,3.88,4.05,0.2
414,Hoby Milner,,3,3,0,66,0,66,7.54,2.85,1.01,0.302,73.50%,47.40%,3.85,3.99,0.2
415,Calvin Faucher,MIA,3,3,17,64,0,64,8.93,3.72,0.99,0.302,72.80%,45.00%,3.99,3.96,0.2
416,Chase Silseth,LAA,3,3,1,60,0,60,8.85,3.69,1.12,0.297,73.30%,45.00%,4.03,4.14,0.2
417,Drey Jameson,ARI,3,3,1,58,0,58,8.93,3.37,0.96,0.305,72.80%,44.80%,3.87,3.77,0.2
418,Jimmy Herget,COL,3,4,2,76,0,76,7.99,2.9,1.42,0.305,70.20%,37.50%,4.77,4.52,0.2
419,Hayden Wesneski,HOU,2,2,0,17,3,32,8.64,2.76,1.35,0.296,72.50%,40.50%,4.23,4.21,0.2
420,Bailey Falter,KCR,4,4,0,53,5,74,7.07,2.79,1.34,0.295,71.20%,36.60%,4.52,4.51,0.2
421,Cooper Criswell,BOS,3,3,0,44,2,51,7.06,2.61,1.05,0.309,70.70%,49.20%,4.25,4.12,0.2
422,Yaramil Hiraldo,BAL,2,2,0,44,0,44,9.21,3.3,1.27,0.288,74.00%,37.40%,4,4.12,0.2
423,Brandon Williamson,CIN,3,3,0,43,3,58,8.32,2.97,1.46,0.294,73.10%,37.90%,4.41,4.51,0.2
424,Chris Murphy,CHW,3,3,0,52,2,59.1,8.2,4.09,1.1,0.294,73.70%,44.40%,4.12,4.42,0.2
425,Alex Lange,KCR,3,3,0,53,0,53,9.46,4.58,0.86,0.303,73.20%,46.80%,3.93,3.96,0.2
426,Jack Dreyer,LAD,3,2,1,53,0,53,8.73,3.53,1.29,0.287,74.50%,38.50%,4.07,4.32,0.2
427,Evan Sisk,PIT,3,3,0,58,0,58,8.2,3.9,0.84,0.304,73.50%,49.40%,3.8,3.95,0.2
428,Andrew Chafin,,2,2,0,44,0,44,9.58,4.24,1.01,0.295,74.80%,41.70%,3.82,3.99,0.2
429,Hunter Dobbins,BOS,2,3,0,29,3,44,7.01,2.87,1.19,0.301,71.10%,45.30%,4.39,4.38,0.2
430,Phil Maton,CHC,3,3,4,65,0,65,9.31,3.52,1.05,0.291,73.50%,42.50%,3.81,3.96,0.2
431,Javier Assad,CHC,4,4,0,57,5,78.2,7.72,3.17,1.16,0.296,72.40%,43.80%,4.18,4.28,0.2
432,Jaden Hill,COL,3,3,2,58,0,58,8.51,3.52,1.14,0.317,70.30%,46.30%,4.58,4.24,0.2
433,Josh Sborz,,2,2,0,46,0,46,9.22,3.56,1.12,0.293,73.50%,40.70%,3.95,3.99,0.2
434,Ryne Stanek,,3,3,0,56,0,56,9.51,4.09,1.2,0.286,74.10%,34.10%,4.08,4.22,0.2
435,Matt Svanson,STL,3,3,6,65,0,65,8.14,3.43,0.92,0.3,73.00%,47.80%,3.85,3.96,0.2