#,Name,Team,W,L,SV,G,GS,IP,K/9,BB/9,HR/9,BABIP,LOB%,GB%,ERA,FIP,WAR
1,Tarik Skubal,DET,14,7,0,29,29,188.1,10.91,1.83,0.88,0.282,76.90%,,2.72,2.69,5.9
2,Paul Skenes,PIT,12,8,0,30,30,184.1,10.79,2.24,0.75,0.289,76.20%,,2.76,2.67,5.7
3,Garrett Crochet,BOS,14,8,0,29,29,180.1,11.04,2.33,0.96,0.292,76.00%,,3.05,2.93,5
4,Logan Webb,SFG,13,10,0,30,30,192.2,8.53,2.06,0.72,0.305,72.90%,,3.3,3.05,4.8
5,Cristopher Sánchez,PHI,12,7,0,29,29,185,8.74,2.21,0.77,0.295,74.10%,,3.19,3.14,4.5
6,Chris Sale,ATL,11,6,0,25,25,156,11.08,2.37,0.95,0.298,74.80%,,3.18,3.01,3.9
7,Yoshinobu Yamamoto,LAD,12,7,0,26,26,160.1,9.78,2.65,0.89,0.281,73.70%,,3.25,3.21,3.8
8,Cole Ragans,KCR,10,8,0,26,26,151.1,11.16,3.16,0.97,0.291,73.60%,,3.43,3.21,3.7
9,Framber Valdez,DET,13,10,0,29,29,186,8.38,2.96,0.77,0.289,72.50%,,3.49,3.49,3.6
10,Max Fried,NYY,14,8,0,29,29,179.1,8.53,2.63,0.82,0.285,73.80%,,3.32,3.43,3.6
11,Jesús Luzardo,PHI,12,9,0,29,29,175,9.92,2.76,1.1,0.288,72.80%,,3.65,3.53,3.6
12,Dylan Cease,TOR,11,10,0,29,29,171,10.64,3.44,1.09,0.291,73.30%,,3.71,3.59,3.6
13,Hunter Brown,HOU,12,9,0,29,29,178.1,9.75,2.93,0.99,0.288,73.70%,,3.49,3.49,3.5
14,Hunter Greene,CIN,10,8,0,28,28,166.2,10.8,2.89,1.32,0.275,74.10%,,3.66,3.78,3.5
15,Sonny Gray,BOS,11,9,0,28,28,166.2,9.51,2.35,1.11,0.3,71.50%,,3.81,3.5,3.4
16,Bryan Woo,SEA,13,8,0,29,29,183,9.1,1.88,1.18,0.265,73.40%,,3.4,3.57,3.4
17,Jacob deGrom,TEX,10,7,0,26,26,154.2,10.14,2.06,1.23,0.278,74.00%,,3.43,3.43,3.4
18,Ranger Suárez,BOS,11,9,0,27,27,164.2,8.11,2.57,0.92,0.297,72.50%,,3.68,3.61,3.3
19,Logan Gilbert,SEA,10,8,0,28,28,164.1,10.07,2.01,1.18,0.278,73.30%,,3.43,3.38,3.3
20,Joe Ryan,MIN,11,10,0,28,28,168,9.9,2.06,1.35,0.282,71.50%,,3.82,3.72,3.2
21,Kevin Gausman,TOR,11,10,0,29,29,178,8.82,2.56,1.2,0.286,71.50%,,3.91,3.82,3.1
22,George Kirby,SEA,12,9,0,28,28,164,8.8,1.72,1.09,0.291,71.40%,,3.62,3.45,3.1
23,Nathan Eovaldi,TEX,11,8,0,25,25,152.2,8.73,2.18,1.06,0.28,70.90%,,3.66,3.58,2.9
24,Zack Wheeler,PHI,9,5,0,20,20,127,10.39,2.42,1.05,0.284,74.50%,,3.3,3.29,2.9
25,Kyle Bradish,BAL,8,7,0,24,24,135.1,9.71,2.85,1.02,0.289,72.60%,,3.61,3.53,2.9
26,Chase Burns,CIN,7,7,0,29,23,129.2,10.64,2.82,1.2,0.291,74.60%,,3.59,3.52,2.9
27,Freddy Peralta,NYM,12,8,0,28,28,162.1,10.03,3.3,1.2,0.276,73.10%,,3.76,3.87,2.8
28,Drew Rasmussen,TBR,10,8,0,28,28,151.1,8.22,2.29,1,0.282,71.70%,,3.62,3.62,2.8
29,Brandon Woodruff,MIL,10,7,0,25,25,144.1,9.54,2.44,1.28,0.276,72.50%,,3.74,3.8,2.8
30,Michael King,SDP,10,8,0,27,27,155.2,9.4,3.15,1.18,0.285,74.50%,,3.73,3.94,2.7
31,José Soriano,LAA,10,10,0,30,30,169.2,8.34,3.85,0.77,0.289,72.10%,,3.76,3.84,2.7
32,Blake Snell,LAD,9,6,0,22,22,130,11.07,3.81,0.96,0.285,74.50%,,3.45,3.4,2.7
33,Eury Pérez,MIA,9,9,0,27,27,143.1,10.01,2.97,1.26,0.277,71.30%,,3.91,3.82,2.6
34,Jack Flaherty,DET,10,10,0,28,28,156.2,9.9,3.08,1.22,0.296,71.40%,,4.05,3.85,2.6
35,Nick Pivetta,SDP,10,9,0,28,28,167.2,9.82,2.69,1.4,0.276,72.60%,,3.92,3.96,2.6
36,MacKenzie Gore,TEX,10,10,0,28,28,155.2,10.14,3.43,1.16,0.295,72.90%,,3.91,3.83,2.6
37,Spencer Strider,ATL,11,9,0,26,26,156,10.54,3.23,1.21,0.294,72.10%,,3.94,3.76,2.5
38,Kris Bubic,KCR,9,8,0,30,24,137.1,8.73,2.92,0.96,0.294,72.10%,,3.75,3.65,2.5
39,Matthew Boyd,CHC,10,9,0,27,27,158,8.21,2.53,1.19,0.281,71.70%,,3.89,4,2.5
40,Sandy Alcantara,MIA,10,11,0,28,28,176,7.54,2.61,1.05,0.291,69.10%,,4.16,3.97,2.5
41,Tanner Bibee,CLE,11,10,0,29,29,174,8.44,2.67,1.23,0.283,71.60%,,3.98,4.06,2.4
42,Shohei Ohtani,LAD,8,5,0,21,21,111.2,10.69,2.74,1.09,0.282,74.60%,,3.36,3.36,2.4
43,Aaron Nola,PHI,10,10,0,27,27,163.2,8.85,2.48,1.38,0.29,71.40%,,4.15,4.08,2.4
44,Andrew Abbott,CIN,10,9,0,28,28,162.1,8.2,2.78,1.44,0.281,73.40%,,4.11,4.39,2.4
45,Nick Lodolo,CIN,9,8,0,27,27,151,9.13,2.32,1.31,0.289,71.00%,,4.03,4.04,2.4
46,Tyler Glasnow,LAD,8,6,0,22,22,128.2,10.54,3.36,1.1,0.279,72.60%,,3.68,3.58,2.4
47,Mitch Keller,PIT,9,11,0,30,30,175.2,7.89,2.69,1.14,0.296,68.80%,,4.32,4.1,2.3
48,Brady Singer,CIN,10,11,0,29,29,164.2,8.34,2.87,1.29,0.294,69.50%,,4.4,4.27,2.3
49,Nolan McLean,NYM,11,8,0,26,26,151.1,8.86,3.38,0.95,0.285,72.90%,,3.7,3.84,2.3
50,David Peterson,NYM,9,7,0,27,27,158.1,8.02,3.42,0.88,0.299,71.60%,,3.95,3.9,2.3
51,Shane McClanahan,TBR,8,6,0,20,20,118.1,9.58,2.71,1.12,0.287,73.60%,,3.61,3.61,2.3
52,Luis Castillo,SEA,11,10,0,28,28,172,8.37,2.52,1.25,0.279,72.20%,,3.9,4.03,2.3
53,Emmet Sheehan,LAD,9,6,0,34,23,133.1,10.23,2.88,1.27,0.278,71.10%,,3.91,3.79,2.3
54,Trevor Rogers,BAL,9,8,0,25,25,146.1,7.8,2.89,1.07,0.288,71.00%,,4.02,4.01,2.2
55,Yusei Kikuchi,LAA,8,10,0,29,29,165.2,9.12,3.22,1.37,0.296,72.80%,,4.23,4.25,2.1
56,Merrill Kelly,ARI,10,8,0,27,27,159.2,8.11,2.66,1.18,0.288,70.80%,,4.07,4,2.1
57,Trey Yesavage,TOR,8,6,0,31,25,136.1,10.04,3.75,1.1,0.281,72.70%,,3.83,3.84,2.1
58,Casey Mize,DET,9,8,0,26,26,144.2,7.84,2.42,1.21,0.293,70.80%,,4.12,4.05,2.1
59,Michael Wacha,KCR,10,10,0,27,27,162.1,6.93,2.66,1.22,0.285,69.30%,,4.35,4.33,2.1
60,Ryan Pepiot,TBR,11,10,0,30,30,166.2,9.21,3.11,1.36,0.271,72.00%,,4.03,4.22,2.1
61,Bubba Chandler,PIT,9,8,0,31,25,142.2,8.5,3.18,1.11,0.29,70.20%,,4.17,4.08,2
62,Bailey Ober,MIN,8,9,0,27,27,158.1,8.17,2.11,1.54,0.283,69.60%,,4.39,4.36,2
63,Braxton Ashcraft,PIT,7,7,0,36,22,131.2,8.07,2.87,0.92,0.3,71.70%,,3.86,3.75,2
64,Clay Holmes,NYM,10,9,0,28,27,144,7.44,3.38,0.82,0.293,71.80%,,3.86,3.97,2
65,Zac Gallen,ARI,12,10,0,29,29,176.2,8.48,2.91,1.17,0.292,70.20%,,4.19,4.01,2
66,Grayson Rodriguez,LAA,8,7,0,21,21,116.2,9.47,3.01,1.18,0.295,72.00%,,3.98,3.85,2
67,Robbie Ray,SFG,9,10,0,29,29,170,9.41,3.52,1.31,0.284,71.40%,,4.22,4.23,2
68,Joe Musgrove,SDP,8,8,0,23,23,133,8.56,2.33,1.22,0.29,71.50%,,3.94,3.97,2
69,Shane Baz,BAL,9,9,0,27,27,153.2,8.88,3.03,1.27,0.286,71.00%,,4.16,4.15,2
70,Gavin Williams,CLE,10,9,0,28,28,162.2,9.16,3.83,1.13,0.282,73.00%,,3.96,4.12,2
71,Cody Ponce,TOR,8,7,0,35,21,131.2,9.19,2.92,1.21,0.295,71.80%,,4.04,3.95,2
72,Shota Imanaga,CHC,10,8,0,26,26,154.1,8.19,1.94,1.61,0.271,73.50%,,4.02,4.37,1.9
73,Edward Cabrera,CHC,8,7,0,24,24,134.1,9.62,3.52,1.09,0.284,71.00%,,3.98,3.91,1.9
74,Jack Leiter,TEX,10,10,0,29,29,162.2,8.67,3.55,1.31,0.274,70.80%,,4.29,4.42,1.9
75,Chris Bassitt,BAL,10,10,0,32,28,165.2,8.16,3,1.21,0.295,71.00%,,4.24,4.26,1.9
76,Quinn Priester,MIL,10,9,0,28,28,162.1,7.37,2.93,1.09,0.288,70.60%,,4.14,4.17,1.8
77,Cam Schlittler,NYY,8,8,0,23,23,131.1,8.97,3.41,1.11,0.284,72.60%,,3.9,4.04,1.8
78,Reid Detmers,LAA,7,9,0,31,23,135.1,9.8,3.34,1.24,0.297,70.30%,,4.26,4,1.8
79,Sean Manaea,NYM,8,7,0,34,23,133.2,9.41,2.75,1.3,0.282,69.50%,,4.15,4.01,1.8
80,Braxton Garrett,MIA,6,6,0,27,20,115.1,8.02,2.14,1.1,0.298,69.80%,,4.03,3.83,1.8
81,Zebby Matthews,MIN,7,7,0,30,22,125.1,8.76,2.33,1.33,0.298,71.60%,,4.12,3.97,1.8
82,Carlos Rodón,NYY,11,8,0,24,24,139.2,9.53,3.26,1.3,0.275,71.70%,,4.04,4.12,1.8
83,Jacob Misiorowski,MIL,9,7,0,30,25,137.2,10.21,4.07,1.16,0.278,71.40%,,4.06,4.08,1.8
84,Brayan Bello,BOS,10,9,0,27,27,154.1,7.34,3.1,1.05,0.29,69.90%,,4.24,4.21,1.8
85,Shane Bieber,TOR,7,5,0,21,18,106,8.37,2.19,1.16,0.288,72.80%,,3.73,3.77,1.8
86,Shane Smith,CHW,8,9,0,28,28,157,8.83,3.3,1.23,0.279,71.30%,,4.11,4.23,1.8
87,Tatsuya Imai,HOU,8,7,0,26,26,150.1,8.91,3.72,1.18,0.284,70.60%,,4.25,4.26,1.7
88,Michael McGreevy,STL,8,8,0,29,24,139.1,6.15,2.16,1.02,0.291,69.40%,,4.13,4.06,1.7
89,Brandon Pfaadt,ARI,10,10,0,28,28,164,7.88,2.09,1.33,0.301,68.10%,,4.48,4.13,1.7
90,Tyler Mahle,SFG,7,8,0,23,23,130.2,7.46,2.8,1.13,0.285,71.20%,,4.06,4.12,1.7
91,Jameson Taillon,CHC,10,9,0,26,26,153,6.97,2.14,1.47,0.279,69.90%,,4.38,4.5,1.7
92,Taj Bradley,MIN,7,8,0,29,23,131,8.72,3.17,1.27,0.292,69.60%,,4.39,4.18,1.7
93,Cade Horton,CHC,9,7,0,23,23,127.2,7.75,2.83,1.15,0.274,71.70%,,3.91,4.13,1.7
94,Cade Cavalli,WSN,7,8,0,24,24,135,7.57,3.21,1.04,0.295,70.30%,,4.23,4.2,1.7
95,Gerrit Cole,NYY,7,5,0,18,18,110.1,9.1,2.69,1.27,0.282,72.30%,,3.9,3.95,1.7
96,Steven Matz,TBR,6,6,0,32,20,123.2,7.46,2.44,1.22,0.292,71.40%,,4.12,4.16,1.6
97,Foster Griffin,WSN,6,7,0,28,20,119.1,8.2,2.88,1.11,0.292,70.20%,,4.14,4.02,1.6
98,Ryne Nelson,ARI,9,7,0,32,27,157.1,7.43,2.46,1.21,0.289,69.90%,,4.22,4.15,1.6
99,Landen Roupp,SFG,7,7,0,28,23,121.1,8.36,3.57,0.97,0.298,71.20%,,4.09,3.97,1.6
100,Kodai Senga,NYM,8,6,0,29,21,123.2,9.25,3.88,1.09,0.281,72.70%,,3.93,4.07,1.6
101,Matthew Liberatore,STL,7,9,0,27,27,146.2,7.35,2.84,1.18,0.29,69.30%,,4.37,4.26,1.6
102,Joey Cantillo,CLE,7,7,0,39,19,126,9.44,3.83,1.06,0.288,73.00%,,3.9,3.93,1.6
103,Reynaldo López,ATL,8,7,0,29,22,127.1,8.86,3.13,1.14,0.295,72.60%,,3.97,3.94,1.6
104,Bryce Miller,SEA,9,8,0,25,25,144.2,8.05,2.61,1.36,0.274,70.30%,,4.18,4.28,1.6
105,Dustin May,STL,8,9,0,29,23,137,8.07,3.34,1.1,0.285,69.20%,,4.28,4.23,1.6
106,Jeffrey Springs,ATH,10,10,0,29,29,163.2,7.68,2.84,1.5,0.284,70.30%,,4.56,4.63,1.5
107,Noah Cameron,KCR,9,8,0,25,25,146.1,7.59,2.93,1.27,0.284,71.20%,,4.23,4.36,1.5
108,Adrian Houser,SFG,7,8,0,25,25,140.1,6.5,3.01,1,0.297,69.50%,,4.36,4.28,1.5
109,Eduardo Rodriguez,ARI,8,8,0,27,24,132.1,8.04,3.17,1.23,0.3,70.70%,,4.41,4.26,1.5
110,Logan Henderson,MIL,7,6,0,31,17,106.1,9.08,2.72,1.37,0.279,71.60%,,4.06,4.1,1.5
111,Justin Verlander,DET,7,8,0,23,23,128,7.53,2.87,1.32,0.285,69.90%,,4.41,4.45,1.5
112,Luis Severino,ATH,9,11,0,28,28,170.2,7.23,2.87,1.31,0.29,68.50%,,4.61,4.57,1.5
113,Simeon Woods Richardson,MIN,7,7,0,29,24,132,8.11,3.43,1.29,0.288,69.10%,,4.57,4.44,1.5
114,Seth Lugo,KCR,9,9,0,26,26,154,7.62,2.96,1.34,0.288,70.60%,,4.4,4.49,1.5
115,Chad Patrick,MIL,6,8,0,24,24,131.1,8.47,3.01,1.41,0.286,71.40%,,4.33,4.42,1.4
116,Kyle Freeland,COL,7,12,0,28,28,158.1,6.59,2.39,1.48,0.31,67.00%,,5.12,4.72,1.4
117,Parker Messick,CLE,7,6,0,22,22,116,8.16,2.95,1.12,0.292,72.10%,,4,4.06,1.4
118,Jacob Lopez,ATH,8,8,0,24,24,128.2,9.2,3.58,1.35,0.279,71.00%,,4.3,4.41,1.4
119,Mason Miller,SDP,3,2,33,60,0,64,13.81,3.43,0.79,0.275,79.70%,,2.48,2.46,1.4
120,Andre Pallante,STL,7,9,0,26,24,133.1,6.2,3.49,0.88,0.294,69.10%,,4.39,4.29,1.4
121,Zack Littell,,7,8,0,26,23,132,6.88,1.82,1.49,0.29,69.60%,,4.46,4.47,1.4
122,Mike Burrows,HOU,6,7,0,29,23,126,8.72,3.16,1.35,0.28,72.50%,,4.11,4.31,1.4
123,Nick Martinez,TBR,9,9,0,38,22,142,6.96,2.43,1.27,0.287,68.80%,,4.41,4.36,1.3
124,Zach Eflin,BAL,9,8,0,29,24,139,7,1.73,1.46,0.293,69.70%,,4.41,4.36,1.3
125,Max Meyer,MIA,6,8,0,27,22,125.1,8.21,2.97,1.26,0.296,70.40%,,4.34,4.23,1.3
126,Ryan Weathers,NYY,7,7,0,33,21,125.2,8.68,3.04,1.27,0.282,72.80%,,3.99,4.17,1.3
127,Cade Smith,CLE,5,4,32,67,0,68.1,11.62,2.58,0.73,0.297,74.40%,,2.93,2.62,1.3
128,Will Warren,NYY,7,8,0,35,21,123.2,8.98,3.23,1.26,0.296,71.00%,,4.28,4.16,1.3
129,Dean Kremer,BAL,9,8,0,33,22,134.1,7.69,2.74,1.36,0.286,69.90%,,4.41,4.39,1.3
130,Spencer Schwellenbach,ATL,4,3,0,11,11,65.2,8.72,1.85,1.05,0.29,71.20%,,3.62,3.44,1.3
131,Justin Steele,CHC,5,4,0,13,13,72.1,8.49,2.41,1.04,0.287,72.40%,,3.64,3.66,1.3
132,Roki Sasaki,LAD,7,6,0,33,18,113,8.62,3.65,1.11,0.286,70.90%,,4.17,4.21,1.2
133,Brad Lord,WSN,6,8,1,31,22,129.1,7,3.02,1.12,0.29,68.90%,,4.43,4.34,1.2
134,Grant Taylor,CHW,4,4,7,67,2,80.1,10.75,3.51,0.75,0.303,73.00%,,3.44,3.1,1.2
135,Jared Jones,PIT,5,5,0,17,14,80,9.29,2.97,1.18,0.291,71.20%,,4.01,3.89,1.2
136,Grant Holmes,ATL,6,6,0,29,19,118.1,8.97,3.44,1.19,0.297,71.60%,,4.21,4.14,1.1
137,Jhoan Duran,PHI,5,4,32,65,0,66.2,10.35,2.7,0.67,0.297,75.90%,,2.88,2.86,1.1
138,Cristian Javier,HOU,8,9,0,25,25,137.1,8.13,3.77,1.43,0.273,69.00%,,4.69,4.76,1.1
139,Ian Seymour,TBR,6,6,0,33,13,95,8.76,2.73,1.19,0.284,70.10%,,4.06,3.98,1.1
140,Griffin Jax,TBR,4,4,14,62,0,63,11.4,2.49,0.87,0.299,74.70%,,3.09,2.8,1.1
141,Slade Cecconi,CLE,7,9,0,26,26,149,7.43,2.3,1.5,0.286,68.80%,,4.58,4.54,1.1
142,Kumar Rocker,TEX,5,6,0,30,16,97,7.97,2.94,1.16,0.291,69.40%,,4.29,4.15,1.1
143,Hunter Barco,PIT,4,4,0,30,11,78.2,8.23,3.59,0.97,0.289,70.70%,,4.08,4.06,1
144,José Berríos,TOR,7,7,0,36,17,117.1,7.64,2.75,1.36,0.282,70.60%,,4.33,4.48,1
145,Robby Snelling,MIA,5,5,0,15,14,78.1,7.83,3.19,1.06,0.296,71.70%,,4.1,4.1,1
146,Chris Paddack,MIA,5,7,0,28,20,115.2,7.05,2.3,1.48,0.294,67.30%,,4.82,4.55,1
147,Aaron Civale,ATH,6,7,0,22,22,121,7.77,2.88,1.49,0.286,69.10%,,4.66,4.66,1
148,Edwin Díaz,LAD,5,3,36,61,0,64,12.31,3.08,0.91,0.289,75.60%,,3.04,2.92,1
149,Bryan Abreu,HOU,3,3,9,65,0,67.1,12.04,3.7,0.89,0.294,76.70%,,3.13,3.15,1
150,Davis Martin,CHW,7,10,0,27,27,151,6.97,3.17,1.31,0.287,69.50%,,4.6,4.69,1
151,Logan Allen,CLE,7,8,0,25,21,117.2,7.27,3.43,1.29,0.293,71.20%,,4.51,4.63,1
152,Johan Oviedo,BOS,6,5,0,37,14,100.1,8.63,3.89,1.17,0.28,71.00%,,4.24,4.38,1
153,Aroldis Chapman,BOS,4,3,30,58,0,57.2,12.34,3.86,0.81,0.289,76.60%,,3.02,2.95,1
154,Connelly Early,BOS,4,3,0,23,7,53,9.36,3.31,0.85,0.292,71.60%,,3.68,3.54,1
155,Jose Quintana,COL,7,9,0,22,22,127,6.27,3.48,1.32,0.302,68.40%,,5.06,4.93,1
156,Anthony Kay,CHW,6,8,0,23,22,121.2,7.24,3.55,1.2,0.289,70.50%,,4.48,4.59,1
157,Lucas Giolito,,7,7,0,23,20,115.2,8.1,3.5,1.39,0.29,70.70%,,4.57,4.6,1
158,David Festa,MIN,3,4,0,23,10,66,9.15,3.1,1.2,0.293,69.60%,,4.26,4.01,0.9
159,Jacob Latz,TEX,4,3,0,41,12,101,8.45,4.14,1.13,0.279,71.70%,,4.21,4.37,0.9
160,Devin Williams,NYM,5,4,31,64,0,64.2,11.67,3.73,0.78,0.287,74.50%,,3.18,3.07,0.9
161,Michael Lorenzen,COL,6,11,0,25,25,141.1,7.15,3.26,1.56,0.299,68.00%,,5.17,5,0.9
162,Hunter Dobbins,STL,5,5,0,28,14,90,6.71,2.93,1.08,0.29,69.00%,,4.37,4.31,0.9
163,Miles Mikolas,WSN,7,10,0,26,26,144.1,5.95,2.07,1.51,0.288,67.20%,,4.86,4.79,0.9
164,Jeremiah Estrada,SDP,4,3,3,65,0,66.2,11.85,3.52,1.13,0.288,76.30%,,3.39,3.42,0.9
165,Kyle Leahy,STL,5,6,0,41,16,118.2,7.3,3.35,1.14,0.294,69.60%,,4.47,4.38,0.9
166,Abner Uribe,MIL,3,3,17,65,0,66.2,10.5,3.89,0.68,0.289,75.00%,,3.18,3.25,0.9
167,Rhett Lowder,CIN,4,4,0,26,12,77.1,7.2,2.87,1.19,0.289,69.70%,,4.36,4.34,0.9
168,Patrick Sandoval,BOS,4,4,0,29,9,69.2,8.44,3.87,0.9,0.304,71.20%,,4.13,3.96,0.9
169,Luis Morales,ATH,7,7,0,26,20,113,7.94,3.56,1.37,0.279,70.10%,,4.54,4.66,0.9
170,Garrett Whitlock,BOS,4,3,4,58,0,64,9.95,2.54,0.88,0.299,73.40%,,3.35,3.17,0.8
171,Michael Soroka,ARI,5,6,1,39,11,96.1,9.05,3.28,1.11,0.288,69.10%,,4.2,4.04,0.8
172,Carmen Mlodzinski,PIT,4,4,0,46,5,74.1,8.1,2.99,0.9,0.296,72.30%,,3.76,3.75,0.8
173,Ryan Feltner,COL,4,6,0,27,17,100,7.36,3.66,1.3,0.304,66.60%,,5.17,4.71,0.8
174,Robert Gasser,MIL,4,4,0,33,9,76.2,8.16,2.94,1.17,0.284,71.60%,,4.02,4.24,0.8
175,Andrés Muñoz,SEA,4,3,34,61,0,62.2,11.11,3.57,0.71,0.281,76.40%,,2.91,3.05,0.8
176,David Bednar,NYY,4,4,32,60,0,60.2,10.75,2.98,0.98,0.287,74.20%,,3.35,3.26,0.8
177,Brandon Sproat,MIL,4,4,0,23,11,70.2,7.58,3.41,1.02,0.284,69.70%,,4.21,4.24,0.8
178,Andrew Alvarez,WSN,3,4,0,26,11,75.1,6.73,3.53,0.95,0.287,70.00%,,4.25,4.32,0.8
179,Max Scherzer,TOR,4,4,0,21,12,71,8.76,2.42,1.57,0.289,68.80%,,4.56,4.38,0.8
180,Will Vest,DET,4,4,8,62,0,64.2,9.11,2.84,0.78,0.296,73.70%,,3.35,3.29,0.8
181,Bryce Elder,ATL,7,7,0,25,18,108,7.35,3.11,1.19,0.302,68.40%,,4.67,4.38,0.8
182,Janson Junk,MIA,4,4,0,36,10,83.1,6.62,2.08,1.2,0.3,67.00%,,4.58,4.19,0.8
183,Adrian Morejon,SDP,5,4,3,63,0,65,8.97,2.81,0.83,0.293,73.30%,,3.42,3.36,0.8
184,Hunter Harvey,CHC,3,2,4,50,0,52.1,9.63,2.56,0.93,0.289,73.70%,,3.35,3.31,0.8
185,Luis Gil,NYY,6,5,0,37,13,97.1,8.92,4.32,1.23,0.268,71.60%,,4.25,4.5,0.8
186,Orion Kerkering,PHI,5,4,2,63,0,63.1,9.59,3.22,0.87,0.293,73.40%,,3.5,3.51,0.8
187,Sean Burke,CHW,7,9,0,26,26,142.2,8.43,3.92,1.51,0.286,70.40%,,4.78,4.87,0.7
188,Ben Brown,CHC,3,3,0,33,3,52.2,10.02,2.9,1.04,0.296,71.60%,,3.77,3.49,0.7
189,Matt Strahm,KCR,4,3,2,61,0,63,9.8,2.67,1.1,0.282,73.70%,,3.51,3.58,0.7
190,Lance McCullers Jr.,HOU,5,5,0,23,16,87.2,8.64,4.57,1.16,0.29,70.20%,,4.59,4.61,0.7
191,Patrick Corbin,,5,7,0,21,18,100,7.17,3,1.37,0.304,68.60%,,4.87,4.61,0.7
192,Matt Brash,SEA,3,3,4,60,0,60.2,10.66,3.5,0.75,0.299,75.50%,,3.18,3.16,0.7
193,José Alvarado,PHI,5,3,4,56,0,57,10.13,3.35,0.88,0.302,73.90%,,3.52,3.39,0.7
194,Randy Vásquez,SDP,6,8,0,29,23,128,6.09,3.25,1.32,0.285,68.60%,,4.8,4.94,0.7
195,Trevor Megill,MIL,4,3,20,61,0,62.2,10.79,3.15,1.03,0.292,74.60%,,3.45,3.38,0.7
196,Josh Hader,HOU,4,3,27,50,0,52,12.16,3.27,1.19,0.269,76.60%,,3.25,3.36,0.7
197,Cody Bradford,TEX,4,4,0,26,8,62.2,7.87,2.08,1.32,0.284,68.70%,,4.23,4.08,0.7
198,J.T. Ginn,ATH,3,4,0,26,8,65,8.53,3.16,1.11,0.296,70.40%,,4.21,4.08,0.7
199,Joe Boyle,TBR,4,4,0,19,12,69,9.72,4.83,1.03,0.279,71.10%,,4.19,4.24,0.7
200,Pete Fairbanks,MIA,3,4,26,59,0,60.2,9.18,3.16,0.92,0.285,73.40%,,3.53,3.58,0.7
201,Jose A. Ferrer,SEA,4,2,3,63,0,65.1,8.34,2.47,0.68,0.293,71.70%,,3.38,3.25,0.7
202,Ryan Walker,SFG,4,4,23,60,0,61.2,9.39,2.82,0.81,0.303,72.40%,,3.53,3.37,0.7
203,Gabe Speier,SEA,3,3,1,61,0,58,10.64,2.56,0.98,0.286,72.90%,,3.35,3.18,0.7
204,Andrew Painter,PHI,5,6,0,25,17,96.2,7.55,3.4,1.4,0.292,70.40%,,4.66,4.7,0.7
205,Robert Suarez,ATL,4,5,11,64,0,66,9.4,2.68,1.04,0.288,72.90%,,3.6,3.55,0.6
206,Chase Dollander,COL,5,10,0,23,23,118.2,7.67,4.03,1.48,0.298,65.80%,,5.47,5.09,0.6
207,Chris Martin,TEX,3,3,7,50,0,50.2,8.88,1.92,1.02,0.298,73.60%,,3.47,3.39,0.6
208,Drew Anderson,DET,4,3,0,40,3,62.2,10.31,3.8,1.05,0.296,72.40%,,3.91,3.79,0.6
209,Kyle Harrison,MIL,3,3,0,25,10,68.2,9.09,3.57,1.24,0.291,71.20%,,4.26,4.24,0.6
210,Griffin Canning,SDP,6,6,0,26,17,99.2,7.89,3.42,1.35,0.287,71.10%,,4.46,4.57,0.6
211,Garrett Cleavinger,TBR,4,3,8,62,0,61.2,10.96,3.28,1.04,0.278,74.90%,,3.37,3.5,0.6
212,Jeff Hoffman,TOR,4,4,26,61,0,62,10.71,3.24,1.2,0.281,74.80%,,3.59,3.73,0.6
213,Troy Melton,DET,4,3,0,32,6,63.2,7.96,2.84,1.2,0.282,72.50%,,3.95,4.12,0.6
214,Ryan Weiss,HOU,4,5,0,31,9,75,8.75,3.54,1.2,0.292,70.50%,,4.33,4.28,0.6
215,Ryan Helsley,BAL,4,4,29,60,0,62.2,10.14,3.36,1.02,0.292,74.80%,,3.54,3.57,0.6
216,Kutter Crawford,BOS,5,5,0,42,6,77.1,8.8,2.54,1.39,0.281,69.40%,,4.26,4.15,0.6
217,Alex Vesia,LAD,4,3,2,61,0,60.2,11.19,3.64,1.21,0.278,75.70%,,3.56,3.75,0.6
218,Aaron Bummer,ATL,4,3,0,57,0,60.2,9.14,3.25,0.66,0.312,71.10%,,3.7,3.37,0.6
219,Richard Fitts,STL,5,7,0,28,18,103.1,6.91,2.9,1.32,0.285,70.50%,,4.43,4.6,0.6
220,Tanner Scott,LAD,4,4,5,62,0,63,10.1,3.65,0.98,0.289,74.60%,,3.55,3.67,0.6
221,Mick Abel,MIN,5,6,0,32,16,98.1,8.19,4.05,1.2,0.292,69.00%,,4.68,4.54,0.6
222,Stephen Kolek,KCR,4,3,0,31,8,70,6.51,2.82,0.92,0.298,69.00%,,4.27,4.14,0.6
223,Tomoyuki Sugano,COL,6,8,0,20,20,115,5.75,2.2,1.72,0.298,67.30%,,5.28,5.21,0.6
224,Fernando Cruz,NYY,3,4,1,57,0,58,12.06,4.12,1.1,0.295,74.70%,,3.65,3.56,0.6
225,Louis Varland,TOR,4,3,3,58,0,65,9.03,2.64,1.12,0.296,73.00%,,3.77,3.74,0.6
226,Colin Rea,CHC,5,5,0,35,9,82,7.29,2.56,1.34,0.288,70.50%,,4.35,4.44,0.6
227,Daniel Palencia,CHC,3,3,29,62,0,64.1,9.96,3.66,0.95,0.29,72.70%,,3.71,3.67,0.6
228,Payton Tolle,BOS,3,3,0,27,6,53.2,9.14,3.02,1.31,0.285,71.70%,,4.1,4.1,0.5
229,Bryan King,HOU,4,3,1,62,0,63.1,8.91,2.55,1.04,0.29,73.10%,,3.61,3.67,0.5
230,Raisel Iglesias,ATL,4,3,26,62,0,63.1,9.52,2.38,1.12,0.291,72.70%,,3.64,3.53,0.5
231,Jon Gray,,3,3,0,11,9,52,7.7,2.92,1.4,0.289,68.70%,,4.65,4.53,0.5
232,Spencer Arrighetti,HOU,5,7,0,25,15,90.1,8.92,3.9,1.34,0.284,69.60%,,4.59,4.56,0.5
233,Edwin Uceta,TBR,5,3,12,61,0,66,10.68,3.26,1.15,0.285,73.20%,,3.69,3.7,0.5
234,Dylan Lee,ATL,3,3,2,63,0,65,9.86,2.46,1.25,0.291,75.00%,,3.59,3.63,0.5
235,Lucas Erceg,KCR,4,5,4,59,0,61.2,8.64,3.26,0.8,0.294,71.70%,,3.71,3.65,0.5
236,Jonah Tong,NYM,2,2,0,12,5,31.2,10.07,3.81,0.98,0.286,72.00%,,3.81,3.68,0.5
237,Caleb Thielbar,CHC,4,3,2,63,0,60.1,9.27,2.87,1.14,0.283,72.90%,,3.74,3.75,0.5
238,Jared Koenig,MIL,5,3,2,60,0,62.2,9.09,3.06,0.95,0.292,74.50%,,3.52,3.66,0.5
239,Camilo Doval,NYY,4,3,5,61,0,62,10.02,4.36,0.77,0.293,73.10%,,3.64,3.63,0.5
240,Aaron Ashby,MIL,4,3,1,56,0,67,9.31,4.05,0.72,0.299,73.60%,,3.6,3.62,0.5
241,Corbin Burnes,ARI,2,2,0,6,6,35,8.67,2.87,1,0.285,73.40%,,3.6,3.73,0.5
242,Alex Cobb,,3,2,0,8,6,36.1,7.31,2.88,0.98,0.298,71.60%,,4,3.98,0.5
243,Jordan Montgomery,TEX,3,3,0,16,8,52,7.03,2.9,1.17,0.295,68.80%,,4.5,4.32,0.5
244,Matt Svanson,STL,3,3,5,58,0,64.2,8.41,3.26,0.81,0.297,72.40%,,3.67,3.68,0.5
245,Trevor McDonald,SFG,3,3,0,19,8,56,7.15,3.18,1,0.294,70.60%,,4.19,4.23,0.5
246,Robert Garcia,TEX,3,4,17,62,0,60.2,9.68,3.2,1.01,0.294,73.60%,,3.65,3.62,0.5
247,Cole Sands,MIN,4,3,3,62,0,66,8.77,2.74,1.03,0.296,69.90%,,4,3.75,0.5
248,Sam Hentges,SFG,2,2,0,44,0,44.2,9.09,3.03,0.85,0.3,73.20%,,3.56,3.45,0.5
249,Gregory Soto,PIT,3,3,4,61,0,59,9.6,3.61,0.79,0.306,71.10%,,3.84,3.58,0.5
250,Tyler Holton,DET,4,4,1,62,1,68.2,7.51,2.18,1.09,0.275,72.90%,,3.61,3.86,0.5
251,Hurston Waldrep,ATL,4,4,0,11,11,58.1,7.79,4.11,1.01,0.291,69.80%,,4.42,4.37,0.5
252,Emilio Pagán,CIN,3,3,26,63,0,65,9.82,3.01,1.44,0.278,72.60%,,4.05,4.14,0.5
253,Tommy Nance,TOR,2,3,0,53,0,56.1,8.45,2.74,0.91,0.3,71.50%,,3.79,3.63,0.5
254,Kevin Ginkel,ARI,4,4,15,59,0,60.1,9.2,3.19,0.9,0.3,70.20%,,3.94,3.6,0.5
255,Tyler Rogers,TOR,4,4,2,67,0,67.1,6.14,1.77,0.88,0.289,71.00%,,3.69,3.77,0.5
256,Connor Prielipp,MIN,3,4,0,37,5,58,8.33,3.51,1.03,0.303,71.60%,,4.16,4.1,0.5
257,Jason Adam,SDP,4,3,2,51,0,52.1,9.61,3.16,0.97,0.278,74.30%,,3.42,3.64,0.5
258,Andrew Nardi,MIA,3,3,1,52,0,51.2,10.77,3.53,1.1,0.297,73.00%,,3.8,3.62,0.5
259,Sean Newcomb,CHW,3,3,1,54,3,73.1,8.56,3.77,0.97,0.295,72.20%,,4,4.05,0.5
260,Jimmy Herget,COL,2,3,2,62,1,71,8.29,2.87,1.29,0.302,69.50%,,4.49,4.28,0.5
261,Tyler Wells,BAL,4,4,0,41,5,69,8.15,2.27,1.51,0.275,70.30%,,4.28,4.35,0.5
262,JoJo Romero,STL,4,4,13,62,0,61.2,8.41,3.5,0.81,0.294,73.90%,,3.57,3.72,0.5
263,Phil Maton,CHC,4,3,6,63,0,63.1,9.69,3.31,0.95,0.285,71.70%,,3.7,3.7,0.5
264,A.J. Minter,NYM,3,3,1,47,0,48,9.97,3.18,0.98,0.285,74.60%,,3.42,3.48,0.5
265,Bryan Baker,TBR,3,2,1,60,0,61.1,9.9,3.18,1.19,0.285,72.20%,,3.89,3.82,0.5
266,Shawn Armstrong,CLE,3,3,3,63,0,66.2,8.9,2.73,1.04,0.289,71.30%,,3.8,3.73,0.4
267,Steven Okert,HOU,3,3,0,61,0,62,10.03,3.21,1.27,0.281,71.80%,,3.97,3.96,0.4
268,Bennett Sousa,HOU,3,2,1,49,0,51.2,9.69,3.07,1.07,0.285,73.50%,,3.63,3.64,0.4
269,Drew Pomeranz,LAA,3,3,2,54,0,54.1,9.75,3.05,1.18,0.29,73.40%,,3.8,3.87,0.4
270,Tanner Banks,PHI,3,3,0,56,0,59,8.43,2.43,1.16,0.291,71.60%,,3.91,3.85,0.4
271,Graham Ashcraft,CIN,5,3,2,54,0,62,7.86,3.02,0.93,0.303,70.90%,,4.05,3.88,0.4
272,Brusdar Graterol,LAD,3,2,0,41,0,42,7.56,2.53,0.75,0.286,71.40%,,3.51,3.5,0.4
273,Brooks Raley,NYM,3,2,1,56,0,55.2,8.8,2.96,1.03,0.283,71.90%,,3.75,3.85,0.4
274,Braydon Fisher,TOR,3,2,1,49,0,50.2,10.08,3.75,1.06,0.282,73.30%,,3.73,3.81,0.4
275,Andrew Kittredge,BAL,4,4,7,62,0,64,8.94,2.32,1.17,0.292,73.10%,,3.72,3.71,0.4
276,Luis Medina,ATH,4,5,0,35,11,85.2,8.06,4.14,1.17,0.293,69.00%,,4.7,4.6,0.4
277,Brant Hurter,DET,3,3,0,44,0,52,8.07,2.84,0.83,0.294,72.10%,,3.65,3.72,0.4
278,Charlie Morton,,4,4,0,11,10,54.2,8.92,4.08,1.25,0.3,69.80%,,4.67,4.56,0.4
279,Jack Dreyer,LAD,3,2,1,47,0,49.2,8.8,3.08,1.07,0.285,71.80%,,3.87,3.83,0.4
280,Hayden Birdsong,SFG,3,3,0,20,8,55,9.04,4.43,1.28,0.286,70.80%,,4.55,4.63,0.4
281,Dennis Santana,PIT,4,3,23,62,0,65,8.34,3.08,0.95,0.292,70.60%,,3.94,3.83,0.4
282,Tobias Myers,NYM,3,3,0,40,4,63.1,7.7,2.64,1.2,0.292,72.70%,,4.01,4.16,0.4
283,Marcus Stroman,,4,4,0,13,11,60,6.41,3.5,1.13,0.297,68.30%,,4.79,4.63,0.4
284,Kody Funderburk,MIN,4,3,4,58,0,62.1,8.56,3.67,0.77,0.302,71.50%,,3.87,3.76,0.4
285,Justin Slaten,BOS,4,4,1,56,0,61,8.37,2.93,1.07,0.291,71.10%,,3.99,3.9,0.4
286,JP Sears,SDP,4,4,0,26,9,65.2,7.86,2.49,1.54,0.279,70.00%,,4.46,4.6,0.4
287,Kyle Finnegan,DET,4,4,6,60,0,61.2,8.48,3.1,1.02,0.29,71.80%,,3.9,3.84,0.4
288,Justin Topa,MIN,3,3,7,59,0,61.2,7.47,2.85,0.85,0.303,70.30%,,4,3.81,0.4
289,Paul Blackburn,NYY,3,4,0,47,3,63.2,7.67,2.8,1.24,0.295,69.30%,,4.44,4.27,0.4
290,Tyler Anderson,LAA,4,5,0,18,15,84,6.95,3.63,1.46,0.285,69.80%,,4.86,5.03,0.4
291,Brendon Little,TOR,2,2,0,53,0,52,9.66,4.79,0.73,0.294,75.00%,,3.56,3.76,0.4
292,Jordan Wicks,CHC,2,2,0,16,3,32,7.9,2.86,1.06,0.297,71.10%,,4.06,3.94,0.4
293,Pierson Ohl,COL,1,3,0,24,2,43,7.48,2.07,1.26,0.309,67.30%,,4.61,4.07,0.4
294,Martín Pérez,ATL,2,3,0,9,9,46.2,6.89,3.31,1.22,0.292,69.80%,,4.58,4.58,0.4
295,Luis Garcia,,3,3,1,38,3,50.1,8.34,3.22,1.18,0.294,72.00%,,4.14,4.22,0.4
296,Jovani Morán,BOS,3,2,0,49,0,52.1,9.43,3.89,0.88,0.3,72.20%,,3.87,3.71,0.4
297,Germán Márquez,SDP,5,7,0,23,19,101.2,6.59,3.22,1.51,0.301,67.20%,,5.24,5.02,0.4
298,Sawyer Gipson-Long,DET,2,2,0,25,3,40.1,8.19,2.44,1.22,0.287,69.60%,,4.14,4.04,0.4
299,Jake Irvin,WSN,5,7,0,23,17,100.2,6.73,2.98,1.49,0.284,68.10%,,4.88,4.9,0.4
300,Erik Miller,SFG,3,3,3,59,0,59,9.67,4.77,0.8,0.29,75.50%,,3.56,3.87,0.4
301,Yimi García,TOR,2,2,5,52,0,53.2,9.87,3.26,1.12,0.282,72.30%,,3.79,3.79,0.4
302,Justin Wilson,,2,2,0,42,0,40.2,9.67,3.29,1.04,0.299,73.40%,,3.77,3.7,0.4
303,Brad Keller,PHI,4,4,4,57,0,65.1,8.33,3.33,1,0.287,73.10%,,3.8,3.99,0.4
304,José Urquidy,PIT,4,5,0,25,14,87,6.87,2.98,1.37,0.29,67.20%,,4.87,4.68,0.3
305,Angel Zerpa,MIL,3,3,0,57,0,59.1,8.3,3,0.94,0.296,73.10%,,3.72,3.78,0.3
306,Matt Gage,SFG,2,2,0,51,0,53.1,7.74,3,0.93,0.299,71.50%,,3.95,3.88,0.3
307,Luke Weaver,NYM,4,4,5,60,0,67.1,9.67,2.84,1.29,0.287,72.60%,,3.92,3.9,0.3
308,Alek Manoah,LAA,4,6,0,18,18,99.2,7.64,4.04,1.44,0.283,70.20%,,4.82,5.1,0.3
309,Taylor Rogers,MIN,2,3,14,57,0,57.1,9.22,3.71,1.07,0.294,72.10%,,4.03,4.04,0.3
310,Caleb Ferguson,CIN,3,3,0,57,0,56,8.52,3.46,0.96,0.298,70.20%,,4.13,3.98,0.3
311,Eduard Bazardo,SEA,3,2,0,60,0,64,9.13,3.01,1.1,0.279,72.60%,,3.73,3.81,0.3
312,Erik Sabrowski,CLE,2,3,2,58,0,59.1,10.75,4.97,0.94,0.284,74.40%,,3.74,3.93,0.3
313,Blake Treinen,LAD,4,4,1,56,0,56.1,9.78,3.72,1.07,0.298,73.10%,,3.92,3.89,0.3
314,Danny Coulombe,,2,1,1,43,0,42.1,8.92,3.22,1.04,0.284,73.70%,,3.68,3.81,0.3
315,Tanner Gordon,COL,3,5,0,25,9,63.2,6.72,2.25,1.73,0.308,65.90%,,5.43,4.98,0.3
316,Mark Leiter Jr.,ATH,4,4,6,63,0,63.1,9.61,3.42,1.2,0.3,71.80%,,4.15,4.07,0.3
317,Tyler Kinley,ATL,4,4,2,59,0,59.2,9.52,3.66,1.15,0.289,70.70%,,4.16,4.02,0.3
318,Clarke Schmidt,NYY,2,1,0,12,3,27.1,8.86,3.05,1.14,0.279,71.90%,,3.88,3.99,0.3
319,Mitchell Parker,WSN,4,4,0,31,7,67.1,6.89,3.03,1.3,0.29,68.50%,,4.69,4.56,0.3
320,Hoby Milner,CHC,3,3,0,60,0,61.1,7.62,2.66,0.96,0.296,71.50%,,3.89,3.85,0.3
321,A.J. Puk,ARI,2,2,4,30,0,31.1,10.31,2.95,1.08,0.293,74.60%,,3.52,3.55,0.3
322,Kenley Jansen,DET,4,3,22,56,0,56.2,9.13,3.17,1.2,0.276,71.40%,,3.97,4,0.3
323,Logan Evans,SEA,4,4,0,11,11,58.1,6.69,3.24,1.21,0.281,68.60%,,4.55,4.62,0.3
324,Tony Santillan,CIN,3,3,5,65,0,66,9.38,3.96,1.2,0.289,72.60%,,4.15,4.29,0.3
325,Mason Englert,TBR,2,2,0,54,0,62,8.28,2.67,1.2,0.293,71.00%,,4.11,4.03,0.3
326,Thomas White,MIA,1,2,0,6,6,29.2,9.07,4.76,1.06,0.287,72.40%,,4.21,4.38,0.3
327,Christian Scott,NYM,1,1,0,20,3,31.1,8.61,2.51,1.22,0.283,70.40%,,4.01,3.95,0.3
328,Ryan Bergert,KCR,2,2,0,23,9,60,7.68,3.65,1.27,0.284,69.50%,,4.58,4.59,0.3
329,Eric Lauer,TOR,4,4,0,39,3,59,8.64,2.94,1.41,0.287,72.80%,,4.19,4.34,0.3
330,Jonathan Cannon,CHW,4,6,0,30,13,90.2,6.8,3.18,1.44,0.29,68.30%,,4.93,4.91,0.3
331,Riley O'Brien,STL,3,3,16,60,0,62.2,9.09,4.06,0.81,0.295,72.90%,,3.76,3.88,0.3
332,Yennier Cano,BAL,3,4,1,56,0,55,8.34,3.29,0.95,0.298,72.80%,,3.85,3.88,0.3
333,John Schreiber,KCR,3,3,1,63,0,61.1,8.27,3.25,1.06,0.292,71.00%,,4.08,4.05,0.3
334,Justin Martinez,ARI,1,2,2,23,0,23.2,10.98,5.03,0.57,0.294,73.80%,,3.42,3.39,0.3
335,Robert Stephenson,LAA,3,3,10,53,0,53.1,9.87,2.91,1.34,0.284,72.10%,,4,3.99,0.3
336,Juan Mejia,COL,3,3,3,61,0,64.1,9.17,4.07,1.11,0.307,69.50%,,4.55,4.28,0.3
337,Ben Joyce,LAA,2,2,9,40,0,42.1,9.86,3.89,0.93,0.286,72.80%,,3.7,3.76,0.3
338,Luis García,NYM,3,2,0,54,0,56,8.07,3.37,0.87,0.298,71.40%,,3.93,3.86,0.3
339,Jakob Junis,TEX,3,2,0,54,0,61.2,7.79,2.34,1.2,0.287,71.00%,,4.01,4.05,0.3
340,Brenan Hanifee,DET,2,3,0,51,0,55.2,6.68,2.52,0.87,0.299,71.00%,,3.92,3.87,0.3
341,Pierce Johnson,CIN,3,4,1,58,0,58.2,9.74,3.53,1.31,0.297,72.80%,,4.18,4.15,0.3
342,Justin Wrobleski,LAD,3,2,0,28,3,48.1,8.21,2.99,1.21,0.291,70.30%,,4.25,4.16,0.3
343,Dietrich Enns,BAL,3,3,0,48,0,59,8.32,2.95,1.2,0.304,72.10%,,4.19,4.12,0.3
344,Joey Wentz,ATL,3,4,0,33,5,58.1,8.68,3.74,1.2,0.307,70.20%,,4.58,4.27,0.3
345,Sam Moll,CIN,2,1,0,45,0,43,8.89,3.76,1.1,0.292,70.20%,,4.27,4.16,0.3
346,Gavin Stone,LAD,2,1,0,12,4,30,7.8,2.83,1.23,0.296,68.50%,,4.5,4.22,0.3
347,Spencer Turnbull,,2,3,0,8,7,39,6.92,3.78,1.22,0.296,68.50%,,4.87,4.78,0.3
348,Josiah Gray,WSN,5,8,0,20,20,111.2,7.76,3.77,1.6,0.288,65.90%,,5.37,5.11,0.3
349,Seranthony Domínguez,CHW,3,4,21,59,0,59.1,9.76,4.19,1.12,0.281,73.50%,,3.92,4.12,0.3
350,Erick Fedde,CHW,4,7,0,22,16,95.2,6.43,3.52,1.4,0.284,67.80%,,5,4.99,0.3
351,Anthony Bender,MIA,3,4,2,60,0,60.1,8.4,3.39,0.93,0.292,71.70%,,3.89,3.89,0.3
352,Mason Montgomery,PIT,2,3,2,57,0,59,9.65,3.95,1.02,0.301,72.80%,,3.98,3.9,0.3
353,Ryan Gusto,MIA,3,3,0,31,4,51.1,7.88,3.11,1.33,0.298,69.00%,,4.66,4.46,0.3
354,Ian Hamilton,ATL,2,2,0,47,0,49.1,9.25,3.94,0.93,0.298,72.60%,,3.91,3.88,0.3
355,Brock Stewart,LAD,2,2,0,33,0,33.1,10.39,3.56,1.17,0.292,72.80%,,3.91,3.88,0.3
356,Andrew Chafin,MIN,2,2,0,47,0,46.1,9.58,4.45,0.94,0.305,72.90%,,4.03,3.95,0.3
357,Keaton Winn,SFG,1,1,0,19,2,28.2,7.89,2.77,1.02,0.301,70.00%,,4.14,3.93,0.3
358,Yoendrys Gómez,TBR,3,2,0,35,4,58.1,8.86,3.69,1.25,0.282,70.70%,,4.3,4.38,0.3
359,Jordan Leasure,CHW,3,4,7,61,0,61.2,10.07,3.82,1.35,0.277,73.10%,,4.08,4.23,0.3
360,Coleman Crow,MIL,1,1,0,15,2,21.2,9.1,2.82,1.09,0.285,71.50%,,3.82,3.74,0.3
361,Carlos Estévez,KCR,4,4,32,62,0,63.2,8.12,3.13,1.2,0.281,70.70%,,4.16,4.24,0.3
362,Victor Vodnik,COL,4,4,16,59,0,63,8.62,4.39,0.95,0.312,71.50%,,4.37,4.16,0.3
363,Jordan Romano,LAA,3,4,3,55,0,55,9.47,3.4,1.33,0.291,69.90%,,4.4,4.24,0.3
364,Quinn Mathews,STL,2,3,0,8,8,40.2,7.94,5.35,1.01,0.286,72.40%,,4.41,4.75,0.3
365,Hunter Gaddis,CLE,3,3,5,62,0,65.2,8.73,2.76,1.24,0.279,73.40%,,3.81,4.06,0.3
366,Justin Lawrence,PIT,3,3,1,53,0,56.1,8.73,4.23,0.82,0.297,71.20%,,4.04,4.01,0.3
367,River Ryan,LAD,2,2,0,11,6,35.2,7.57,3.55,1.23,0.285,70.00%,,4.47,4.55,0.3
368,Keider Montero,DET,3,4,0,30,5,60.1,7.55,3.09,1.32,0.291,70.60%,,4.46,4.52,0.2
369,Josh White,MIA,2,2,0,36,0,39.2,9.36,3.79,0.97,0.295,71.50%,,3.99,3.85,0.2
370,Taijuan Walker,PHI,5,7,0,38,16,111.2,6.26,3.32,1.5,0.286,68.20%,,5.06,5.13,0.2
371,Cade Povich,BAL,1,2,0,13,3,25.1,8.95,3.23,1.24,0.294,70.70%,,4.26,4.1,0.2
372,Clayton Beeter,WSN,3,4,15,58,0,61.2,10.17,4.71,1.01,0.287,73.20%,,3.95,4.02,0.2
373,Josh Sborz,TEX,2,2,0,37,0,39,9.19,3.53,1.06,0.295,70.40%,,4.15,3.91,0.2
374,Jack Perkins,ATH,2,2,0,23,1,30.2,9.37,3.81,0.97,0.282,71.30%,,3.9,3.9,0.2
375,Ricky Tiedemann,TOR,1,1,0,14,3,25.2,9.68,4.42,1.07,0.293,71.50%,,4.22,4.2,0.2
376,Carson Whisenhunt,SFG,2,2,0,12,4,29,7.31,3.32,1.2,0.29,71.20%,,4.34,4.47,0.2
377,Ryan Fernandez,STL,3,3,0,49,0,51.1,9.09,4.16,0.97,0.297,71.20%,,4.17,4.01,0.2
378,Tyler Alexander,TEX,3,4,0,51,2,69.2,7.43,2.41,1.39,0.293,67.90%,,4.64,4.4,0.2
379,Cristian Mena,ARI,1,1,0,15,2,26,8.37,3.37,1.08,0.292,71.50%,,4.09,4.06,0.2
380,Brock Burke,CIN,4,2,1,59,0,60,8.19,2.96,1.22,0.294,71.10%,,4.22,4.18,0.2
381,Kevin Kelly,TBR,2,2,0,38,0,39.2,7.82,2.23,1.08,0.291,70.10%,,3.95,3.87,0.2
382,Kyle Hurt,LAD,1,1,0,15,3,31,9.03,3.94,1.19,0.289,72.80%,,4.14,4.27,0.2
383,Ryan Thompson,ARI,3,3,5,62,0,63.1,7.35,2.71,0.89,0.298,70.30%,,3.98,3.83,0.2
384,Evan Sisk,PIT,2,2,0,45,0,46,8.73,3.95,0.83,0.307,72.70%,,3.92,3.88,0.2
385,Blade Tidwell,SFG,2,2,0,19,3,36,7.81,3.61,1.22,0.292,70.20%,,4.5,4.51,0.2
386,Javier Assad,CHC,3,3,0,38,3,57.2,7.49,3.31,1.06,0.288,71.80%,,4.07,4.25,0.2
387,Drew Thorpe,CHW,2,3,0,9,8,44,6.84,3.3,1.42,0.277,68.50%,,4.77,4.86,0.2
388,Jason Foley,SFG,1,1,0,22,0,22,7.58,2.43,0.82,0.301,72.30%,,3.64,3.57,0.2
389,Kai-Wei Teng,HOU,2,2,0,22,3,35.2,9.01,3.94,1.05,0.294,68.00%,,4.5,4.28,0.2
390,Keegan Akin,BAL,4,3,2,61,0,64.1,9.09,3.32,1.23,0.289,73.00%,,4.01,4.09,0.2
391,Spencer Bivens,SFG,3,3,2,59,0,68,6.8,2.83,1.01,0.295,70.60%,,4.16,4.18,0.2
392,Greg Weissert,BOS,4,3,1,62,0,63.1,7.96,3.1,1.12,0.294,71.50%,,4.13,4.15,0.2
393,Gordon Graceffo,STL,3,3,0,51,0,61.2,7.3,2.88,0.99,0.3,68.50%,,4.34,4.01,0.2
394,Bryan Hudson,NYM,1,1,0,31,0,33.2,8.63,3.84,0.9,0.289,72.10%,,3.88,3.95,0.2
395,Huascar Brazobán,NYM,3,3,1,49,0,53,8.44,3.89,0.97,0.288,71.60%,,4.04,4.13,0.2
396,Kendry Rojas,MIN,2,2,0,25,1,31.2,8.38,3.58,0.99,0.304,71.00%,,4.2,4.02,0.2
397,Calvin Faucher,MIA,3,4,6,62,0,63.2,8.87,3.78,1,0.301,72.10%,,4.07,4.02,0.2
398,Ty Johnson,TBR,1,1,0,3,3,15.2,9.01,3.29,1.25,0.281,70.40%,,4.2,4.2,0.2
399,Colin Selby,BAL,2,2,0,42,0,44.2,9.1,3.7,0.98,0.295,71.80%,,3.98,3.9,0.2
400,Emerson Hancock,SEA,3,3,0,30,7,62.1,6.95,2.98,1.25,0.285,69.90%,,4.41,4.55,0.2
401,Jason Alexander,HOU,3,3,0,25,6,54,7,3.1,1.29,0.291,70.30%,,4.52,4.6,0.2
402,Jake Bird,NYY,2,2,0,50,0,53.2,9.06,3.71,0.98,0.294,71.10%,,4.05,3.99,0.2
403,DJ Herz,WSN,1,2,0,16,2,25.1,10.07,4.41,1.11,0.288,72.90%,,4.04,4.09,0.2
404,Jaden Hill,COL,3,3,0,50,0,52.1,8.71,3.52,1.13,0.305,69.50%,,4.47,4.23,0.2
405,Isaac Mattson,PIT,3,4,2,59,0,63,8.45,3.95,1.09,0.284,71.00%,,4.22,4.3,0.2
406,Kirby Yates,LAA,3,3,10,54,0,55,10.63,4.14,1.29,0.28,73.70%,,3.99,4.16,0.2
407,Grant Wolfram,BAL,2,2,0,33,0,35.2,8.37,3.88,0.97,0.301,70.20%,,4.32,4.11,0.2
408,Ryan Brasier,TEX,2,1,0,39,0,41,7.9,2.61,1.11,0.286,70.10%,,4.04,3.94,0.2
409,PJ Poulin,WSN,4,4,3,57,0,58,8.65,3.89,0.98,0.295,72.70%,,3.99,4.09,0.2
410,Félix Bautista,BAL,1,0,0,11,0,11.1,12.44,4.31,0.82,0.286,75.30%,,3.22,3.08,0.2
411,Ryan Yarbrough,NYY,3,2,0,42,3,63.2,7.27,2.65,1.3,0.279,70.10%,,4.27,4.47,0.2