#,Name,Team,G,PA,HR,R,RBI,SB,BB%,K%,ISO,BABIP,AVG,OBP,SLG,wOBA,wRC+,BsR,Off,Def,WAR
1,Aaron Judge,NYY,141,635,43,110,104,9,17.70%,24.50%,0.303,0.325,0.285,0.417,0.588,0.415,172,-1.7,51.9,-7.1,6.8
2,Bobby Witt Jr.,KCR,140,634,26,97,86,31,7.40%,16.70%,0.219,0.316,0.292,0.349,0.511,0.364,133,3.3,27.6,13,6.4
3,Cal Raleigh,SEA,138,615,38,88,90,8,12.40%,26.70%,0.257,0.254,0.23,0.331,0.487,0.345,129,-1.9,19.1,7.4,5.9
4,Gunnar Henderson,BAL,141,626,26,89,87,21,10.60%,20.20%,0.214,0.31,0.274,0.356,0.488,0.362,135,2.3,28.1,5.4,5.6
5,Julio Rodríguez,SEA,139,618,30,85,91,23,7.20%,21.70%,0.216,0.31,0.275,0.334,0.49,0.352,133,1.6,25.8,7.6,5.6
6,Juan Soto,NYM,140,626,35,101,94,20,18.90%,17.80%,0.26,0.285,0.274,0.413,0.534,0.403,165,-0.6,47.6,-14,5.6
7,Ronald Acuña Jr.,ATL,147,676,31,110,85,24,13.40%,20.00%,0.218,0.323,0.286,0.388,0.503,0.383,148,2.5,40.7,-11.7,5.3
8,Shohei Ohtani,LAD,142,658,43,118,98,22,13.90%,24.40%,0.3,0.308,0.275,0.38,0.576,0.397,158,1,46.1,-16.6,5.3
9,Fernando Tatis Jr.,SDP,134,618,30,97,78,24,10.90%,19.30%,0.228,0.3,0.275,0.36,0.503,0.369,142,2.2,32.9,-3.7,5.1
10,Francisco Lindor,NYM,139,644,26,94,73,23,9.00%,18.30%,0.193,0.283,0.259,0.337,0.452,0.342,123,0.8,18.3,8.1,4.9
11,Vladimir Guerrero Jr.,TOR,143,637,32,94,99,5,11.60%,13.60%,0.234,0.304,0.299,0.385,0.533,0.389,153,-1.4,38.5,-13.4,4.8
12,Elly De La Cruz,CIN,140,617,23,83,82,38,10.20%,25.00%,0.202,0.324,0.264,0.342,0.466,0.345,117,4.2,16.7,8,4.6
13,Yordan Alvarez,HOU,122,551,30,90,84,4,12.70%,17.00%,0.258,0.316,0.3,0.397,0.558,0.401,161,-1.6,38.3,-12.3,4.6
14,Corbin Carroll,ARI,137,611,27,91,86,33,10.80%,20.60%,0.238,0.292,0.261,0.349,0.499,0.362,132,5,28.6,-4.1,4.6
15,Ketel Marte,ARI,133,601,26,90,79,6,10.90%,16.30%,0.215,0.299,0.28,0.365,0.495,0.368,136,-0.7,25.3,-1.3,4.5
16,Mookie Betts,LAD,125,566,21,84,71,8,10.80%,11.80%,0.193,0.278,0.273,0.355,0.467,0.355,129,-0.6,18.9,4.5,4.3
17,José Ramírez,CLE,136,604,27,83,87,30,9.70%,12.00%,0.215,0.274,0.275,0.348,0.49,0.351,127,1.9,21.4,-0.1,4.3
18,William Contreras,MIL,132,586,20,74,74,6,11.80%,18.80%,0.175,0.306,0.27,0.359,0.445,0.349,125,-1.3,16.2,5.4,4.3
19,Junior Caminero,TBR,119,522,34,74,91,5,6.80%,18.80%,0.262,0.283,0.278,0.33,0.54,0.368,137,-0.5,22.5,1,4.2
20,Alejandro Kirk,TOR,107,446,14,54,56,1,10.30%,12.30%,0.159,0.288,0.276,0.354,0.435,0.344,122,-2.3,9.2,6.4,4.2
21,Jackson Merrill,SDP,134,586,23,76,77,7,6.70%,19.20%,0.197,0.301,0.269,0.322,0.466,0.338,121,0.9,15.2,5.6,4.1
22,Trea Turner,PHI,132,609,18,85,65,26,6.50%,18.10%,0.161,0.319,0.28,0.332,0.441,0.335,113,3.9,13.4,4.9,3.9
23,Geraldo Perdomo,ARI,126,562,12,77,55,19,12.10%,13.10%,0.142,0.295,0.27,0.365,0.412,0.343,119,0.9,13.9,5.8,3.9
24,Corey Seager,TEX,114,508,25,71,74,2,10.80%,18.20%,0.222,0.295,0.275,0.358,0.497,0.362,135,-1.7,19.5,1.3,3.9
25,Alex Bregman,,143,636,23,82,79,3,10.50%,13.80%,0.18,0.273,0.262,0.346,0.441,0.342,120,-1.7,13.2,1.8,3.7
26,Zach Neto,LAA,133,599,26,83,70,27,6.90%,23.90%,0.204,0.295,0.252,0.32,0.456,0.333,113,1.8,10.8,4.9,3.7
27,Masyn Winn,STL,145,621,16,71,68,12,7.20%,17.10%,0.143,0.295,0.261,0.319,0.404,0.316,104,1.1,4,11.6,3.7
28,Kyle Tucker,,125,560,24,83,74,18,13.60%,15.20%,0.215,0.278,0.268,0.371,0.483,0.366,136,1,25.1,-8.1,3.7
29,Bo Bichette,,131,587,17,75,70,6,6.40%,16.00%,0.162,0.326,0.293,0.341,0.455,0.344,121,-0.2,14.3,1,3.6
30,Maikel Garcia,KCR,138,620,13,81,61,26,8.50%,14.60%,0.139,0.307,0.275,0.338,0.414,0.329,108,2.1,7.9,5.5,3.6
31,Bryce Harper,PHI,135,598,27,83,87,9,12.50%,21.50%,0.222,0.312,0.273,0.368,0.495,0.368,136,-0.2,25.4,-10.7,3.5
32,Nico Hoerner,CHC,142,619,9,74,59,25,6.50%,9.60%,0.107,0.304,0.285,0.339,0.391,0.321,107,2.3,7.6,6.4,3.5
33,Pete Crow-Armstrong,CHC,121,500,21,62,68,27,5.50%,23.50%,0.2,0.292,0.252,0.301,0.452,0.322,108,2.4,7.1,10.7,3.5
34,Jeremy Peña,HOU,133,600,18,79,64,16,5.90%,17.60%,0.157,0.307,0.272,0.326,0.429,0.327,110,1.2,8.5,5,3.5
35,Adley Rutschman,BAL,126,539,17,67,64,1,11.40%,15.50%,0.166,0.276,0.255,0.342,0.421,0.333,115,-1.3,8.5,5.1,3.5
36,Gabriel Moreno,ARI,96,405,10,48,50,4,9.70%,17.00%,0.147,0.319,0.28,0.354,0.427,0.34,117,-0.2,8.2,9.1,3.4
37,Wyatt Langford,TEX,126,559,22,78,69,19,12.00%,22.60%,0.197,0.298,0.254,0.349,0.451,0.346,125,1.2,17.3,-3.5,3.4
38,Willy Adames,SFG,140,623,24,78,73,11,10.90%,24.60%,0.185,0.278,0.233,0.321,0.418,0.321,108,-0.2,5.9,6.3,3.4
39,Patrick Bailey,SFG,111,433,9,42,41,2,7.80%,26.00%,0.121,0.292,0.226,0.291,0.347,0.282,81,-0.9,-10.7,9.7,3.4
40,Manny Machado,SDP,135,595,26,75,85,9,8.10%,19.50%,0.197,0.295,0.268,0.329,0.465,0.34,122,-0.8,15,-2.2,3.3
41,Matt Chapman,SFG,138,593,22,71,76,9,11.20%,24.70%,0.189,0.286,0.238,0.33,0.427,0.33,114,-0.6,9.2,3.1,3.3
42,Jacob Wilson,ATH,113,472,11,56,55,5,5.90%,8.10%,0.144,0.307,0.301,0.348,0.445,0.344,119,-0.4,10,5.4,3.2
43,Matt Olson,ATL,147,654,31,94,91,1,11.90%,24.10%,0.222,0.299,0.256,0.349,0.478,0.355,129,-2.1,20.1,-10.5,3.2
44,Jordan Westburg,BAL,123,550,23,74,72,5,6.60%,21.50%,0.201,0.301,0.264,0.321,0.466,0.338,119,-0.3,11.9,0.5,3.2
45,Freddie Freeman,LAD,150,661,24,88,92,7,10.50%,18.80%,0.19,0.316,0.279,0.362,0.469,0.357,130,-1.4,22.3,-13.3,3.2
46,Carlos Correa,HOU,112,486,16,59,62,1,9.10%,19.60%,0.164,0.308,0.268,0.338,0.432,0.334,115,-0.8,7.9,6.3,3.2
47,Jazz Chisholm Jr.,NYY,131,552,27,73,76,27,9.50%,25.60%,0.207,0.282,0.242,0.318,0.448,0.33,113,2.2,10.8,0.7,3.1
48,Austin Wells,NYY,102,396,17,48,50,5,8.50%,24.30%,0.194,0.265,0.23,0.302,0.424,0.314,102,-0.3,0.8,7.5,3.1
49,Nick Kurtz,ATH,109,493,31,78,71,4,12.20%,28.40%,0.275,0.306,0.258,0.353,0.534,0.376,141,-0.3,23.2,-10,3.1
50,Marcus Semien,NYM,150,675,22,84,74,10,9.00%,16.70%,0.159,0.261,0.241,0.314,0.4,0.312,103,0.2,2.3,5.4,3.1
51,Michael Harris II,ATL,121,485,19,61,66,15,4.40%,19.00%,0.189,0.306,0.275,0.311,0.464,0.331,112,1.2,8,5.8,3.1
52,Jackson Chourio,MIL,132,598,24,84,74,22,6.30%,20.00%,0.201,0.302,0.269,0.319,0.47,0.338,118,2.2,14.6,-4.7,3.1
53,Will Smith,LAD,110,474,18,61,64,3,11.40%,19.50%,0.186,0.285,0.254,0.348,0.44,0.342,121,-1.6,9.9,9.9,3
54,Austin Riley,ATL,140,601,26,77,85,3,7.80%,26.10%,0.202,0.315,0.26,0.323,0.462,0.337,116,-0.8,10.7,-1.6,3
55,Xander Bogaerts,SDP,125,517,13,58,57,14,8.20%,17.30%,0.137,0.308,0.27,0.334,0.407,0.324,111,0.9,7.6,3.8,2.9
56,Brice Turang,MIL,139,613,14,77,62,26,9.40%,20.70%,0.135,0.313,0.261,0.332,0.395,0.319,105,2.2,6,2.1,2.9
57,Byron Buxton,MIN,107,489,26,72,64,14,7.70%,27.20%,0.241,0.294,0.248,0.315,0.489,0.342,119,1.9,12.9,-1.4,2.9
58,CJ Abrams,WSN,130,591,19,78,64,28,6.40%,18.80%,0.175,0.286,0.255,0.315,0.429,0.322,106,2.7,6.9,1.7,2.9
59,Gleyber Torres,DET,142,637,18,80,66,5,11.20%,17.00%,0.146,0.292,0.26,0.346,0.406,0.331,112,-1.8,7.4,-1.5,2.9
60,Riley Greene,DET,134,582,26,73,82,3,9.00%,27.00%,0.208,0.322,0.261,0.331,0.468,0.343,121,-0.7,13.6,-5.9,2.8
61,Brendan Donovan,STL,121,550,12,69,53,6,8.90%,13.30%,0.132,0.307,0.28,0.353,0.412,0.336,118,-0.9,10.5,-1.1,2.8
62,Yandy Díaz,TBR,135,612,21,85,73,3,9.60%,15.10%,0.173,0.319,0.294,0.367,0.468,0.361,132,-1.8,21.6,-15.1,2.8
63,Steven Kwan,CLE,128,594,11,77,51,17,9.50%,9.50%,0.121,0.292,0.278,0.35,0.399,0.33,113,1.3,10.3,-3.3,2.8
64,Kyle Schwarber,PHI,138,626,40,97,90,6,14.90%,27.90%,0.269,0.259,0.23,0.353,0.499,0.364,133,-2.2,22.6,-16.1,2.8
65,Rafael Devers,SFG,140,622,29,82,83,2,12.30%,24.90%,0.216,0.293,0.249,0.347,0.464,0.346,125,-1.6,17,-10.4,2.8
66,Cody Bellinger,,137,598,22,74,81,10,8.20%,15.00%,0.184,0.283,0.267,0.331,0.451,0.336,116,0.1,11.2,-4.6,2.7
67,Xavier Edwards,MIA,122,556,5,67,45,25,8.80%,13.90%,0.089,0.328,0.285,0.351,0.375,0.321,104,2.2,4.8,3.3,2.7
68,Pete Alonso,BAL,148,640,35,87,101,3,9.50%,23.00%,0.239,0.28,0.254,0.337,0.493,0.354,130,-2.4,20.2,-15.9,2.7
69,Ezequiel Tovar,COL,137,625,21,80,69,11,5.10%,23.60%,0.178,0.316,0.263,0.304,0.441,0.32,91,0.4,-6.2,11.5,2.7
70,Chase Meidroth,CHW,111,506,9,63,41,13,11.60%,14.70%,0.109,0.295,0.261,0.356,0.37,0.325,108,-0.2,4.7,3.9,2.7
71,Dansby Swanson,CHC,131,522,17,58,60,12,8.40%,25.00%,0.158,0.295,0.241,0.307,0.398,0.307,98,1.1,-0.3,8.7,2.6
72,Brandon Nimmo,TEX,142,642,23,85,71,10,9.70%,22.10%,0.172,0.301,0.256,0.336,0.428,0.333,116,-0.4,11.4,-7.9,2.6
73,Luke Keaschall,MIN,106,478,10,62,48,20,9.90%,16.70%,0.134,0.307,0.267,0.351,0.401,0.332,112,0.7,7.5,1.4,2.6
74,Jose Altuve,HOU,132,589,20,75,72,12,8.30%,17.00%,0.167,0.293,0.266,0.332,0.433,0.331,113,-0.5,8.7,-3.6,2.6
75,George Springer,TOR,134,609,26,87,73,13,10.10%,19.30%,0.195,0.288,0.261,0.342,0.456,0.345,123,0.7,17.2,-13,2.6
76,Ceddanne Rafaela,BOS,134,510,16,60,61,18,4.70%,20.70%,0.167,0.298,0.257,0.299,0.424,0.312,95,1.5,-1.5,8.6,2.5
77,Francisco Alvarez,NYM,101,401,20,49,56,1,9.40%,24.40%,0.217,0.274,0.241,0.32,0.459,0.336,119,-0.8,8.2,0.9,2.5
78,Shea Langeliers,ATH,111,492,27,68,72,5,7.50%,22.70%,0.234,0.273,0.25,0.311,0.484,0.339,115,-0.4,8.5,4.7,2.5
79,Yainer Diaz,HOU,119,479,19,57,65,2,4.40%,17.00%,0.18,0.295,0.273,0.308,0.453,0.326,110,-0.6,4.8,6.9,2.5
80,Roman Anthony,BOS,111,511,15,72,51,8,13.10%,25.10%,0.175,0.337,0.263,0.364,0.438,0.351,122,0.1,13.5,-7,2.5
81,James Wood,WSN,112,513,23,74,61,14,12.10%,28.50%,0.215,0.332,0.259,0.352,0.475,0.355,129,0.5,18,-11,2.5
82,Oneil Cruz,PIT,115,484,20,60,59,25,10.70%,30.20%,0.201,0.308,0.237,0.323,0.438,0.328,108,2.1,6.9,1.1,2.5
83,Josh Naylor,SEA,133,570,23,71,80,15,8.30%,15.70%,0.184,0.28,0.265,0.33,0.449,0.335,122,-0.3,14.2,-10,2.4
84,Eugenio Suárez,,141,587,30,71,82,3,8.40%,29.00%,0.22,0.275,0.23,0.306,0.45,0.326,108,-2.2,3.6,-0.2,2.4
85,Jung Hoo Lee,SFG,109,489,9,60,46,9,7.70%,11.30%,0.138,0.295,0.273,0.335,0.411,0.325,111,0.7,6.9,-0.1,2.4
86,Jackson Holliday,BAL,109,494,14,66,48,14,10.40%,21.10%,0.152,0.298,0.251,0.334,0.403,0.323,109,0.2,5.4,0.6,2.3
87,Bryson Stott,PHI,131,528,13,60,57,21,8.90%,16.30%,0.137,0.288,0.257,0.327,0.394,0.316,100,1.7,1.9,3.5,2.3
88,Ryan Jeffers,MIN,113,479,16,57,58,2,9.40%,21.00%,0.173,0.283,0.245,0.329,0.418,0.327,109,-1.2,3.8,3.4,2.3
89,Ben Rice,NYY,108,472,24,64,68,4,10.30%,21.30%,0.229,0.267,0.247,0.332,0.476,0.348,125,-0.8,13.3,-6.9,2.3
90,Andy Pages,LAD,126,499,21,62,68,9,5.90%,21.20%,0.194,0.286,0.255,0.308,0.45,0.326,109,0.1,5.6,0.3,2.3
91,Trent Grisham,NYY,107,484,21,66,53,5,12.80%,24.80%,0.195,0.256,0.22,0.327,0.415,0.325,110,-0.5,5.2,0.4,2.3
92,Iván Herrera,STL,107,478,16,64,56,7,10.60%,19.50%,0.168,0.315,0.273,0.361,0.441,0.351,128,0,15.8,-9.6,2.3
93,Matt Shaw,CHC,121,457,15,57,53,18,9.60%,19.70%,0.17,0.274,0.243,0.322,0.413,0.321,107,1.1,5,1.8,2.3
94,Drake Baldwin,ATL,107,457,17,57,63,1,9.40%,17.20%,0.179,0.293,0.268,0.34,0.447,0.342,119,-1,9.5,-1.3,2.3
95,Seiya Suzuki,CHC,133,582,24,74,80,7,10.50%,25.40%,0.2,0.308,0.254,0.335,0.454,0.34,121,-1.2,13,-10.5,2.2
96,Royce Lewis,MIN,116,469,20,56,63,9,7.70%,21.50%,0.196,0.281,0.252,0.311,0.448,0.327,109,-0.2,4.7,0.6,2.2
97,Colson Montgomery,CHW,116,508,23,58,66,3,8.70%,29.10%,0.197,0.271,0.221,0.299,0.418,0.311,98,-0.6,-1.5,5.3,2.2
98,Andrés Giménez,TOR,132,520,12,60,55,18,5.80%,17.10%,0.131,0.287,0.253,0.311,0.384,0.304,95,1.2,-2,5.3,2.2
99,Brent Rooker,ATH,139,608,30,82,91,5,9.60%,25.50%,0.228,0.303,0.258,0.335,0.486,0.351,123,-1,15.7,-15.4,2.2
100,Dillon Dingler,DET,84,329,10,35,38,1,6.80%,24.20%,0.159,0.299,0.245,0.305,0.404,0.308,96,-0.4,-1.8,8.2,2.2
101,Otto Lopez,MIA,118,483,10,50,51,14,7.20%,15.10%,0.126,0.302,0.27,0.326,0.396,0.316,100,0.6,0.9,4.2,2.2
102,Caleb Durbin,MIL,118,468,10,52,50,19,7.50%,11.80%,0.138,0.274,0.258,0.331,0.395,0.32,106,1,4.1,1.4,2.2
103,Jakob Marsee,MIA,118,541,12,70,46,33,11.70%,22.50%,0.14,0.286,0.232,0.33,0.372,0.313,98,2.7,1.7,1.3,2.1
104,Alec Burleson,STL,124,541,20,66,73,6,7.10%,14.10%,0.177,0.292,0.278,0.333,0.455,0.34,121,-1.3,12,-9.1,2.1
105,Bo Naylor,CLE,104,406,16,46,48,4,10.70%,24.40%,0.184,0.257,0.22,0.307,0.405,0.31,100,-0.4,-0.6,6.9,2.1
106,Alec Bohm,PHI,124,532,14,61,67,3,6.90%,15.60%,0.15,0.304,0.275,0.33,0.425,0.327,108,-1,4.2,-1.2,2.1
107,Tyler Soderstrom,ATH,106,463,22,60,67,5,8.70%,22.30%,0.216,0.292,0.259,0.329,0.475,0.345,119,-0.6,10,-5.3,2.1
108,Taylor Ward,BAL,139,590,24,73,75,5,10.30%,24.10%,0.193,0.287,0.244,0.328,0.437,0.332,115,-1.5,8.8,-8.6,2.1
109,Anthony Volpe,NYY,106,435,14,51,49,16,7.90%,23.40%,0.169,0.278,0.234,0.299,0.403,0.305,96,1.5,-0.8,6.2,2.1
110,Ian Happ,CHC,142,630,21,78,72,8,12.40%,23.90%,0.175,0.292,0.241,0.339,0.415,0.33,114,-0.8,9.4,-10,2.1
111,Ozzie Albies,ATL,133,546,17,64,66,10,7.60%,15.00%,0.162,0.278,0.258,0.319,0.42,0.321,105,0.2,3.3,-1.3,2.1
112,J.P. Crawford,SEA,123,506,10,55,47,5,11.90%,19.60%,0.119,0.288,0.241,0.337,0.36,0.311,105,-0.7,2.6,0.1,2.1
113,Michael Busch,CHC,113,506,23,69,62,3,10.20%,24.70%,0.216,0.292,0.248,0.332,0.464,0.343,122,-1.3,12,-8.9,2
114,Chase DeLauter,CLE,117,490,14,54,57,3,9.50%,18.80%,0.155,0.287,0.251,0.326,0.406,0.32,106,-0.7,3,0,2
115,Freddy Fermin,SDP,101,395,10,41,42,2,7.00%,19.60%,0.129,0.29,0.249,0.306,0.378,0.299,94,-0.4,-3,9.3,2
116,Nolan Schanuel,LAA,121,546,16,71,57,6,11.80%,13.70%,0.15,0.29,0.269,0.364,0.42,0.344,120,-1.6,11.4,-10.7,2
117,Joey Ortiz,MIL,126,480,10,53,50,12,7.80%,17.00%,0.133,0.284,0.249,0.313,0.382,0.305,95,0.8,-2,5.5,2
118,Jarren Duran,BOS,127,579,15,78,61,20,8.10%,23.50%,0.178,0.319,0.258,0.325,0.436,0.329,107,3.2,8,-8.5,2
119,Colt Keith,DET,108,484,15,62,52,4,9.40%,19.90%,0.168,0.303,0.262,0.335,0.43,0.332,113,0.4,7.9,-5.1,2
120,Isaac Paredes,HOU,96,414,18,54,55,1,11.50%,16.80%,0.203,0.258,0.247,0.348,0.45,0.348,125,-0.9,11.1,-6,2
121,Addison Barger,TOR,107,434,17,52,56,3,8.70%,23.70%,0.191,0.295,0.249,0.319,0.441,0.327,111,-0.4,5,-0.7,2
122,TJ Friedl,CIN,111,510,14,66,48,10,10.20%,17.10%,0.146,0.28,0.25,0.34,0.396,0.326,104,0.3,2.6,-0.3,2
123,Ha-Seong Kim,ATL,123,476,11,57,49,18,10.90%,18.30%,0.132,0.283,0.245,0.332,0.377,0.313,100,1,0.8,2.4,2
124,Vinnie Pasquantino,KCR,128,563,24,72,81,1,8.80%,15.00%,0.207,0.274,0.266,0.335,0.473,0.346,120,-2,11.1,-11.6,1.9
125,Munetaka Murakami,CHW,138,548,30,68,75,9,12.60%,28.70%,0.227,0.275,0.231,0.333,0.458,0.34,118,-0.6,11.2,-11.4,1.9
126,Miguel Vargas,CHW,114,489,15,57,57,6,11.10%,19.40%,0.167,0.27,0.238,0.33,0.405,0.323,107,-0.5,3.4,-1.9,1.9
127,Randy Arozarena,SEA,140,632,21,82,67,22,10.10%,26.50%,0.17,0.294,0.233,0.331,0.403,0.323,114,-0.3,9.8,-13.4,1.9
128,Nolan Arenado,STL,118,503,16,55,64,2,6.90%,14.60%,0.159,0.267,0.252,0.308,0.411,0.31,100,-0.8,-0.6,2,1.9
129,Kyle Teel,CHW,92,410,11,49,41,5,11.10%,24.90%,0.141,0.315,0.248,0.337,0.389,0.321,106,-0.6,2.2,1.1,1.8
130,Max Muncy,LAD,86,358,16,47,47,2,14.80%,24.90%,0.212,0.256,0.222,0.346,0.434,0.34,119,-1.3,6.8,-1.1,1.8
131,Lars Nootbaar,STL,112,472,14,56,51,6,12.30%,20.10%,0.161,0.289,0.249,0.345,0.41,0.331,115,0,8.2,-6.3,1.8
132,Carlos Narváez,BOS,89,361,11,39,39,3,10.00%,26.00%,0.155,0.291,0.232,0.315,0.387,0.309,93,-0.7,-3.7,7.5,1.8
133,Jeff McNeil,ATH,119,491,11,56,55,4,8.10%,12.70%,0.143,0.284,0.264,0.335,0.407,0.323,104,-1.7,0.8,-0.2,1.8
134,Luis García Jr.,WSN,112,473,15,54,59,13,5.50%,15.40%,0.165,0.295,0.273,0.315,0.438,0.324,108,-0.1,4.2,-2.6,1.8
135,Jorge Polanco,NYM,110,471,20,58,63,5,9.80%,20.60%,0.19,0.277,0.249,0.327,0.438,0.332,116,-0.8,8.2,-6.6,1.8
136,Ernie Clement,TOR,118,467,9,51,52,7,4.60%,9.90%,0.13,0.289,0.276,0.313,0.406,0.311,100,0.2,0.1,1,1.8
137,Brandon Lowe,PIT,112,503,22,64,64,4,8.30%,25.50%,0.2,0.287,0.243,0.311,0.442,0.325,106,-0.8,3,-2.6,1.8
138,Lawrence Butler,ATH,115,480,19,60,58,16,8.80%,25.30%,0.189,0.295,0.245,0.313,0.434,0.323,105,1.4,4,-3.4,1.8
139,Wilyer Abreu,BOS,98,421,18,53,57,7,11.10%,24.50%,0.203,0.296,0.249,0.335,0.453,0.339,114,-0.3,6.6,-4,1.7
140,Evan Carter,TEX,90,368,10,42,40,14,10.50%,21.80%,0.162,0.291,0.244,0.333,0.406,0.324,109,0.7,4.5,-0.2,1.7
141,Brayan Rocchio,CLE,106,402,8,44,40,10,8.50%,18.50%,0.134,0.281,0.242,0.316,0.377,0.305,96,-0.1,-2.1,5,1.7
142,Brett Baty,NYM,95,385,15,44,47,4,8.50%,24.40%,0.173,0.297,0.248,0.316,0.421,0.32,108,-0.4,3.3,0.6,1.7
143,Jonathan Aranda,TBR,109,478,18,58,62,2,10.60%,25.60%,0.178,0.329,0.263,0.351,0.442,0.344,121,-2.1,9.6,-9.3,1.7
144,Matt Wallner,MIN,105,449,21,57,61,5,10.70%,30.70%,0.22,0.296,0.23,0.33,0.45,0.338,117,-0.8,8.1,-7.1,1.7
145,Sal Frelick,MIL,111,464,8,51,46,13,8.30%,14.40%,0.119,0.304,0.271,0.337,0.389,0.32,106,0.8,3.9,-2.9,1.7
146,Jo Adell,LAA,116,484,27,61,73,7,7.00%,26.90%,0.235,0.27,0.238,0.3,0.472,0.33,111,-0.4,5.7,-6,1.7
147,Colton Cowser,BAL,112,445,17,53,54,11,9.70%,30.80%,0.182,0.303,0.23,0.313,0.412,0.316,103,0.4,2.2,-1.2,1.7
148,Luis Robert Jr.,CHW,118,495,19,57,59,27,7.20%,28.00%,0.175,0.297,0.238,0.299,0.413,0.307,96,0.8,-1.7,0.9,1.7
149,Daulton Varsho,TOR,116,498,22,60,68,6,8.00%,25.60%,0.205,0.263,0.227,0.294,0.432,0.312,100,-0.1,0.1,-1.2,1.6
150,Hunter Goodman,COL,108,469,24,59,70,2,5.90%,25.40%,0.233,0.294,0.255,0.304,0.487,0.337,103,-0.6,0.9,-0.9,1.6
151,J.T. Realmuto,,102,426,12,46,49,5,6.50%,24.10%,0.15,0.303,0.247,0.305,0.397,0.305,95,-0.5,-3.3,10.3,1.6
152,Jurickson Profar,ATL,135,602,18,76,70,9,11.30%,16.50%,0.158,0.281,0.254,0.349,0.413,0.335,114,-0.8,9.4,-13.6,1.6
153,Kazuma Okamoto,,107,434,18,53,55,2,8.80%,16.90%,0.19,0.266,0.251,0.324,0.441,0.329,110,-0.8,4.6,-3.5,1.6
154,Carson Kelly,CHC,80,325,11,35,37,1,9.20%,20.50%,0.159,0.268,0.236,0.313,0.395,0.311,100,-1.1,-1.1,7.8,1.6
155,Jake Meyers,HOU,102,394,9,45,41,11,8.00%,20.90%,0.132,0.304,0.253,0.32,0.385,0.31,99,0.6,0,2,1.6
156,Brooks Lee,MIN,110,434,13,48,51,3,6.70%,16.60%,0.154,0.276,0.252,0.306,0.406,0.309,97,-1,-2.8,3.3,1.6
157,Mark Vientos,NYM,125,525,25,65,74,1,7.50%,25.80%,0.209,0.293,0.249,0.311,0.458,0.33,115,-1.4,8,-10.2,1.6
158,Kyle Stowers,MIA,114,494,21,59,64,4,9.60%,28.50%,0.201,0.303,0.241,0.321,0.441,0.329,109,-0.3,5.2,-6.5,1.6
159,Matt McLain,CIN,112,439,13,52,47,13,9.70%,27.40%,0.156,0.303,0.236,0.317,0.392,0.312,94,0.7,-2.2,2.8,1.5
160,Josh Jung,TEX,106,429,15,47,53,4,5.50%,25.20%,0.17,0.306,0.252,0.298,0.422,0.311,100,-1.2,-1.1,1.4,1.5
161,Jake Cronenworth,SDP,133,540,13,57,56,4,10.50%,19.90%,0.14,0.277,0.236,0.328,0.376,0.312,103,-0.6,1.6,-4.5,1.5
162,Daylen Lile,WSN,106,458,11,51,54,12,6.70%,17.40%,0.159,0.31,0.271,0.326,0.429,0.327,109,0.7,5.8,-6.1,1.5
163,Jasson Domínguez,NYY,107,437,14,52,50,19,9.90%,24.60%,0.16,0.313,0.253,0.331,0.413,0.325,109,1,5.9,-6,1.5
164,Spencer Horwitz,PIT,100,433,11,51,49,2,12.00%,18.30%,0.151,0.308,0.264,0.359,0.415,0.34,117,-1.1,7.4,-7.4,1.5
165,Josh Smith,TEX,102,422,9,48,41,7,9.60%,18.80%,0.129,0.287,0.245,0.33,0.374,0.312,101,-0.2,0.1,-0.2,1.5
166,Teoscar Hernández,LAD,134,560,26,69,79,6,6.60%,26.40%,0.205,0.305,0.255,0.309,0.46,0.33,112,-1.2,6.8,-11,1.5
167,Willson Contreras,BOS,108,474,19,60,63,4,9.60%,25.40%,0.197,0.301,0.248,0.338,0.446,0.341,115,-1.2,7.1,-9.1,1.5
168,Salvador Perez,KCR,135,580,25,69,83,0,5.00%,20.10%,0.191,0.279,0.254,0.302,0.445,0.318,101,-3.4,-2.8,2.1,1.4
169,Luis Arraez,,128,579,7,71,54,9,5.20%,4.60%,0.099,0.31,0.306,0.345,0.404,0.327,109,-0.1,6.2,-11.8,1.4
170,Ryan McMahon,NYY,113,464,16,50,52,3,11.30%,32.00%,0.163,0.287,0.212,0.304,0.375,0.299,92,-0.4,-5,3,1.4
171,Tommy Edman,LAD,111,445,13,49,52,8,6.60%,17.60%,0.151,0.28,0.25,0.307,0.401,0.308,97,0.5,-1,0.1,1.4
172,Kyle Manzardo,CLE,104,445,21,55,62,2,10.30%,23.60%,0.215,0.267,0.236,0.322,0.451,0.333,115,-0.6,7.4,-8.9,1.4
173,Marcelo Mayer,BOS,103,411,12,44,48,5,7.30%,22.70%,0.164,0.302,0.251,0.309,0.415,0.313,96,-0.1,-1.9,1.6,1.4
174,Jared Triolo,PIT,116,468,9,48,44,12,10.80%,23.10%,0.119,0.305,0.241,0.328,0.36,0.307,94,0.1,-3.4,1.7,1.4
175,Konnor Griffin,PIT,77,311,8,35,33,13,6.70%,23.80%,0.135,0.324,0.259,0.319,0.394,0.312,98,0.5,-0.4,3.8,1.4
176,Carter Jensen,KCR,69,277,9,33,32,3,10.10%,24.60%,0.17,0.305,0.247,0.326,0.416,0.323,104,-0.2,1.2,2.7,1.4
177,Heliot Ramos,SFG,124,538,19,64,64,6,7.80%,24.00%,0.172,0.309,0.256,0.323,0.428,0.326,111,-0.8,6.2,-10.8,1.4
178,Trevor Story,BOS,108,454,16,52,56,16,6.00%,26.70%,0.167,0.308,0.247,0.298,0.413,0.307,92,1.1,-3.2,0.8,1.4
179,Dylan Crews,WSN,121,515,17,59,63,21,7.20%,21.40%,0.168,0.281,0.243,0.307,0.411,0.312,99,0.9,0.6,-4.5,1.4
180,Jordan Lawlar,ARI,91,354,8,40,38,11,8.80%,25.50%,0.145,0.312,0.243,0.317,0.387,0.308,96,0.5,-1.3,2.7,1.3
181,Sean Murphy,ATL,78,315,12,36,38,1,10.00%,27.00%,0.182,0.267,0.219,0.31,0.401,0.311,98,-0.5,-1.1,2.6,1.3
182,Christian Yelich,MIL,108,471,16,57,60,12,11.10%,23.90%,0.166,0.315,0.258,0.344,0.424,0.334,115,1.2,9.4,-12,1.3
183,Bryan Reynolds,PIT,136,607,20,71,73,5,8.60%,24.40%,0.168,0.312,0.254,0.325,0.422,0.325,106,-0.6,3.8,-10.9,1.3
184,Brandon Marsh,PHI,100,410,11,47,46,9,9.90%,28.30%,0.153,0.337,0.252,0.329,0.405,0.321,104,0.4,2.1,-2.9,1.3
185,Nick Gonzales,PIT,90,382,7,40,42,3,6.50%,20.10%,0.137,0.315,0.263,0.318,0.4,0.313,98,-0.3,-1.2,1.1,1.3
186,Jake Burger,TEX,116,489,24,59,69,2,5.70%,24.80%,0.208,0.282,0.246,0.298,0.455,0.323,108,-0.7,4,-8.3,1.3
187,Jesús Sánchez,HOU,93,386,15,47,49,9,8.60%,24.10%,0.187,0.299,0.25,0.319,0.438,0.327,110,0,4.6,-5.3,1.3
188,Parker Meadows,DET,111,431,11,49,43,12,9.50%,25.10%,0.151,0.287,0.228,0.305,0.379,0.3,91,1,-3.8,1.3,1.3
189,Jonathan India,KCR,117,500,11,57,47,6,10.30%,19.00%,0.135,0.292,0.248,0.339,0.383,0.32,102,-0.1,1.3,-6.1,1.3
190,Mike Trout,LAA,95,422,20,53,55,3,13.20%,30.70%,0.212,0.299,0.232,0.341,0.444,0.337,116,-1,6.9,-9.1,1.3
191,Davis Schneider,TOR,85,353,12,43,39,4,12.80%,28.30%,0.176,0.281,0.22,0.326,0.396,0.319,105,-0.4,1.6,-1.5,1.3
192,Brenton Doyle,COL,117,496,16,56,58,17,6.40%,26.60%,0.163,0.306,0.245,0.296,0.408,0.305,81,1.2,-10.1,5.8,1.3
193,Cole Young,SEA,79,300,5,33,29,5,10.30%,17.30%,0.123,0.28,0.242,0.328,0.365,0.308,103,-0.1,1.1,0.9,1.3
194,Pedro Pagés,STL,69,268,8,27,29,1,7.00%,25.40%,0.142,0.285,0.23,0.29,0.373,0.289,86,-0.7,-5.2,5.4,1.2
195,Ke'Bryan Hayes,CIN,115,459,9,47,46,9,6.90%,20.10%,0.119,0.299,0.251,0.306,0.37,0.296,84,0.2,-8.7,5.7,1.2
196,Jac Caglianone,KCR,100,418,17,51,56,2,7.60%,21.00%,0.195,0.286,0.255,0.319,0.45,0.331,110,-0.4,4.3,-6.6,1.2
197,Kerry Carpenter,DET,95,419,20,53,60,2,6.60%,23.80%,0.219,0.289,0.254,0.311,0.473,0.334,115,-0.7,6.6,-8.9,1.2
198,Romy Gonzalez,BOS,82,326,10,38,40,8,5.60%,24.40%,0.167,0.336,0.272,0.317,0.439,0.325,104,-0.2,1.5,-0.6,1.2
199,Luis Torrens,NYM,52,206,6,22,23,1,6.70%,22.40%,0.148,0.284,0.239,0.296,0.387,0.298,93,-0.3,-1.9,6,1.2
200,Nathan Lukes,TOR,82,359,7,44,37,3,8.40%,15.60%,0.134,0.308,0.273,0.338,0.407,0.325,109,-0.4,3.4,-3.8,1.2
201,Cedric Mullins,TBR,100,408,13,45,45,17,8.90%,22.70%,0.16,0.273,0.232,0.305,0.392,0.305,94,0.6,-2.4,0.3,1.2
202,Harrison Bader,,108,432,12,48,47,12,6.40%,24.10%,0.145,0.301,0.246,0.304,0.391,0.303,93,0.2,-3.4,0.7,1.2
203,Spencer Torkelson,DET,137,577,24,68,73,2,11.00%,26.20%,0.197,0.274,0.229,0.32,0.425,0.323,107,-0.6,3.8,-12.1,1.2
204,Connor Norby,MIA,114,444,13,49,49,9,7.40%,27.20%,0.155,0.308,0.241,0.303,0.396,0.305,93,-0.3,-4,0.6,1.2
205,Ramón Laureano,SDP,104,441,17,51,57,7,7.10%,27.00%,0.183,0.302,0.243,0.307,0.426,0.318,107,-0.8,2.8,-6.1,1.2
206,Christian Walker,HOU,127,531,24,63,70,3,8.50%,26.20%,0.2,0.269,0.23,0.305,0.43,0.317,104,-1.3,1.1,-8,1.2
207,Jacob Young,WSN,84,325,3,33,28,17,7.00%,18.60%,0.09,0.305,0.253,0.313,0.343,0.292,85,1.6,-4.1,4.6,1.2
208,Kevin McGonigle,DET,50,202,5,24,22,4,10.80%,15.00%,0.155,0.281,0.255,0.34,0.41,0.329,111,-0.1,2.5,1.7,1.1
209,Josh Bell,MIN,111,485,18,58,62,2,10.40%,19.00%,0.178,0.28,0.252,0.335,0.43,0.333,113,-1.8,5.7,-11.3,1.1
210,Vaughn Grissom,LAA,88,352,7,35,35,5,8.00%,20.00%,0.124,0.297,0.25,0.317,0.373,0.304,93,0,-2.9,1.7,1.1
211,Nasim Nuñez,WSN,94,359,6,39,30,28,10.10%,22.90%,0.096,0.294,0.232,0.314,0.328,0.288,83,2.2,-5,3.9,1.1
212,Sal Stewart,CIN,89,375,14,46,49,6,8.50%,19.10%,0.181,0.307,0.272,0.338,0.453,0.343,115,-0.2,6.6,-8.3,1.1
213,Dylan Beavers,BAL,79,315,9,36,35,8,12.20%,23.10%,0.156,0.296,0.243,0.339,0.399,0.325,110,0,3.8,-3.8,1.1
214,Spencer Steer,CIN,133,569,20,67,71,9,10.10%,21.50%,0.18,0.275,0.24,0.324,0.419,0.325,103,-0.6,1.5,-9.7,1.1
215,Willi Castro,,121,508,11,55,50,13,8.00%,24.00%,0.134,0.293,0.234,0.311,0.369,0.3,91,0.5,-4.9,-1.5,1.1
216,Victor Scott II,STL,110,416,7,44,37,26,8.00%,21.90%,0.101,0.281,0.227,0.298,0.328,0.28,79,2.6,-7.6,4.5,1.1
217,Rafael Marchán,PHI,76,297,6,31,30,2,8.70%,17.20%,0.126,0.268,0.236,0.31,0.362,0.298,88,-0.6,-4.9,6.8,1.1
218,Ryan O'Hearn,,102,432,13,50,53,3,9.00%,19.00%,0.158,0.305,0.266,0.338,0.424,0.331,112,-1.1,4.9,-8.9,1.1
219,Agustín Ramírez,MIA,103,450,18,54,60,11,7.40%,19.20%,0.191,0.274,0.25,0.312,0.441,0.324,106,-0.3,3.1,-8.1,1.1
220,Jose Trevino,CIN,51,199,6,21,22,1,6.00%,15.40%,0.141,0.271,0.25,0.299,0.391,0.301,87,-0.4,-3.5,3.6,1.1
221,Marcell Ozuna,,111,477,21,59,64,1,12.10%,25.00%,0.198,0.284,0.241,0.336,0.44,0.337,116,-1.6,7.4,-13,1.1
222,Joc Pederson,TEX,85,368,16,46,50,3,11.20%,23.10%,0.202,0.273,0.24,0.338,0.441,0.339,119,-0.8,7.6,-9.9,1.1
223,Danny Jansen,TEX,80,307,12,36,36,1,10.60%,22.90%,0.18,0.251,0.22,0.312,0.4,0.313,101,-0.8,-0.4,4.6,1.1
224,Nick Fortes,TBR,67,256,7,27,27,2,5.80%,17.50%,0.137,0.267,0.24,0.294,0.376,0.294,86,-0.1,-4.3,2.8,1
225,Luis Rengifo,,87,361,9,40,38,10,6.50%,17.80%,0.132,0.292,0.256,0.31,0.388,0.305,94,0.5,-2,-0.1,1
226,Samuel Basallo,BAL,86,325,14,41,42,3,8.30%,24.30%,0.196,0.278,0.24,0.308,0.436,0.321,107,-0.2,2.5,-2.7,1
227,Noelvi Marte,CIN,105,459,16,58,54,13,6.60%,21.90%,0.172,0.299,0.256,0.311,0.428,0.319,100,0.4,0.1,-5.3,1
228,Jake Rogers,DET,49,190,6,20,21,1,8.10%,28.70%,0.16,0.269,0.212,0.281,0.371,0.285,81,-0.2,-4.5,4.3,1
229,Victor Caratini,,65,265,8,29,30,1,7.50%,18.10%,0.146,0.286,0.255,0.323,0.401,0.317,102,-0.9,-0.2,1.3,1
230,Justin Crawford,PHI,80,299,5,34,29,15,7.60%,20.80%,0.109,0.328,0.266,0.325,0.376,0.308,95,1,-0.7,0.8,1
231,Kyle Isbel,KCR,101,382,7,42,39,8,6.40%,19.70%,0.132,0.295,0.249,0.302,0.381,0.298,87,0.7,-5.1,2,1
232,Anthony Santander,TOR,136,567,26,68,75,2,9.50%,22.70%,0.204,0.255,0.231,0.309,0.435,0.321,106,-1.5,2.7,-12.8,1
233,Kyle Karros,COL,89,357,7,37,37,3,8.80%,22.50%,0.133,0.329,0.264,0.335,0.397,0.321,92,-0.5,-4,1.6,1
234,Carson Benge,NYM,91,353,8,39,37,6,9.40%,22.10%,0.138,0.287,0.237,0.316,0.375,0.304,97,-0.2,-1.4,-1,0.9
235,Christian Moore,LAA,91,355,10,37,37,5,9.00%,29.80%,0.148,0.308,0.23,0.304,0.378,0.299,89,-0.2,-4.8,1.6,0.9
236,Carson Williams,TBR,94,367,13,40,41,11,8.30%,33.90%,0.169,0.281,0.206,0.278,0.375,0.286,80,0.1,-8.4,4.7,0.9
237,Wenceel Pérez,DET,103,428,11,46,46,9,8.20%,22.10%,0.156,0.288,0.241,0.307,0.396,0.307,96,0.6,-1.5,-4.4,0.9
238,Amed Rosario,NYY,59,248,5,27,27,5,4.40%,18.20%,0.123,0.318,0.273,0.31,0.396,0.307,97,0.7,-0.1,0.3,0.9
239,Reese McGuire,,53,206,5,21,21,2,6.20%,23.00%,0.13,0.283,0.234,0.286,0.363,0.284,80,-0.4,-5.3,4.7,0.9
240,Yoán Moncada,,74,313,9,35,35,1,8.80%,27.30%,0.155,0.312,0.241,0.315,0.396,0.311,98,-0.7,-1.4,-0.5,0.9
241,Tyler O'Neill,BAL,82,348,15,43,46,3,10.30%,28.70%,0.197,0.289,0.233,0.318,0.43,0.324,109,-0.2,3.5,-6.7,0.9
242,Miguel Andujar,,74,314,8,35,37,2,5.80%,15.00%,0.142,0.307,0.279,0.324,0.422,0.323,107,-0.6,1.8,-3.8,0.9
243,Adolis García,PHI,120,498,22,58,66,10,7.00%,26.10%,0.196,0.28,0.237,0.296,0.433,0.314,99,0.1,-0.5,-7.5,0.9
244,Josh Lowe,TBR,92,389,13,46,47,16,8.10%,26.30%,0.169,0.312,0.248,0.312,0.417,0.315,101,1,1.3,-6.2,0.9
245,Casey Schmitt,SFG,80,320,10,33,36,2,6.90%,22.80%,0.153,0.286,0.241,0.3,0.394,0.302,95,-0.5,-2.5,0.3,0.9
246,Gabriel Arias,CLE,91,372,10,37,38,8,6.40%,30.80%,0.144,0.311,0.229,0.284,0.373,0.286,83,0.3,-7.2,2.9,0.9
247,JJ Bleday,,65,277,10,33,33,2,11.30%,22.20%,0.182,0.267,0.231,0.32,0.413,0.319,104,-0.5,0.8,-1.7,0.9
248,Tyler Stephenson,CIN,97,392,12,42,44,1,9.60%,27.70%,0.157,0.303,0.235,0.315,0.392,0.309,93,-0.8,-4.1,2.6,0.9
249,Ben Williamson,SEA,69,269,4,27,25,5,7.10%,21.50%,0.104,0.315,0.253,0.312,0.357,0.295,94,-0.2,-2,1.2,0.9
250,Isaac Collins,KCR,80,318,6,37,32,10,12.30%,21.40%,0.139,0.301,0.244,0.345,0.383,0.323,104,0.2,1.8,-4.3,0.9
251,Luis Matos,SFG,78,299,10,35,35,6,6.20%,13.70%,0.168,0.262,0.252,0.304,0.42,0.313,103,0.1,1,-2.6,0.9
252,Zach McKinstry,DET,87,351,7,36,35,11,8.80%,21.60%,0.138,0.285,0.234,0.308,0.372,0.299,90,0.9,-3.1,-0.6,0.9
253,Joey Bart,PIT,75,292,7,31,30,2,9.60%,27.70%,0.135,0.316,0.239,0.323,0.374,0.309,95,-0.8,-2.4,2.1,0.9
254,Brady House,WSN,107,426,13,41,47,5,4.60%,26.60%,0.146,0.307,0.244,0.283,0.39,0.291,85,-0.2,-7.8,1.9,0.8
255,Henry Davis,PIT,59,232,7,24,24,3,8.40%,26.20%,0.146,0.279,0.222,0.299,0.368,0.294,85,-0.3,-4.5,5.3,0.8
256,Richie Palacios,TBR,64,289,5,35,24,9,11.00%,19.30%,0.12,0.284,0.239,0.33,0.359,0.307,95,0.5,-1.2,-0.5,0.8
257,Miguel Amaya,CHC,64,246,7,27,27,2,7.20%,20.50%,0.15,0.277,0.24,0.305,0.39,0.304,96,-0.5,-1.8,3.2,0.8
258,Giancarlo Stanton,NYY,88,377,23,49,60,1,9.30%,30.40%,0.244,0.274,0.232,0.307,0.476,0.333,115,-1.4,5.3,-10.2,0.8
259,Logan O'Hoppe,LAA,94,387,17,41,47,3,6.90%,28.20%,0.18,0.281,0.23,0.289,0.41,0.303,92,-1.3,-4.9,5.1,0.8
260,Mike Yastrzemski,ATL,89,371,13,44,43,4,10.80%,23.70%,0.179,0.273,0.23,0.319,0.41,0.317,102,-0.3,0.8,-5,0.8
261,Trevor Larnach,MIN,93,393,13,46,45,4,10.20%,23.80%,0.168,0.3,0.248,0.329,0.416,0.325,108,-0.7,2.9,-8.4,0.8
262,Leo Jiménez,TOR,57,227,5,25,23,2,8.30%,21.60%,0.127,0.288,0.238,0.32,0.364,0.305,95,-0.4,-1.7,2,0.8
263,Thomas Saggese,STL,69,279,6,28,29,3,6.10%,24.50%,0.129,0.314,0.249,0.302,0.378,0.298,92,-0.1,-2.9,1.7,0.8
264,Dalton Rushing,LAD,53,210,7,25,24,1,10.20%,27.80%,0.168,0.286,0.226,0.315,0.393,0.311,99,-0.3,-0.5,2.6,0.8
265,Alek Thomas,ARI,79,303,8,33,34,6,5.60%,23.50%,0.146,0.301,0.246,0.294,0.392,0.298,89,1.1,-3,0.9,0.8
266,Sung Mun Song,SDP,87,329,7,36,33,8,7.20%,16.00%,0.12,0.278,0.248,0.305,0.368,0.294,91,0.2,-3.4,0.4,0.8
267,Colt Emerson,SEA,63,256,5,27,24,4,9.20%,22.10%,0.117,0.288,0.233,0.313,0.351,0.294,94,-0.2,-2.1,1.2,0.8
268,Tyler Freeman,COL,83,361,6,45,33,15,7.80%,13.20%,0.122,0.307,0.277,0.351,0.399,0.331,99,0.5,-0.1,-4.1,0.8
269,José Caballero,NYY,79,312,6,36,29,30,10.00%,25.50%,0.115,0.295,0.226,0.316,0.34,0.294,88,1.9,-2.5,-0.5,0.8
270,Chandler Simpson,TBR,78,313,2,34,27,28,5.90%,11.00%,0.07,0.318,0.286,0.329,0.356,0.302,92,2.5,-0.4,-2.5,0.8
271,Luis Campusano,SDP,80,315,10,36,37,1,9.40%,19.80%,0.16,0.281,0.247,0.322,0.407,0.319,108,-0.3,2.7,-3.2,0.8
272,Jorge Soler,LAA,110,466,21,55,59,1,10.30%,27.10%,0.2,0.273,0.228,0.314,0.428,0.322,105,-1.7,1.3,-9.6,0.8
273,Hunter Feduccia,TBR,55,218,4,22,20,1,11.40%,26.20%,0.117,0.286,0.218,0.31,0.335,0.289,83,-0.4,-4.8,4.3,0.8
274,Kyle Higashioka,TEX,48,188,7,21,23,2,5.90%,24.50%,0.179,0.262,0.226,0.275,0.405,0.294,88,-0.6,-3.3,1.8,0.8
275,Max Muncy,ATH,77,300,9,33,34,3,6.20%,26.60%,0.153,0.303,0.239,0.296,0.392,0.3,88,-0.2,-4.4,1.6,0.8
276,Blaze Alexander,ARI,100,408,9,42,40,8,8.70%,30.20%,0.132,0.319,0.23,0.31,0.361,0.298,89,-0.1,-5.6,-0.4,0.8
277,Brooks Baldwin,CHW,71,271,9,31,32,6,6.70%,22.40%,0.163,0.299,0.254,0.308,0.417,0.314,101,0.3,0.5,-2.3,0.8
278,Dominic Canzone,SEA,89,369,15,42,47,3,7.70%,23.20%,0.18,0.286,0.246,0.307,0.426,0.316,109,-0.7,3.1,-8.4,0.8
279,Jordan Walker,STL,110,441,13,47,50,8,7.70%,26.00%,0.156,0.308,0.245,0.309,0.401,0.309,100,0,-0.2,-7.1,0.8
280,Nathaniel Lowe,,96,409,12,46,47,1,11.20%,24.10%,0.152,0.302,0.245,0.333,0.397,0.32,105,-1.3,1,-7.6,0.7
281,Cam Smith,HOU,82,332,9,37,36,5,8.60%,25.80%,0.151,0.308,0.242,0.315,0.393,0.31,99,0.1,-0.4,-4,0.7
282,Austin Martin,MIN,66,254,3,29,22,9,11.20%,17.50%,0.099,0.308,0.257,0.348,0.356,0.315,101,0.5,0.8,-2.6,0.7
283,Garrett Mitchell,MIL,57,233,7,26,26,7,9.50%,29.30%,0.157,0.318,0.238,0.315,0.394,0.311,99,0.3,0.1,-0.9,0.7
284,Lourdes Gurriel Jr.,ARI,77,330,11,38,43,5,5.80%,16.40%,0.166,0.293,0.268,0.316,0.434,0.324,107,-0.3,2.2,-6.3,0.7
285,Andrew Vaughn,MIL,120,508,19,58,65,1,7.30%,20.40%,0.175,0.28,0.248,0.309,0.424,0.318,104,-1.7,0.7,-10.8,0.7
286,Ronny Mauricio,NYM,66,264,9,31,32,6,6.90%,23.90%,0.166,0.294,0.247,0.303,0.413,0.308,100,0.1,0,-2,0.7
287,Jesse Winker,,73,310,8,37,34,5,13.50%,22.00%,0.156,0.297,0.244,0.356,0.4,0.334,114,-1.3,3.9,-7.6,0.7
288,Alex Jackson,MIN,41,158,6,17,18,1,7.10%,31.00%,0.17,0.27,0.208,0.273,0.378,0.283,79,-0.1,-4,3.2,0.7
289,Paul Goldschmidt,,107,463,13,54,52,5,8.40%,22.30%,0.153,0.312,0.259,0.325,0.411,0.319,104,-1.1,0.9,-9.9,0.7
290,Victor Robles,SEA,76,314,5,32,29,15,6.80%,21.80%,0.112,0.303,0.244,0.31,0.357,0.295,94,0.8,-1.2,-2.9,0.7
291,Adael Amador,COL,73,277,6,32,28,10,9.90%,16.90%,0.134,0.285,0.251,0.331,0.385,0.316,89,0,-3.7,1.2,0.7
292,Joe Mack,MIA,65,264,8,27,28,3,7.40%,27.60%,0.149,0.275,0.217,0.282,0.366,0.284,79,-0.2,-6.8,4.6,0.7
293,Mike Tauchman,,75,328,8,39,30,2,11.90%,23.00%,0.133,0.297,0.239,0.336,0.371,0.315,101,-1,-0.5,-4.1,0.7
294,J.C. Escarra,NYY,45,182,4,20,19,2,9.20%,19.00%,0.136,0.274,0.236,0.313,0.373,0.303,94,-0.3,-1.5,-0.7,0.7
295,Jonah Heim,,63,253,7,26,27,1,7.40%,19.30%,0.142,0.259,0.23,0.29,0.372,0.289,83,-0.7,-5.6,4.1,0.7
296,Hyeseong Kim,LAD,64,245,3,27,24,11,6.00%,19.80%,0.097,0.318,0.263,0.311,0.36,0.295,88,0.8,-2.7,0.9,0.7
297,Taylor Walls,TBR,95,375,7,37,34,17,10.30%,23.30%,0.114,0.272,0.217,0.301,0.331,0.283,78,1,-8.6,2.1,0.7
298,Harry Ford,WSN,50,206,5,23,19,4,11.70%,23.10%,0.131,0.284,0.229,0.33,0.36,0.309,97,-0.1,-0.8,0.4,0.6
299,JJ Wetherholt,STL,34,137,3,15,14,3,10.20%,18.00%,0.132,0.293,0.253,0.338,0.385,0.319,107,0,1.1,0.7,0.6
300,Ryan Ritter,COL,68,262,6,29,27,4,7.40%,25.50%,0.147,0.316,0.247,0.313,0.393,0.309,83,0,-5.1,2.7,0.6
301,Graham Pauley,MIA,81,314,9,34,35,4,8.80%,19.80%,0.157,0.272,0.238,0.311,0.395,0.309,96,-0.4,-1.9,-2.4,0.6
302,Keibert Ruiz,WSN,78,322,9,33,36,2,5.00%,11.70%,0.145,0.263,0.254,0.298,0.399,0.303,93,-0.9,-3.6,5.1,0.6
303,C.J. Kayfus,CLE,76,301,9,32,34,3,9.10%,26.90%,0.168,0.305,0.239,0.315,0.406,0.315,103,-0.1,0.9,-5.2,0.6
304,Will Wagner,SDP,54,216,4,23,21,2,10.00%,17.40%,0.115,0.302,0.258,0.337,0.373,0.315,105,-0.4,0.9,-2.2,0.6
305,Liam Hicks,MIA,45,183,3,18,16,1,11.20%,16.40%,0.108,0.285,0.246,0.343,0.354,0.313,99,-0.4,-0.6,0.2,0.6
306,Darell Hernaiz,ATH,42,168,2,18,16,3,8.00%,14.30%,0.109,0.298,0.264,0.327,0.373,0.309,94,-0.2,-1.3,1.4,0.6
307,Ramón Urías,,57,231,6,25,25,2,7.10%,22.10%,0.144,0.301,0.251,0.31,0.394,0.308,96,-0.4,-1.5,-0.5,0.6
308,Mitch Garver,,50,207,7,23,24,1,10.90%,27.20%,0.17,0.267,0.216,0.309,0.386,0.305,95,-0.8,-2.1,3,0.6
309,Christopher Morel,MIA,61,257,11,30,32,5,9.60%,29.20%,0.192,0.286,0.227,0.307,0.419,0.315,100,0.2,0.2,-3.1,0.6
310,Max Kepler,,88,360,12,40,42,2,9.00%,20.50%,0.163,0.272,0.238,0.313,0.401,0.311,98,-0.9,-1.6,-4.9,0.6
311,Austin Hedges,CLE,29,110,3,10,10,2,7.70%,27.00%,0.117,0.247,0.195,0.264,0.313,0.257,63,-0.1,-5,2.6,0.6
312,Christian Vázquez,,45,172,4,17,16,2,6.20%,20.30%,0.111,0.268,0.228,0.281,0.339,0.273,72,-0.6,-6.1,3.7,0.6
313,Michael Massey,KCR,72,292,8,30,33,2,4.90%,17.80%,0.147,0.285,0.253,0.295,0.4,0.301,89,-0.2,-4,-0.5,0.6
314,Thairo Estrada,,71,298,8,31,32,5,4.50%,20.10%,0.134,0.285,0.246,0.288,0.38,0.291,84,-0.1,-5.6,1.1,0.6
315,Nolan Gorman,STL,96,393,17,44,49,3,10.10%,31.90%,0.191,0.284,0.219,0.3,0.409,0.308,99,-1.3,-1.9,-5.6,0.6
316,Pavin Smith,ARI,85,357,10,41,40,3,12.50%,25.50%,0.154,0.301,0.237,0.335,0.391,0.32,104,-1,0.5,-7,0.6
317,Jake Mangum,PIT,72,323,3,36,27,13,4.90%,17.30%,0.098,0.33,0.278,0.319,0.377,0.305,92,0.7,-2.3,-3.1,0.6
318,Lane Thomas,KCR,87,379,11,45,41,13,8.10%,25.50%,0.158,0.294,0.236,0.306,0.394,0.306,92,0.4,-3.2,-4.5,0.6
319,Yohel Pozo,STL,37,148,4,16,18,1,3.40%,13.00%,0.156,0.28,0.267,0.294,0.423,0.308,99,-0.3,-0.5,0.5,0.5
320,Jake McCarthy,ARI,58,235,4,26,24,8,7.00%,17.70%,0.128,0.305,0.261,0.322,0.389,0.312,98,0.8,0.2,-2.7,0.5
321,Alex Call,LAD,54,226,6,27,23,3,11.80%,19.70%,0.14,0.277,0.237,0.335,0.377,0.317,103,-0.3,0.5,-2.7,0.5
322,Andrew Benintendi,CHW,104,442,14,49,52,3,8.70%,17.50%,0.155,0.281,0.254,0.321,0.409,0.317,103,-0.9,0.6,-10.5,0.5
323,Leo Rivas,SEA,39,156,2,16,13,6,14.40%,25.80%,0.091,0.289,0.214,0.334,0.305,0.294,94,0.2,-1,0.8,0.5
324,Mickey Moniak,COL,98,428,18,55,55,8,4.90%,24.80%,0.205,0.305,0.258,0.299,0.462,0.325,95,-0.3,-3,-6,0.5
325,Luis Urías,,45,178,5,19,19,2,9.90%,18.80%,0.139,0.266,0.233,0.323,0.372,0.309,97,-0.2,-0.9,0.1,0.5
326,Cody Freeman,TEX,47,190,5,21,21,3,6.00%,14.90%,0.142,0.271,0.25,0.299,0.392,0.3,93,-0.1,-1.8,0.4,0.5
327,Jeremiah Jackson,BAL,50,211,7,24,24,4,5.00%,22.60%,0.159,0.29,0.246,0.287,0.405,0.299,92,-0.1,-2.1,-0.1,0.5
328,Javier Sanoja,MIA,46,180,3,19,18,5,6.20%,11.10%,0.13,0.281,0.263,0.312,0.392,0.307,95,0.1,-1.1,0.1,0.5
329,Edouard Julien,MIN,44,186,5,21,18,2,13.40%,30.60%,0.14,0.315,0.224,0.334,0.365,0.311,98,-0.3,-0.7,-0.7,0.5
330,Orlando Arcia,,58,228,6,24,25,1,7.00%,20.80%,0.14,0.269,0.232,0.289,0.372,0.289,83,-0.2,-4.8,2,0.5
331,Matt Vierling,DET,57,248,5,27,24,3,8.00%,23.40%,0.13,0.301,0.242,0.309,0.373,0.3,91,0,-2.7,-0.9,0.5
332,Blake Perkins,MIL,60,242,5,25,23,8,10.60%,26.80%,0.121,0.297,0.224,0.31,0.345,0.292,86,0.4,-3.5,0.4,0.5
333,Oswaldo Cabrera,NYY,64,250,7,29,28,3,8.10%,19.80%,0.148,0.282,0.245,0.311,0.393,0.308,98,-0.2,-0.8,-2.9,0.5
334,Gavin Sheets,SDP,108,453,14,50,54,2,8.30%,20.50%,0.161,0.28,0.244,0.311,0.406,0.312,103,-1.2,0.2,-10.5,0.5
335,Luisangel Acuña,NYM,44,175,2,18,17,9,6.10%,17.90%,0.102,0.299,0.254,0.304,0.356,0.29,88,0.6,-1.9,0.9,0.5
336,Jeferson Quero,MIL,31,126,3,13,13,1,7.70%,19.50%,0.14,0.263,0.23,0.297,0.371,0.294,87,-0.1,-2,2.6,0.5
337,Gary Sánchez,,54,221,10,25,28,1,8.10%,26.10%,0.189,0.263,0.224,0.299,0.413,0.31,98,-0.6,-1.2,0,0.5
338,Edgar Quero,CHW,94,371,9,40,39,1,9.10%,18.10%,0.13,0.299,0.26,0.334,0.389,0.319,104,-1.1,0.6,-4.3,0.5
339,Denzel Clarke,ATH,74,278,6,31,27,9,7.50%,32.50%,0.136,0.325,0.226,0.295,0.362,0.289,81,0.6,-5.7,0.8,0.5
340,Ezequiel Duran,TEX,63,251,6,27,26,7,5.00%,23.60%,0.135,0.303,0.246,0.29,0.381,0.292,87,-0.1,-3.9,0,0.5
341,Tyrone Taylor,NYM,83,320,8,35,34,9,5.40%,22.50%,0.145,0.281,0.233,0.286,0.379,0.289,87,1,-4,-2,0.5
342,Miguel Rojas,LAD,38,150,3,16,16,2,6.30%,13.80%,0.118,0.282,0.257,0.309,0.376,0.3,92,-0.1,-1.6,1.3,0.5
343,Isiah Kiner-Falefa,,74,293,3,29,26,8,4.90%,17.00%,0.089,0.298,0.254,0.298,0.343,0.283,79,0.8,-6.5,1.1,0.5
344,Rhys Hoskins,,92,382,16,44,47,3,10.80%,27.00%,0.19,0.274,0.225,0.318,0.415,0.319,104,-1.3,0.4,-8.8,0.5
345,Gavin Lux,CIN,95,390,7,40,38,2,10.40%,21.60%,0.12,0.315,0.254,0.334,0.374,0.314,96,-0.4,-2.3,-6.1,0.5
346,Rob Refsnyder,SEA,46,200,6,23,22,2,10.40%,27.30%,0.16,0.308,0.239,0.326,0.4,0.318,110,-0.3,2,-4.4,0.5
347,Lenyn Sosa,CHW,75,311,11,33,38,2,4.20%,22.20%,0.163,0.293,0.254,0.289,0.416,0.303,93,-0.4,-2.8,-3.5,0.5
348,Alex Freeland,LAD,40,159,4,18,16,3,11.30%,26.10%,0.14,0.284,0.222,0.316,0.361,0.301,92,0,-1.4,0.6,0.5
349,Moisés Ballesteros,CHC,66,262,7,28,29,2,8.20%,17.30%,0.143,0.302,0.266,0.33,0.408,0.321,108,-0.4,1.9,-6.2,0.4
350,José Fermín,STL,27,109,2,12,10,4,11.40%,13.10%,0.122,0.27,0.247,0.344,0.369,0.318,106,0,0.8,0,0.4
351,Tyler Heineman,TOR,25,99,2,10,9,1,8.70%,21.90%,0.105,0.28,0.226,0.306,0.332,0.285,82,-0.2,-2.3,2.1,0.4
352,Dylan Moore,,59,238,7,27,24,12,10.10%,28.80%,0.151,0.273,0.209,0.3,0.36,0.293,86,0.6,-3.3,-0.4,0.4
353,Edmundo Sosa,PHI,46,185,5,20,21,2,4.20%,22.70%,0.152,0.299,0.249,0.291,0.401,0.3,90,0.1,-2.2,0.3,0.4
354,Alan Roden,MIN,50,200,4,23,21,3,9.00%,18.80%,0.137,0.299,0.255,0.335,0.392,0.32,104,-0.1,0.9,-3.6,0.4
355,Angel Martínez,CLE,44,187,4,20,19,3,6.30%,20.70%,0.138,0.282,0.239,0.294,0.377,0.293,88,0.2,-2.6,0.4,0.4
356,Triston Casas,BOS,41,173,7,21,23,1,12.40%,25.50%,0.203,0.289,0.241,0.339,0.444,0.338,113,-0.5,2.2,-3.9,0.4
357,Colby Thomas,ATH,53,219,8,25,27,3,5.70%,29.90%,0.183,0.309,0.239,0.291,0.422,0.308,94,-0.1,-1.7,-1.6,0.4
358,Ty France,,85,353,8,37,38,1,6.20%,18.70%,0.133,0.298,0.257,0.324,0.39,0.314,101,-0.8,-0.6,-7.2,0.4
359,José Tena,WSN,49,199,4,20,19,6,7.10%,24.90%,0.122,0.317,0.247,0.304,0.369,0.295,88,0,-2.9,0.3,0.4
360,Leody Taveras,BAL,35,138,4,16,15,5,7.30%,20.80%,0.141,0.288,0.245,0.301,0.386,0.3,92,0.3,-0.9,0.2,0.4
361,Owen Caissie,CHC,53,218,7,25,25,2,9.70%,31.00%,0.168,0.323,0.237,0.316,0.405,0.314,103,-0.2,0.5,-3.7,0.4
362,Jonny DeLuca,TBR,56,229,7,25,25,7,7.20%,20.90%,0.157,0.272,0.235,0.298,0.392,0.3,91,0.3,-2.2,-1.7,0.4
363,Javier Báez,DET,63,244,6,25,26,3,3.90%,23.20%,0.138,0.287,0.238,0.276,0.376,0.283,79,0.2,-5.8,1.4,0.4
364,Kody Clemens,MIN,65,266,11,31,34,3,7.10%,24.00%,0.192,0.268,0.232,0.293,0.424,0.309,97,-0.1,-1.1,-4.1,0.4
365,Drew Gilbert,SFG,65,258,7,28,27,3,8.40%,20.30%,0.149,0.268,0.231,0.305,0.38,0.301,94,-0.1,-1.9,-2.7,0.4
366,Johnathan Rodríguez,CLE,47,192,7,21,22,1,8.80%,28.60%,0.166,0.32,0.246,0.317,0.412,0.317,104,-0.3,0.7,-3.3,0.4
367,George Valera,CLE,74,335,13,41,37,2,10.30%,27.60%,0.177,0.283,0.227,0.311,0.403,0.312,101,-0.4,-0.2,-7.5,0.4
368,Jake Fraley,TBR,52,210,6,23,23,6,9.10%,20.00%,0.144,0.294,0.252,0.326,0.396,0.317,102,0,0.4,-3.8,0.4
369,Kristian Campbell,BOS,32,130,3,14,14,2,9.90%,25.60%,0.138,0.322,0.249,0.334,0.387,0.319,100,-0.1,-0.1,-0.7,0.4
370,Juan Brito,CLE,30,120,3,13,12,2,10.60%,20.00%,0.135,0.271,0.23,0.318,0.365,0.302,94,-0.1,-0.9,0.5,0.4
371,Will Benson,CIN,76,305,11,36,35,8,10.80%,31.00%,0.183,0.294,0.222,0.31,0.405,0.312,94,-0.4,-2.5,-4.1,0.4
372,Connor Wong,BOS,58,232,5,24,24,4,6.90%,24.90%,0.131,0.304,0.241,0.301,0.372,0.295,83,-0.3,-4.8,3.4,0.4
373,Josh Rojas,,59,238,4,25,22,5,9.10%,22.00%,0.112,0.293,0.237,0.309,0.349,0.292,85,-0.2,-4.4,-0.1,0.4
374,Andrew Knizner,SEA,32,122,2,12,11,1,7.40%,22.60%,0.115,0.268,0.219,0.289,0.334,0.277,82,-0.2,-2.7,2,0.4
375,Tyler Austin,CHC,65,263,11,32,33,1,8.10%,22.50%,0.19,0.284,0.248,0.312,0.438,0.321,107,-0.7,1.5,-6.7,0.4
376,Robert Hassell III,WSN,63,246,5,24,24,5,7.30%,23.40%,0.114,0.303,0.243,0.302,0.357,0.29,84,0,-4.6,-0.1,0.4
377,Travis Bazzana,CLE,43,175,3,18,16,3,11.00%,28.00%,0.12,0.29,0.215,0.308,0.335,0.289,85,-0.1,-3.2,0.7,0.4
378,Tommy Pham,,84,364,9,41,37,6,9.10%,22.90%,0.138,0.301,0.246,0.317,0.384,0.307,96,-0.9,-2.9,-6,0.4
379,Austin Wynns,ATH,27,107,3,11,11,1,6.80%,28.00%,0.14,0.299,0.231,0.29,0.371,0.289,81,-0.2,-2.6,2.8,0.4
380,César Salazar,HOU,35,143,3,14,13,1,9.10%,21.80%,0.113,0.249,0.205,0.296,0.318,0.276,76,-0.2,-4.3,2.1,0.4
381,Ryan Bliss,SEA,34,133,3,14,13,8,8.50%,26.30%,0.135,0.284,0.222,0.294,0.356,0.287,89,0.3,-1.5,0.3,0.3
382,James Outman,MIN,44,176,6,20,19,3,10.10%,33.80%,0.168,0.3,0.213,0.302,0.382,0.3,90,0.1,-1.9,-0.8,0.3
383,Gio Urshela,,47,190,4,19,20,1,6.00%,18.90%,0.118,0.303,0.258,0.305,0.376,0.298,89,-0.4,-2.8,-0.2,0.3
384,Mauricio Dubón,ATL,56,220,4,23,23,2,5.00%,12.80%,0.112,0.287,0.263,0.302,0.374,0.295,87,-0.2,-3.5,-0.5,0.3
385,Zach Cole,HOU,66,268,9,30,30,7,8.40%,37.60%,0.169,0.32,0.213,0.287,0.383,0.291,86,0.1,-4.4,-1.6,0.3
386,Zack Gelof,ATH,35,140,5,16,16,4,8.40%,32.20%,0.165,0.3,0.222,0.291,0.387,0.296,86,0.3,-2.1,0.5,0.3
387,Nick Allen,HOU,40,151,2,15,13,4,8.00%,19.80%,0.087,0.287,0.235,0.3,0.322,0.278,77,0.1,-4.1,2.2,0.3
388,Travis d'Arnaud,LAA,42,168,5,17,18,1,6.30%,28.50%,0.156,0.273,0.216,0.274,0.373,0.282,78,-0.5,-4.9,2.8,0.3
389,David Hamilton,BOS,32,130,3,15,13,11,8.70%,23.70%,0.137,0.28,0.227,0.298,0.364,0.292,81,1,-1.8,0.6,0.3
390,Braxton Fulford,COL,51,201,6,22,22,2,7.40%,26.90%,0.161,0.308,0.24,0.308,0.401,0.309,84,-0.1,-4,3.5,0.3
391,Randal Grichuk,,45,190,7,22,24,1,6.20%,20.80%,0.182,0.284,0.251,0.303,0.433,0.317,102,-0.2,0.4,-3.6,0.3
392,James McCann,ARI,42,164,5,17,18,1,5.50%,25.30%,0.146,0.3,0.242,0.291,0.388,0.296,87,-0.5,-3,2.1,0.3
393,Jon Berti,,40,158,2,17,15,8,7.10%,20.20%,0.101,0.308,0.254,0.313,0.354,0.295,87,0.7,-1.7,-0.5,0.3
394,Everson Pereira,CHW,61,245,9,26,28,4,8.10%,31.90%,0.168,0.292,0.22,0.291,0.387,0.297,89,-0.2,-3.4,-1.8,0.3
395,Santiago Espinal,CIN,46,186,2,19,17,2,6.70%,13.50%,0.093,0.291,0.26,0.314,0.353,0.294,87,-0.1,-2.9,-0.2,0.3
396,Brett Harris,ATH,42,164,4,18,17,2,9.20%,21.70%,0.132,0.28,0.234,0.314,0.366,0.301,89,-0.2,-2.2,-0.2,0.3
397,Jimmy Crooks,STL,25,103,2,10,11,0,6.90%,26.20%,0.131,0.302,0.236,0.294,0.366,0.289,86,-0.1,-1.9,2,0.3
398,Oswald Peraza,LAA,60,240,7,25,24,7,7.50%,26.10%,0.139,0.279,0.224,0.291,0.363,0.288,82,0.4,-4.8,-0.3,0.3
399,Daniel Schneemann,CLE,49,202,5,21,19,4,9.90%,27.30%,0.133,0.282,0.217,0.298,0.35,0.288,84,-0.2,-4,0.2,0.3
400,Jake Bauers,MIL,73,287,11,33,33,7,12.10%,30.30%,0.176,0.279,0.214,0.315,0.39,0.31,98,-0.5,-1,-5.5,0.3
401,Jose Iglesias,,42,171,2,16,16,2,5.40%,16.70%,0.097,0.3,0.258,0.307,0.355,0.291,85,-0.3,-3.4,0.6,0.3
402,Sam Haggerty,TEX,43,186,3,22,17,9,8.30%,21.90%,0.122,0.31,0.25,0.318,0.372,0.304,95,0.6,-0.5,-2.9,0.3
403,Masataka Yoshida,BOS,43,179,5,21,21,2,6.70%,13.90%,0.151,0.301,0.279,0.337,0.429,0.334,110,-0.4,1.7,-4.9,0.3
404,Jorge Mateo,,51,201,4,22,20,14,5.70%,24.80%,0.132,0.283,0.227,0.275,0.359,0.276,75,1.5,-4.5,0.7,0.3
405,Nick Loftin,KCR,34,136,3,15,14,2,10.10%,15.90%,0.128,0.279,0.247,0.33,0.374,0.312,97,-0.1,-0.7,-1.1,0.3
406,Andrés Chaparro,WSN,64,274,10,30,33,1,8.50%,24.10%,0.176,0.279,0.236,0.307,0.411,0.312,99,-0.5,-0.7,-5.4,0.3
407,Luke Raley,SEA,55,227,8,25,27,3,7.40%,30.50%,0.172,0.292,0.223,0.304,0.395,0.307,102,-0.3,0.3,-5.2,0.3
408,Ryan Waldschmidt,ARI,25,101,2,12,10,2,11.30%,22.20%,0.131,0.307,0.247,0.342,0.378,0.32,104,0,0.4,-0.9,0.3
409,Nick Sogard,BOS,51,205,2,20,18,4,10.50%,22.20%,0.098,0.305,0.24,0.324,0.338,0.297,85,-0.3,-4.1,-0.1,0.3
410,Jordan Beck,COL,102,440,13,50,52,13,7.90%,27.70%,0.162,0.323,0.248,0.312,0.41,0.314,87,0.3,-6.6,-5.2,0.3
411,Dylan Carlson,,43,173,4,19,18,3,10.20%,23.60%,0.142,0.287,0.232,0.319,0.374,0.307,96,0,-0.9,-2.1,0.3
412,Michael Conforto,,72,295,10,32,33,1,10.20%,24.70%,0.162,0.275,0.227,0.315,0.389,0.309,97,-0.6,-1.5,-5.7,0.3
413,Luke Maile,,31,121,2,12,11,1,9.20%,28.90%,0.114,0.294,0.216,0.297,0.33,0.281,77,-0.2,-3.4,2.8,0.3
414,Johan Rojas,PHI,32,124,2,13,12,6,5.70%,21.10%,0.11,0.302,0.247,0.295,0.356,0.286,80,0.6,-2.3,1,0.3
415,Daniel Susac,SFG,22,91,2,9,9,1,5.60%,27.30%,0.13,0.3,0.231,0.281,0.361,0.281,81,-0.1,-2.1,1.9,0.3
416,Andruw Monasterio,MIL,38,151,2,16,14,4,9.40%,24.30%,0.108,0.302,0.234,0.313,0.342,0.292,86,0.1,-2.4,0.1,0.3
417,Jared Young,NYM,29,119,4,14,14,1,9.60%,24.60%,0.171,0.283,0.234,0.317,0.405,0.317,106,-0.2,0.6,-1.9,0.3
418,Nathan Church,STL,25,100,2,11,10,2,6.60%,14.80%,0.115,0.289,0.259,0.314,0.374,0.302,95,0,-0.6,0,0.3
419,Tyler Fitzgerald,SFG,36,146,4,15,15,4,6.40%,29.00%,0.142,0.298,0.226,0.283,0.369,0.285,83,0.3,-2.6,0.4,0.3
420,Jesus Rodriguez,SFG,13,52,1,5,5,1,8.80%,16.90%,0.105,0.302,0.259,0.329,0.364,0.306,98,0,-0.2,1.1,0.3
421,Starling Marte,,60,254,6,28,27,6,6.30%,21.80%,0.13,0.321,0.264,0.32,0.394,0.313,100,0,-0.1,-5.9,0.3
422,Tyler Locklear,ARI,66,266,8,30,30,5,8.70%,27.20%,0.156,0.31,0.24,0.318,0.396,0.313,99,-0.1,-0.4,-5.9,0.3
423,Jacob Melton,TBR,38,150,4,17,16,7,7.60%,25.80%,0.151,0.283,0.228,0.291,0.38,0.293,86,0.5,-2,-0.5,0.3
424,Sebastian Walcott,TEX,23,92,2,10,9,3,8.90%,23.80%,0.121,0.29,0.23,0.303,0.35,0.29,85,0,-1.6,0.9,0.3
425,Jett Williams,NYM,25,100,2,11,10,3,10.40%,26.50%,0.133,0.285,0.218,0.306,0.351,0.293,89,0.1,-1.2,0.4,0.3
426,LaMonte Wade Jr.,,53,225,6,26,23,1,13.00%,22.60%,0.144,0.281,0.231,0.338,0.375,0.316,102,-0.9,-0.4,-4.6,0.3
427,Alejandro Osuna,TEX,23,95,2,11,10,3,9.40%,21.30%,0.138,0.3,0.249,0.329,0.387,0.315,103,0,0.4,-1.2,0.3
428,Andy Ibáñez,,34,145,3,16,14,2,6.90%,19.90%,0.127,0.29,0.245,0.304,0.372,0.297,89,-0.3,-2.3,-0.1,0.3
429,Anthony Rendon,LAA,38,168,3,18,14,3,9.80%,18.20%,0.113,0.27,0.231,0.316,0.344,0.295,87,0,-2.6,-0.7,0.3
430,Alex Verdugo,,56,239,5,26,24,2,7.70%,15.80%,0.127,0.286,0.254,0.316,0.381,0.306,95,-0.5,-1.9,-3.8,0.3
431,Jahmai Jones,DET,34,146,4,18,15,3,10.70%,25.60%,0.165,0.302,0.238,0.33,0.402,0.322,106,0,1,-3.6,0.2
432,Christian Koss,SFG,38,151,3,15,15,3,4.90%,22.90%,0.118,0.302,0.243,0.289,0.362,0.285,83,0.1,-3,0.4,0.2
433,Nick Yorke,PIT,38,153,3,15,15,3,7.10%,21.70%,0.116,0.314,0.255,0.311,0.371,0.3,89,0,-2,-0.7,0.2
434,Austin Hays,,98,410,12,45,49,4,6.70%,25.20%,0.161,0.3,0.242,0.298,0.403,0.303,93,-0.4,-3.7,-7.9,0.2
435,Walker Jenkins,MIN,27,111,2,12,11,2,9.70%,23.20%,0.127,0.302,0.24,0.322,0.368,0.306,94,0,-0.8,-0.8,0.2
436,Esteury Ruiz,LAD,17,69,2,9,7,5,8.10%,23.00%,0.147,0.298,0.244,0.318,0.391,0.311,99,0.4,0.3,-0.4,0.2
437,Carlos Santana,,72,301,9,33,34,3,10.20%,19.30%,0.149,0.26,0.231,0.313,0.38,0.305,94,-1,-3,-4.9,0.2
438,Ryan Mountcastle,BAL,41,174,6,20,22,1,6.20%,25.00%,0.166,0.308,0.253,0.303,0.419,0.313,101,-0.1,0.2,-3.9,0.2
439,Elias Díaz,,33,129,3,13,13,0,6.70%,24.50%,0.133,0.275,0.224,0.281,0.357,0.279,77,-0.4,-4,2.5,0.2
440,Drew Millas,WSN,13,53,1,5,5,1,8.10%,17.10%,0.119,0.281,0.244,0.309,0.363,0.295,88,0,-0.8,1,0.2
441,Dominic Keegan,TBR,19,76,2,8,7,0,7.70%,27.80%,0.129,0.29,0.222,0.288,0.351,0.282,78,-0.1,-2.1,1.6,0.2
442,Carlos Cortes,ATH,31,126,4,15,15,1,8.90%,21.60%,0.17,0.278,0.24,0.311,0.41,0.314,98,-0.2,-0.5,-1.8,0.2
443,Ryan Fitzgerald,MIN,31,122,3,13,12,2,8.20%,26.30%,0.141,0.28,0.22,0.291,0.36,0.286,81,-0.2,-2.9,0.7,0.2
444,Brendan Rodgers,,45,187,4,19,19,1,7.10%,26.90%,0.125,0.302,0.232,0.293,0.357,0.286,81,0,-4.2,-0.1,0.2
445,Bryan Torres,STL,16,67,1,7,6,2,11.00%,18.20%,0.087,0.318,0.262,0.346,0.349,0.311,101,0,0.1,-0.3,0.2
446,Jack Suwinski,PIT,62,243,9,27,28,5,11.20%,30.50%,0.179,0.274,0.212,0.307,0.391,0.305,93,-0.1,-2.1,-4,0.2
447,Nick Madrigal,,30,122,1,12,11,2,5.60%,11.90%,0.089,0.292,0.263,0.316,0.352,0.296,88,-0.2,-1.9,-0.2,0.2
448,Paul DeJong,,58,238,9,24,27,2,5.90%,31.30%,0.158,0.27,0.209,0.264,0.367,0.275,74,-0.5,-7.9,1.8,0.2
449,Rowdy Tellez,,74,305,14,35,40,1,7.80%,24.30%,0.193,0.267,0.234,0.297,0.427,0.313,100,-0.8,-1,-7.4,0.2
450,Max Schuemann,ATH,30,119,2,13,10,3,10.10%,23.60%,0.105,0.289,0.226,0.314,0.331,0.29,82,0.1,-2.5,0.3,0.2
451,Curtis Mead,CHW,18,76,2,8,8,1,6.70%,21.00%,0.133,0.3,0.249,0.311,0.382,0.304,94,0,-0.6,-0.2,0.2
452,Enmanuel Valdez,PIT,18,73,2,8,8,1,9.20%,22.10%,0.172,0.276,0.237,0.311,0.408,0.313,98,-0.1,-0.2,-0.3,0.2
453,Kyren Paris,LAA,34,134,4,14,13,5,9.50%,32.70%,0.147,0.286,0.205,0.288,0.352,0.284,79,0.3,-3,0.3,0.2
454,Dane Myers,MIA,38,153,3,16,15,5,7.10%,25.30%,0.122,0.309,0.242,0.304,0.364,0.295,86,0.1,-2.4,-0.9,0.2
455,Jadher Areinamo,TBR,18,74,1,8,7,2,5.80%,14.50%,0.115,0.283,0.255,0.303,0.37,0.294,86,0,-1.2,0.4,0.2
456,Wander Franco,TBR,6,23,1,3,3,1,8.20%,14.30%,0.182,0.295,0.277,0.341,0.459,0.345,121,0.1,0.6,0.3,0.2
457,Gustavo Campero,LAA,30,117,3,13,12,4,7.40%,20.60%,0.146,0.283,0.242,0.313,0.388,0.307,95,0.2,-0.5,-1.7,0.2
458,Griffin Conine,MIA,82,344,12,37,40,1,9.40%,32.50%,0.169,0.301,0.221,0.3,0.391,0.302,91,-0.7,-4.2,-5.5,0.2
459,Austin Slater,,34,144,4,16,14,2,10.00%,29.30%,0.137,0.314,0.232,0.315,0.369,0.303,93,-0.1,-1.3,-1.8,0.2
460,Jonathon Long,CHC,13,51,1,6,5,0,10.00%,23.10%,0.14,0.299,0.245,0.327,0.385,0.314,103,-0.1,0.1,-0.1,0.2
461,Tom Murphy,,25,99,3,11,11,1,8.00%,27.50%,0.153,0.281,0.222,0.29,0.375,0.291,85,-0.2,-2,1.3,0.2
462,Jace Jung,DET,16,65,2,7,6,0,11.80%,27.30%,0.138,0.284,0.217,0.313,0.355,0.298,90,-0.1,-0.9,0.3,0.2
463,Endy Rodríguez,PIT,49,196,5,21,21,2,8.50%,20.50%,0.145,0.292,0.246,0.315,0.392,0.31,96,-0.2,-1.2,-3.8,0.2
464,Derek Hill,CHW,33,133,3,14,14,4,6.20%,28.20%,0.135,0.313,0.238,0.292,0.373,0.291,85,0.1,-2.3,-0.7,0.2
465,Bryce Eldridge,SFG,87,356,14,38,41,2,8.70%,29.70%,0.18,0.299,0.232,0.303,0.412,0.309,99,-0.4,-0.7,-9.6,0.2
466,Nate Furman,SFG,10,40,1,4,4,1,9.80%,17.40%,0.112,0.295,0.252,0.334,0.365,0.311,101,0,0,0.2,0.2
467,Nolan Jones,CLE,24,99,3,11,10,2,11.00%,29.80%,0.147,0.314,0.229,0.32,0.376,0.307,97,-0.1,-0.4,-1.5,0.2
468,Enrique Hernández,,66,261,7,26,27,1,7.00%,22.80%,0.136,0.278,0.231,0.287,0.368,0.287,82,-0.1,-5.7,-1.6,0.2
469,Chas McCormick,HOU,40,159,4,17,17,5,8.50%,26.00%,0.137,0.293,0.232,0.307,0.369,0.298,89,-0.3,-2.3,-1.6,0.2
470,Mickey Gasper,MIN,11,46,1,5,5,0,10.70%,19.90%,0.134,0.279,0.236,0.329,0.37,0.311,98,-0.1,-0.2,0.4,0.2
471,Michael Helman,TEX,33,135,4,14,14,3,6.40%,23.00%,0.141,0.262,0.22,0.278,0.361,0.279,78,0.1,-3.3,0.2,0.2
472,Trey Sweeney,DET,22,87,2,9,8,2,8.30%,26.80%,0.128,0.285,0.22,0.289,0.348,0.281,78,-0.1,-2.3,0.8,0.1
473,Miles Mastrobuoni,SEA,14,54,1,5,5,2,10.10%,20.20%,0.092,0.297,0.24,0.319,0.333,0.292,92,0,-0.5,0,0.1
474,Michael Arroyo,SEA,11,43,1,5,4,1,9.20%,25.00%,0.128,0.283,0.222,0.312,0.35,0.296,95,0,-0.3,0.2,0.1
475,Emmanuel Rodriguez,MIN,14,57,1,6,5,1,14.50%,34.00%,0.142,0.317,0.211,0.332,0.354,0.309,96,0,-0.3,-0.4,0.1
476,Coby Mayo,BAL,15,60,2,7,7,1,9.10%,27.20%,0.186,0.286,0.231,0.309,0.418,0.316,103,0,0.2,-0.9,0.1
477,Justyn-Henry Malloy,DET,17,75,2,8,7,1,13.20%,27.80%,0.137,0.312,0.231,0.342,0.369,0.319,104,-0.1,0.2,-1.5,0.1
478,Tommy Troy,ARI,12,48,1,5,5,1,8.30%,20.50%,0.118,0.3,0.246,0.316,0.365,0.301,91,0,-0.5,0.2,0.1
479,Tim Tawa,ARI,28,112,3,12,12,2,8.00%,25.20%,0.153,0.283,0.23,0.296,0.382,0.297,88,0,-1.6,-0.9,0.1
480,Gabriel Gonzalez,MIN,14,58,1,6,6,1,6.70%,18.40%,0.138,0.304,0.262,0.32,0.4,0.315,100,-0.1,0,-0.7,0.1
481,Anthony Seigler,MIL,13,53,1,6,5,2,12.60%,24.20%,0.13,0.265,0.211,0.316,0.341,0.295,88,0,-0.7,0.1,0.1
482,Heriberto Hernández,MIA,75,313,11,34,35,3,10.10%,30.30%,0.167,0.293,0.222,0.307,0.39,0.305,93,-0.5,-3,-6.3,0.1
483,Brice Matthews,HOU,11,45,1,5,5,2,9.30%,32.20%,0.153,0.299,0.216,0.297,0.37,0.294,88,0.1,-0.6,0.2,0.1
484,Aidan Miller,PHI,12,47,1,5,4,2,10.30%,26.40%,0.123,0.29,0.221,0.309,0.343,0.292,84,0.1,-0.8,0.4,0.1
485,Austin Barnes,,25,96,2,9,8,1,8.30%,23.90%,0.099,0.274,0.217,0.287,0.316,0.27,70,-0.2,-3.6,0.9,0.1
486,Leo De Vries,ATH,11,43,1,5,4,1,8.80%,23.90%,0.137,0.282,0.226,0.302,0.363,0.292,83,0,-0.9,0.5,0.1
487,Denzer Guzman,LAA,12,49,1,5,5,1,7.60%,30.40%,0.132,0.288,0.213,0.278,0.345,0.275,73,0,-1.6,1,0.1
488,Otto Kemp,PHI,37,149,4,16,16,2,7.20%,29.00%,0.155,0.302,0.229,0.303,0.384,0.301,90,-0.2,-1.8,-2,0.1
489,David Fry,CLE,50,211,7,23,24,2,8.40%,26.60%,0.16,0.279,0.224,0.3,0.384,0.299,91,-0.3,-2.5,-3.6,0.1
490,Ryan Ward,LAD,40,163,6,19,20,2,7.80%,26.40%,0.181,0.264,0.221,0.285,0.403,0.296,89,-0.1,-2.2,-2.1,0.1
491,Ben Rortvedt,CIN,18,71,2,7,6,0,9.40%,26.10%,0.117,0.267,0.208,0.291,0.325,0.276,70,-0.1,-2.7,1.1,0.1
492,Jhonny Pereda,MIN,9,35,0,4,3,0,10.40%,25.10%,0.102,0.318,0.24,0.324,0.342,0.298,89,-0.1,-0.5,0.5,0.1
493,Ildemaro Vargas,ARI,17,68,1,7,7,1,5.90%,12.80%,0.121,0.283,0.26,0.308,0.381,0.301,91,-0.1,-0.8,-0.5,0.1
494,Zach Dezenzo,HOU,22,90,3,10,10,1,7.70%,29.50%,0.154,0.311,0.235,0.3,0.39,0.301,93,0,-0.8,-1.3,0.1
495,Maximo Acosta,MIA,20,78,2,8,8,3,7.20%,25.00%,0.124,0.286,0.227,0.289,0.352,0.282,77,0.1,-2,0.3,0.1
496,Rodolfo Durán,SDP,8,32,1,3,3,0,5.50%,23.30%,0.143,0.267,0.224,0.271,0.367,0.278,80,0,-0.8,0.7,0.1
497,Samad Taylor,SEA,16,64,1,7,6,3,8.90%,25.60%,0.109,0.295,0.226,0.3,0.336,0.283,86,0.1,-0.9,-0.4,0.1
498,Enrique Bradfield Jr.,BAL,12,49,1,5,4,3,9.00%,22.00%,0.095,0.287,0.228,0.304,0.323,0.281,79,0.2,-1,0.2,0.1
499,Eduardo Valencia,DET,9,38,1,4,4,0,7.20%,23.20%,0.148,0.278,0.233,0.293,0.38,0.293,86,-0.1,-0.7,0.2,0.1
500,Hao-Yu Lee,DET,11,45,1,5,4,1,8.00%,22.90%,0.131,0.279,0.227,0.297,0.358,0.289,83,0,-0.9,0.2,0.1
501,Vidal Bruján,ATL,19,75,1,8,7,2,8.20%,20.90%,0.114,0.284,0.233,0.304,0.347,0.287,82,0.1,-1.6,-0.1,0.1
502,Christian Encarnacion-Strand,CIN,34,141,6,16,19,1,5.30%,26.10%,0.192,0.295,0.246,0.294,0.438,0.315,96,-0.1,-0.7,-3.2,0.1
503,Garrett Stubbs,PHI,43,170,3,17,15,2,8.10%,24.50%,0.103,0.273,0.215,0.288,0.318,0.27,69,-0.2,-6.4,3.1,0.1
504,Kevin Alcántara,CHC,17,70,2,7,7,1,7.50%,30.20%,0.137,0.308,0.228,0.29,0.365,0.287,84,0,-1.3,-0.2,0.1
505,Victor Mesa Jr.,MIA,12,46,1,5,5,1,7.10%,20.50%,0.146,0.283,0.243,0.301,0.389,0.301,91,0,-0.5,-0.2,0.1
506,Spencer Jones,NYY,15,61,2,7,7,2,7.40%,36.80%,0.172,0.313,0.216,0.28,0.388,0.29,86,0,-1,-0.3,0.1
507,Luca Tresh,KCR,8,31,1,3,3,0,7.10%,24.30%,0.137,0.273,0.222,0.282,0.36,0.281,75,0,-0.9,0.6,0.1
508,Michael Stefanic,ATH,6,23,0,3,2,0,10.30%,13.80%,0.086,0.303,0.265,0.353,0.351,0.316,100,0,0,0,0.1
509,Nicky Lopez,COL,27,114,0,11,8,2,8.30%,15.10%,0.07,0.299,0.254,0.323,0.324,0.29,71,0.1,-3.8,0.7,0.1
510,Myles Straw,TOR,35,138,1,13,11,4,7.80%,20.10%,0.079,0.288,0.233,0.296,0.312,0.272,72,0.5,-4.1,0.1,0.1
511,DJ LeMahieu,,24,92,2,9,9,1,9.30%,21.20%,0.107,0.304,0.248,0.322,0.355,0.3,91,-0.3,-1.3,-1.1,0.1
512,Drew Romo,NYM,8,32,1,3,3,0,5.40%,24.70%,0.125,0.275,0.222,0.27,0.347,0.27,74,0,-1,0.6,0.1
513,Korey Lee,CHW,30,120,4,12,13,2,5.70%,26.90%,0.142,0.272,0.219,0.266,0.36,0.273,73,0,-3.9,2.1,0.1
514,Trei Cruz,DET,10,41,1,4,3,1,11.80%,26.30%,0.111,0.282,0.211,0.308,0.323,0.283,79,0,-1,0.3,0.1
515,Chadwick Tromp,ATL,12,46,1,4,4,0,7.40%,26.30%,0.113,0.268,0.209,0.27,0.322,0.263,65,-0.1,-1.9,0.9,0.1
516,Ji Hwan Bae,NYM,13,51,1,5,4,2,9.30%,26.00%,0.105,0.314,0.235,0.311,0.34,0.289,87,0.1,-0.7,-0.3,0.1
517,Kyle Farmer,,39,157,4,16,16,1,6.20%,23.30%,0.127,0.277,0.227,0.285,0.354,0.281,78,-0.3,-4.4,-0.2,0.1
518,Brett Wisely,ATL,14,54,1,6,5,1,8.20%,23.70%,0.118,0.289,0.231,0.298,0.349,0.286,81,-0.1,-1.3,0.2,0.1
519,Nelson Rada,LAA,33,133,1,13,10,6,9.70%,24.20%,0.072,0.31,0.233,0.315,0.305,0.281,77,0.2,-3.4,-0.5,0.1
520,Max Anderson,DET,9,37,1,4,4,0,5.20%,17.00%,0.124,0.282,0.249,0.293,0.372,0.289,83,0,-0.8,0.2,0.1
521,Jonatan Clase,TOR,14,55,1,6,5,3,8.30%,26.50%,0.13,0.291,0.225,0.294,0.355,0.286,82,0.2,-1,-0.3,0.1
522,Bryce Johnson,SDP,46,186,3,18,16,5,8.20%,27.10%,0.098,0.313,0.231,0.303,0.329,0.283,83,0.1,-3.6,-1.9,0.1
523,Wade Meckler,SFG,6,26,0,3,2,0,9.50%,21.60%,0.095,0.318,0.251,0.326,0.346,0.299,93,0,-0.2,0,0.1
524,Kahlil Watson,CLE,11,45,1,5,5,1,8.00%,30.70%,0.148,0.281,0.21,0.28,0.358,0.281,79,0,-1.1,0.2,0.1
525,Rhylan Thomas,SEA,11,46,1,5,4,1,6.50%,10.40%,0.089,0.284,0.264,0.315,0.353,0.295,94,0,-0.3,-0.6,0.1
526,Tre' Morgan,TBR,14,57,1,6,6,1,10.50%,21.10%,0.13,0.294,0.244,0.33,0.373,0.311,98,0,-0.2,-1.2,0.1
527,Shay Whitcomb,HOU,14,57,2,6,6,1,7.00%,28.50%,0.158,0.273,0.217,0.279,0.375,0.285,82,0,-1.2,-0.1,0.1
528,Willie MacIver,TEX,8,32,1,3,3,1,7.50%,26.90%,0.131,0.289,0.223,0.291,0.355,0.285,82,0,-0.7,0.6,0.1
529,Brandon Valenzuela,TOR,11,43,1,4,4,0,8.30%,26.50%,0.115,0.26,0.203,0.273,0.318,0.262,66,0,-1.8,0.9,0.1
530,James Triantos,CHC,13,52,1,5,5,2,5.50%,16.20%,0.095,0.278,0.241,0.289,0.336,0.276,76,0.1,-1.4,0.2,0.1
531,Kristian Robinson,ARI,10,41,1,4,4,1,10.20%,33.00%,0.128,0.31,0.213,0.299,0.342,0.285,80,0,-1,0.2,0.1
532,Tirso Ornelas,SDP,32,130,3,14,14,1,8.40%,21.60%,0.135,0.289,0.241,0.309,0.376,0.301,95,-0.1,-0.9,-2.9,0.1
533,Eric Wagaman,MIA,27,114,3,12,13,1,6.40%,20.30%,0.147,0.295,0.252,0.303,0.398,0.305,93,-0.2,-1.1,-2.1,0.1
534,Adrian Del Castillo,ARI,59,235,7,25,27,1,8.70%,27.40%,0.162,0.304,0.237,0.308,0.399,0.307,95,-0.4,-1.7,-5.5,0.1
535,Cooper Ingle,CLE,3,11,0,1,1,0,12.70%,20.20%,0.122,0.28,0.231,0.334,0.353,0.308,98,0,0,0.2,0.1
536,Abimelec Ortiz,TEX,15,59,2,7,7,0,8.30%,25.40%,0.18,0.271,0.228,0.298,0.407,0.307,97,-0.1,-0.3,-1.2,0.1
537,Paul McIntosh,PHI,6,23,1,2,2,0,8.80%,23.90%,0.13,0.259,0.212,0.29,0.342,0.28,76,0,-0.7,0.5,0.1
538,Blake Hunt,SDP,7,27,1,3,3,0,7.00%,26.80%,0.127,0.265,0.207,0.271,0.334,0.267,73,0,-0.9,0.6,0.1
539,Nacho Alvarez Jr.,ATL,11,43,1,4,4,1,8.70%,21.40%,0.1,0.299,0.24,0.317,0.34,0.294,86,-0.1,-0.8,-0.1,0.1
540,César Prieto,STL,9,36,1,3,3,1,4.60%,15.40%,0.105,0.287,0.253,0.294,0.358,0.286,84,0,-0.7,0.1,0.1
541,Taylor Trammell,HOU,11,46,1,5,5,1,11.00%,31.00%,0.163,0.278,0.208,0.301,0.371,0.297,90,0,-0.6,-0.5,0.1
542,A.J. Vukovich,ARI,13,51,2,6,6,0,6.90%,28.90%,0.158,0.316,0.242,0.298,0.4,0.303,92,-0.1,-0.5,-0.6,0.1
543,Jonah Bride,TEX,7,29,1,3,3,0,11.90%,24.30%,0.126,0.275,0.219,0.32,0.345,0.298,91,-0.1,-0.4,-0.1,0.1
544,Grant McCray,SFG,31,127,3,13,12,3,7.60%,30.50%,0.132,0.296,0.216,0.28,0.348,0.276,77,0.1,-3.3,-0.4,0.1
545,Heston Kjerstad,BAL,13,52,2,6,6,0,6.80%,26.30%,0.16,0.29,0.233,0.297,0.393,0.3,93,-0.1,-0.5,-0.8,0.1
546,Sterlin Thompson,COL,14,58,2,7,6,1,7.20%,23.30%,0.157,0.313,0.255,0.32,0.412,0.319,90,0,-0.7,-0.7,0.1
547,Shane McGuire,ATH,7,28,0,3,2,0,10.90%,25.00%,0.089,0.275,0.209,0.302,0.299,0.273,70,0,-1,0.6,0.1
548,Rece Hinds,CIN,15,59,2,7,8,1,5.90%,32.50%,0.194,0.304,0.231,0.282,0.425,0.304,89,0.1,-0.7,-0.7,0.1
549,Mark Canha,,38,162,3,17,16,2,8.80%,21.20%,0.119,0.289,0.238,0.32,0.357,0.301,91,-0.4,-2.1,-2.9,0.1
550,Tristan Peters,CHW,15,59,1,6,6,1,8.80%,22.70%,0.122,0.276,0.225,0.299,0.347,0.286,81,-0.1,-1.4,-0.2,0.1
551,Bryan Ramos,CHW,13,53,2,5,5,1,7.10%,24.20%,0.143,0.252,0.211,0.276,0.354,0.277,75,0,-1.5,0.2,0
552,Stuart Fairchild,CLE,13,52,1,6,5,2,7.90%,26.60%,0.136,0.29,0.225,0.296,0.362,0.29,86,0,-0.9,-0.4,0
553,Tristan Gray,BOS,12,46,1,5,5,0,6.50%,28.60%,0.163,0.283,0.221,0.278,0.385,0.287,78,-0.1,-1.3,0.1,0
554,Liover Peguero,PHI,8,33,1,3,3,1,6.40%,24.30%,0.132,0.279,0.226,0.28,0.358,0.279,75,0,-0.9,0.3,0
555,Jorge Barrosa,ARI,20,81,1,8,8,1,8.70%,23.10%,0.114,0.292,0.231,0.302,0.345,0.286,81,-0.1,-1.9,-0.3,0
556,Jose Miranda,MIN,7,29,1,3,3,0,5.80%,18.60%,0.138,0.281,0.246,0.296,0.383,0.296,88,0,-0.4,-0.1,0
557,Matthew Wood,MIL,4,17,0,2,1,0,10.30%,19.60%,0.101,0.259,0.216,0.305,0.318,0.28,78,0,-0.4,0.3,0
558,Zac Veen,COL,64,247,7,27,27,7,7.40%,22.70%,0.151,0.303,0.25,0.311,0.401,0.31,84,0.1,-4.6,-3.2,0
559,Ronny Simon,PIT,5,21,0,2,2,1,8.10%,20.50%,0.119,0.295,0.244,0.31,0.363,0.296,87,0,-0.3,0.1,0
560,Weston Wilson,PHI,13,50,2,5,5,1,9.60%,28.10%,0.156,0.275,0.216,0.296,0.372,0.293,85,0,-0.9,-0.3,0
561,Ryan Clifford,NYM,22,90,3,10,10,1,11.30%,30.10%,0.162,0.272,0.208,0.305,0.371,0.299,94,-0.1,-0.8,-1.8,0
562,Jerar Encarnacion,SFG,36,149,5,16,17,1,8.30%,32.20%,0.162,0.311,0.229,0.298,0.391,0.301,94,-0.3,-1.3,-3.2,0
563,Jose Fernandez,ARI,9,38,1,4,4,1,4.80%,22.40%,0.127,0.293,0.241,0.281,0.368,0.283,78,0,-1,0.2,0
564,John Rave,KCR,37,145,4,16,15,4,9.20%,25.80%,0.139,0.288,0.227,0.301,0.366,0.294,84,0,-2.8,-1.9,0
565,Brandon Lockridge,MIL,21,84,1,9,7,4,8.30%,26.70%,0.097,0.318,0.235,0.304,0.333,0.283,80,0.2,-1.7,-0.7,0
566,Jordan Diaz,ATH,4,15,0,2,2,0,5.80%,20.90%,0.151,0.288,0.248,0.297,0.399,0.302,90,0,-0.2,0,0
567,Kevin Newman,KCR,11,43,0,4,4,1,5.30%,17.10%,0.095,0.293,0.25,0.294,0.345,0.281,75,0,-1.2,0.1,0
568,Dairon Blanco,KCR,15,60,1,7,6,5,6.60%,24.10%,0.118,0.304,0.24,0.3,0.358,0.29,81,0.4,-0.9,-0.7,0
569,Wilmer Flores,,43,182,7,20,22,0,8.30%,18.40%,0.164,0.257,0.236,0.307,0.4,0.309,97,-0.9,-1.5,-4.2,0
570,Christian Franklin,WSN,14,55,1,6,5,1,10.90%,25.60%,0.116,0.295,0.225,0.318,0.341,0.296,88,0,-0.8,-0.7,0
571,Akil Baddoo,MIL,18,74,2,8,7,2,10.70%,29.60%,0.147,0.287,0.214,0.3,0.361,0.292,86,0.2,-1,-1,0
572,Hayden Senger,NYM,4,17,0,2,2,0,5.90%,29.60%,0.104,0.281,0.206,0.262,0.31,0.254,63,0,-0.8,0.4,0